x0,x1,x2,x3,x4,x5,x6,x7,x8,x9,x10,x11,x12,x13,x14,x15,x16,x17,x18,x19,x20,x21,x22,x23,x24,x25,x26,x27,x28,x29,x30,x31,x32,x33,x34,x35,x36,x37,x38,x39,x40,x41,x42,x43,x44,duration,event,duration_true,event_true,censoring_true
-1.1517842,-3.7105374,0.071080476,0.07062797,0.47267237,-5.3542414,-0.9698453,-0.4075231,-1.1697968,0.7293418,-1.5956367,1.6230304,7.3867836,0.92522764,-0.5198232,-1.9038978,1.2570308,2.9327307,-0.31475082,0.24591538,0.92831165,0.8277484,-21.133245,-0.41877994,-0.3550593,1.9837661,-0.43040806,-0.32749224,-0.46460384,0.88673484,0.48072374,-0.1904143,-67.353065,-0.20767254,-0.3509753,-1.2266517,-5.5789156,-0.2703059,0.043059118,-1.392405,0.78494173,-8.633008,-11.019728,-1.4042169,0.5361525,383.5125,1,12.6,1.0,77.0
-1.4084883,-2.12909,-0.6836023,0.8888296,1.5381743,-1.5036306,0.45090848,-0.35804042,-0.37734547,-0.7547286,0.24629445,2.823118,0.43327403,-0.86874425,0.57888144,0.18903176,0.51352906,3.480083,1.882975,-0.6769754,0.28032428,0.018451415,-15.731236,-0.47051102,0.32920778,-0.3942849,-0.32549745,-0.497644,1.7450837,-2.8204172,0.3854265,0.098631695,36.06567,-0.08251665,0.8461855,0.74075246,-1.6955292,-0.7586953,0.63174367,0.59336466,-1.1179454,-0.5186259,-13.011954,4.759691,-0.33720154,922.2562,1,30.3,1.0,42.6
-1.9918835,-0.95992184,0.89700705,-0.34313285,-1.17431,-0.9077291,-0.70056343,1.0867724,2.8911886,1.2517457,-4.1663723,2.8461006,4.22746,0.057682876,0.34000048,-0.061776284,0.1873094,-1.7897485,0.3632753,-0.43130398,-0.59837365,-3.4721606,11.683393,1.1683714,-1.4906142,-10.331213,-0.8526971,-0.5213327,-0.2922241,2.4382703,0.61100495,0.54142237,-18.736628,1.0051501,0.57389724,-1.2220718,0.6290092,6.383533e-05,1.0067786,2.2610006,1.6115738,-5.7666116,0.18237272,0.48510516,-0.29728597,593.53125,1,19.5,1.0,56.6
3.0390835,0.32451212,-2.0729756,-0.03682364,-2.2290897,2.2603776,0.2971594,0.66705453,-0.16775647,-0.60602295,1.0429242,2.2660017,0.28431267,0.011807488,-0.30271834,-0.7547081,0.6127182,3.6129766,1.6465576,-0.45411974,0.09801892,2.0383642,5.0718083,-0.2940039,-0.055743884,12.3176565,1.5189532,2.4719748,-1.1865959,2.3547845,0.92371297,0.09476341,11.308496,0.15410578,0.28048646,0.20858881,-5.884815,-0.83511686,0.28027844,-2.9199677,0.032192823,-11.248635,-16.325167,5.3458366,-0.47275972,3043.75,0,100.0,0.0,100.0
-0.2104463,-0.09248312,-1.1334907,0.6016957,0.50198513,4.7884088,-0.03592631,-0.7500674,-0.66178286,0.94259113,1.4727037,-0.18788522,-0.7474726,-0.4118705,0.028951488,2.3971274,-1.0948501,-2.350556,-0.14717737,-0.08910294,-0.36355832,-1.466197,6.2598248,1.1565293,-1.6613657,-10.368964,0.24903041,3.2957897,1.9109664,-2.5680735,1.1713947,0.0014792455,-20.80056,1.1883345,0.861329,0.29968515,2.7483711,0.7965225,-1.1365961,-4.596869,0.3114188,-3.7323396,4.8331504,-4.0346823,0.20070177,1573.6188,0,100.0,0.0,51.7
-2.6362526,-12.075415,-0.07939455,0.033717517,2.955215,3.059283,0.36138305,0.94178396,2.794367,1.3451945,-1.2585394,3.1496005,5.4181323,0.31494588,0.09161879,-0.06605941,-0.81367636,-2.2956746,0.5311065,-0.670394,-1.1153952,-1.1342156,-0.38185397,-0.6972456,0.6759337,1.3059618,0.9036593,-1.4064777,-2.8082323,2.5569112,-1.2716572,0.3899754,-27.253143,1.5453736,0.86225075,-1.0125182,-0.74708503,-0.2504216,0.49425027,0.22314301,-0.18351586,4.5675373,10.530605,-2.789928,0.40362942,505.2625,1,16.6,1.0,100.0
-0.286775,-1.6536518,-0.94613767,-0.64977926,-3.1171105,3.8282006,0.363108,0.61829734,0.945836,-0.73332584,-0.9068293,-0.74485016,-3.8186285,-0.3621419,0.3697612,1.5052409,0.8621635,1.8061614,-0.43174192,0.064368576,0.36825264,7.712819,4.265351,-1.1019573,1.7398717,0.6509382,1.1154355,0.19108032,0.010077861,-1.6295608,-0.2696212,-0.88514507,-38.233223,0.3304604,0.9878819,0.29209536,3.361045,0.28957915,-0.92811143,-3.3675723,0.58170277,-1.3184534,-7.128748,0.8627478,-0.04923422,496.13123,1,16.3,1.0,27.2
-2.8651757,-2.7219603,0.71868575,-0.3404418,-2.4664698,0.07864365,-0.1005369,-0.48037475,1.3675793,1.0205841,1.0010728,-0.70493907,0.9073822,0.45141783,-0.53397876,-1.2729124,0.56381166,1.2832979,-1.1755346,0.45430002,-0.20055278,1.8737682,-5.2419887,-1.0559404,1.577928,-3.026631,-0.19123177,-1.4030788,-1.1269442,1.2811621,0.67435086,0.71147835,56.415276,-0.8706612,-0.8747244,0.24190554,9.073177,0.10957394,-0.030535232,-3.7172418,-1.5457844,-2.5991528,-13.307046,0.54151154,0.51737976,1518.8313,1,49.9,1.0,50.5
3.6680944,2.5106547,-0.17918845,-0.55962235,-1.674465,3.4922404,-0.112067394,1.5653062,1.5123408,0.4303134,0.5275457,1.6474962,6.050393,0.10371054,0.22180723,-0.051762223,-1.2662815,-2.3247895,-0.03275662,0.046965744,0.401052,6.805527,18.792225,0.73895484,-0.59730214,5.975513,-0.41905054,-0.894388,1.0154508,-1.0774931,0.34903052,0.41533735,33.373844,-0.97195643,-0.879759,0.1258268,1.7335484,0.22514279,0.12287034,0.22654916,0.43337432,-7.0025387,-14.497127,2.2116456,0.016924234,337.85626,1,11.1,1.0,100.0
-1.0189309,-7.1456866,-1.7222893,-0.3731754,-3.4686146,-3.2155104,-0.2729345,-1.4444704,-1.8470976,-0.39737928,-1.3412168,0.9897987,1.5534567,0.033862006,0.37216938,0.88084483,-0.46551955,-4.8338356,-1.0237526,-0.0075442498,0.29484832,6.092484,2.1828778,-0.5339099,0.91384816,3.2929256,0.215905,-1.3023161,-0.051716592,-1.3035307,-1.6175271,-0.18914492,7.9912972,-0.6263767,-1.164165,-0.880183,-5.85635,0.06635413,0.20229885,4.573286,0.7664978,1.1497442,-1.5527581,1.353646,0.036334597,1631.45,1,53.6,1.0,93.4
-2.4430668,-4.322622,0.09782831,0.5049727,3.7534823,-0.37253648,-0.20391287,1.2546984,0.2728726,-0.6518179,0.01245133,-2.7502875,-6.801676,-0.11782813,-0.3540093,2.0774322,-1.1109872,-0.27532917,1.6060572,-0.42397115,-0.9740985,-0.84272504,12.616198,0.42957205,-0.15005656,-10.474845,0.012615154,2.7422152,-0.3243487,2.190248,-0.35087878,-0.8349929,-82.21922,-0.70243335,-1.0836793,-0.2228841,-0.4666074,-0.09436039,0.038729046,-0.6077455,0.338418,-2.4788337,1.1054329,-0.91533446,0.0019276778,511.34998,0,44.4,1.0,16.8
-0.036619395,0.54225963,-0.85951614,0.29017067,-0.5520751,1.0213476,-0.1708271,0.064092,2.4402235,1.3900772,-0.6411436,0.8214644,2.9401712,-0.37407488,0.5622905,-2.5159345,-0.099656366,-1.5454464,0.4645062,-0.016104477,-0.23420638,1.6676517,2.0465546,0.45313028,-0.48297784,-0.51637626,-0.96469986,0.4581678,0.8685065,-0.17861362,2.3903778,1.0428149,-1.9561394,1.8307704,1.1658192,-0.3656913,0.8420955,-0.27238816,1.1296451,2.7966561,-1.8571051,2.4242408,-4.207646,-1.1194733,0.47135347,1485.35,0,100.0,0.0,48.8
-2.6307738,-10.848905,-0.716663,-0.14429173,-0.4477272,-1.7516774,-0.10230412,-0.33811003,1.163313,1.0403165,0.3871809,-2.8710346,-4.5624504,-0.32451326,0.004696486,-1.7528757,0.10185093,0.48580655,1.6545979,-0.62380606,1.1066768,0.7454455,-18.645222,-1.0972856,1.4374598,15.382564,0.73544365,-2.3976483,-0.2954807,-2.1347573,-0.9026709,-0.48917672,-92.768394,0.25262305,-0.51866925,-0.7032073,-1.6633772,-0.32155335,1.2531716,4.512235,0.12517704,1.9777966,-2.0030353,-1.1474382,0.04301142,350.03125,1,11.5,1.0,100.0
-1.46236,-5.0561204,-0.40841833,-0.6631812,-1.5894927,5.749764,1.0668813,-0.7445903,-1.1702944,-1.7534446,2.9055498,-0.38001445,1.1040516,-0.53456587,0.359725,0.75328594,-1.1890596,0.7922421,0.6724329,-0.027533956,0.5601011,4.3979,7.8245864,0.15314335,0.5191443,4.8261514,0.4931365,2.3899457,-0.9847172,2.4543982,-2.8482685,-0.07455345,-2.9622362,1.377681,0.69743234,0.030313857,0.71210337,-0.16762272,0.2865874,0.46301913,-0.9835217,6.467112,5.1438875,-2.6088805,0.36293066,36.525,1,1.2,1.0,13.4
-0.941812,-4.8155403,-1.0407431,-0.5467558,-4.0788956,-2.0424004,0.00043631587,0.33634886,1.8689799,0.531503,0.6551924,0.4036054,4.0683336,0.5894566,-0.49513566,-1.705284,0.42820635,2.6947901,0.39716455,0.33194995,-0.60751903,-1.4081498,-2.8563328,-0.9425093,1.4857552,-12.348061,-0.017857943,-0.39450374,-3.1284173,3.099543,-1.5764668,-0.18916091,-72.32176,0.612404,-0.040266667,0.2116272,4.5445642,0.92696154,-1.4179914,-4.5693254,1.3319281,-4.3945007,2.1355538,0.6976385,-0.30767268,718.325,1,23.6,1.0,70.7
0.8902191,7.518152,-0.082811795,1.0060568,3.3870683,-1.7166182,-0.2605401,-0.22766045,-2.4059055,-1.2357392,0.8210916,-0.06743943,4.4251504,0.778692,-0.5441569,1.0717524,0.13438098,-1.3184506,-1.2008617,0.55884874,0.8646031,7.9470706,4.8947687,0.25140953,-1.6789854,7.0899324,0.450677,1.5612453,1.0501177,1.1006205,1.0333654,-0.3426909,-34.854126,-0.12639509,-0.16506103,0.970879,0.21903451,0.1273742,-0.7519616,-0.29332808,-1.9945672,6.5152907,2.883681,0.07760365,-0.12613006,3043.75,0,100.0,0.0,100.0
1.5416458,10.522173,0.175481,0.838058,2.5519001,2.5397525,0.22055626,1.6941401,2.1554492,0.13187376,0.030042628,1.1108235,0.6744426,-0.18113707,0.13856554,2.0163484,-0.32880124,3.9054341,1.0170797,-0.15148263,0.020470375,4.1381907,-6.7346964,-0.49431136,-0.16775613,6.054586,-0.052389417,2.158775,2.4680068,-3.1177285,1.4933093,0.31163755,-18.90544,0.6329608,0.055037037,-0.29997268,1.1502802,0.3563535,-0.52978975,-0.37911367,0.78714865,-7.7862434,-7.100894,-1.1840147,0.30955854,383.5125,0,80.0,1.0,12.6
0.64733005,8.648037,-0.48922464,0.024021575,-3.7051537,-3.4090118,-0.44314706,-0.39220116,-0.7511191,0.60195464,-0.9297731,1.1356249,-2.504247,-0.509386,0.17306839,1.0906105,0.6158763,-0.015732663,-0.8535886,0.2133971,0.8024511,-1.7191782,-17.75785,-0.7009929,0.852197,0.781483,-0.44494972,-2.0969014,-2.8475556,3.3505816,-2.2876327,-0.07692086,58.54254,0.24141556,0.8522055,0.21889529,3.045295,-0.039294723,1.0153531,1.8048432,-1.4033676,2.8131626,-5.086282,0.58329976,2.2815171e-05,2441.0874,1,80.2,1.0,100.0
-0.9388491,-9.106739,-0.27033967,-0.3865844,0.5736252,-1.0261832,-0.4889689,0.5305376,1.212566,0.6732024,2.6662183,-1.2727993,-0.12775514,-0.092512436,-0.07204183,-1.1410532,-0.93989605,-2.914602,-0.29480892,0.15516266,0.7356887,4.776372,0.9859902,-1.0368418,1.7836719,-14.46299,0.099181436,0.88147306,-2.158324,2.9303894,-1.9234616,-0.21273613,-41.518364,0.27421597,-0.681524,-0.5159983,2.6612072,0.1884042,-0.41240844,-4.97619,-2.3889925,4.8643284,0.35420907,2.2840188,-0.54722315,544.83124,1,17.9,1.0,66.2
-0.112356566,-7.0265903,-0.59443176,-0.37512073,-4.1496096,-5.450688,0.1176705,-1.4469514,0.069149315,0.38905108,0.30294508,1.3056595,0.37029716,0.3740846,-0.38163796,-0.17133355,-0.5209823,-3.7842605,-1.0067236,0.072466776,-0.8346413,-2.1565545,-4.453555,-0.17490113,0.061051566,-2.75944,-0.25838628,-1.9432064,1.5083761,-2.6573772,-2.4975946,-0.6833054,-7.9866943,-0.46714708,-0.08882751,0.5945499,1.469356,-0.15187891,0.48775157,1.1978766,-0.8349117,-4.746368,-3.816184,2.1440983,-0.57253987,575.26874,0,30.3,1.0,18.9
0.040816247,4.4776344,0.8120529,-0.76379025,-4.231577,4.736009,0.7796011,-1.5415628,-0.22093798,1.516103,0.64387876,-1.5197562,-5.392443,-0.41153023,0.26923788,-0.48553732,1.4624782,3.225416,-0.12940475,0.18484205,-0.33041412,-3.58963,-2.0670674,0.8360615,-1.5425574,2.7503383,0.9635859,-0.20453937,-0.10100482,-2.5644941,1.4253231,-0.21086963,-72.937546,-0.16234554,-0.6111378,-0.30539945,-2.2973862,0.23273386,-0.09801757,3.4722517,0.69037515,-1.3408881,-10.970716,1.3240855,0.32136533,846.1625,0,41.1,1.0,27.8
-1.3648684,3.1183019,0.32831138,-0.31731337,-3.8273509,-1.8486557,-0.40146762,-0.03046004,0.15784031,0.49213222,1.8670518,1.120831,5.4894233,0.48168695,-0.11109242,2.2133114,-0.19401124,-0.11922166,-0.8198532,0.3765818,0.34222496,-3.5809493,-10.661976,-0.17375797,0.14588217,9.381323,0.9645763,2.4076867,0.28342557,-0.52703965,0.8828114,0.6819825,101.9842,-0.16600077,0.78301716,0.23541923,2.5738826,-0.24076511,0.6858613,3.4699948,-1.5509046,8.459834,-0.84490263,3.251554,-0.038232256,301.33124,1,9.9,1.0,100.0
-1.4726919,0.621652,-0.19795793,-0.13626623,-2.7338743,2.3363457,1.1597526,-2.4250839,-1.252789,0.5246872,-1.8920636,2.5787911,2.871662,-0.5063071,0.56419975,2.2240448,-0.33779263,1.3623573,-0.9800567,0.5577001,0.33945155,-5.545379,-7.7897215,0.335538,-0.26454774,-3.665979,0.17867695,0.43262827,-1.9096152,2.1249232,-1.7489148,-0.12184617,-31.495958,1.6477691,1.086134,0.01750089,-5.2203836,-0.0963683,0.42309082,4.6846957,-1.9801936,1.0457904,0.041952904,-4.5175004,0.46152592,967.9125,0,95.8,1.0,31.8
1.1151587,1.6404934,-0.018911853,0.07992317,2.2252107,5.7438903,0.6161743,-1.3860824,-0.5243991,0.41661623,-2.3805141,0.69421136,-2.2176616,0.3363771,-0.4184381,-0.86391044,0.5186487,-2.560884,-1.6321626,0.69913274,-0.24788353,-5.56789,-6.934073,0.930996,-1.5351257,-2.3918173,-0.50104666,0.43467373,2.3634133,-3.2242086,0.8904836,0.31123307,18.192259,-0.4065013,0.16427988,0.70742095,-1.5859877,-0.5397772,0.80575645,1.662091,-0.28837147,-1.0188433,-10.393903,5.808323,-0.63864017,1199.2375,1,39.4,1.0,46.1
2.6510582,1.2431511,-0.7829158,0.31394798,2.5494444,-3.0216691,-0.6570225,1.7273549,1.5230386,0.05064471,-1.5531287,-1.0140182,-2.687739,0.036279343,-0.24867906,-2.2760391,0.8573848,1.0654315,0.28983688,0.016866155,0.30460715,-0.7791743,-13.336145,-1.0250225,1.7549721,-0.17337312,0.13515817,0.057159487,-0.32632434,2.8513918,1.8949127,0.33611336,-63.648262,1.048939,0.7103671,0.47041243,-1.7840829,-0.36972994,0.15907897,-1.5461893,1.0628914,-4.663067,-8.458626,3.2833679,-0.3801735,197.84375,0,13.6,1.0,6.5
-2.9194272,0.5031534,2.7833521,-0.62928885,-0.37302852,-3.964738,-0.24066952,-1.2907206,-3.2598574,-1.5683587,-0.8147985,-1.5986563,-6.8403916,-0.8879621,0.4096315,-1.5180417,1.3131014,3.5484705,-0.4031633,0.51666677,-0.73976326,-3.6601384,-10.924678,-0.13056733,-0.26383427,-1.1035428,-0.8158342,-2.3292818,-0.9805799,0.74365526,1.5062004,0.4136374,-0.007514871,1.4498535,0.85628575,-0.0074977903,-1.8854133,-0.75481355,0.414995,-1.6832187,-1.3507571,-2.0738509,-3.353719,0.88641346,-0.24066252,255.67499,1,8.4,1.0,100.0
-0.80718005,-6.378332,-0.5432757,-0.27411988,-3.019391,-1.2615784,-0.24824816,0.6838789,0.90994316,-0.7027584,1.6297808,-1.143131,-0.8450242,-0.14774069,0.43551904,0.104220375,-1.1556021,-3.5400453,-0.57385015,-0.17983213,1.0915626,2.6914973,4.5770116,0.8537584,-1.6486186,7.671067,0.8835244,2.7573948,1.6238108,-2.5698817,0.46887487,0.28384686,67.59543,-0.5126942,0.355339,-1.0240362,-5.454326,-0.73984843,1.1142704,3.139341,0.01737314,-1.6777959,0.06681251,1.1183673,-0.5226697,578.3125,1,19.0,1.0,53.8
-0.15652664,-0.7478154,-0.6590326,-0.11102037,1.6545238,0.2790213,-0.023662778,-0.60725397,1.0815334,0.45721462,-1.592915,-1.2798764,-1.624755,0.17621751,-0.09537366,0.69917965,-0.59020334,0.78553116,1.4786329,-0.591641,0.1282454,2.8543453,-13.231893,-1.2572646,1.7964113,-2.4016988,0.8145148,0.3380471,-2.3666346,2.0012493,0.626549,0.14685567,57.831722,-1.0497812,-0.87364596,1.3660394,4.6686344,-0.065489784,-0.31762567,-3.8991828,-2.249114,9.156306,2.2611628,-1.2324992,0.5271444,2590.2312,0,100.0,0.0,85.1
-0.26277,3.876516,-0.12852709,0.8642671,3.1120107,0.36581478,-0.18737382,-0.16392173,-1.193843,-1.6058217,-1.4971488,0.44005057,5.1097145,0.4584828,0.071111985,-0.37292612,1.3597107,0.45740032,0.7431629,-0.6639698,0.058976687,-4.9806786,7.5533953,0.13929957,1.1703075,-3.77547,-0.3739051,3.0982685,0.2031434,1.7221873,-0.8810189,-0.5323551,-21.627018,0.06725461,0.1649692,-0.30256978,-1.2205244,0.054642342,-0.14238004,1.3807138,-0.8537781,-3.939976,-3.6602519,2.9046164,-0.56129336,3043.75,0,100.0,0.0,100.0
0.6008051,0.5502335,0.8141975,-0.53168267,-2.612824,-5.6085925,-0.050765317,-1.6661739,-1.2585512,0.55525666,-0.24620458,1.0279939,4.154995,0.2906039,0.11480716,-0.47091448,0.5254285,-0.289165,-1.4024506,0.34604383,0.017172558,-1.2852136,-4.2252584,0.2779939,-1.2222081,8.1225,-0.11811711,-0.53967535,1.4883405,-3.389659,-1.9616882,-0.6188159,-65.83052,0.56695294,0.71991616,0.37452585,2.5009873,-0.03801357,0.8454629,3.3828273,-0.19683038,0.3222779,6.406376,0.12767152,0.016948625,438.3,1,14.4,1.0,100.0
-1.1181641,1.8421109,1.9492795,-0.5959694,-0.56683,-5.728653,-1.0749285,0.42929164,-0.97862023,-0.09967614,-0.5704918,-0.041738875,-4.0407114,-0.5134135,0.067651376,-0.20249599,-0.9696111,0.6770358,0.9613987,-0.060803708,0.4712382,0.053343873,0.034688152,-0.20193408,1.3835853,-2.2151914,0.36716095,-1.9696163,-2.9469402,3.2712998,-0.18812503,0.30562007,22.91074,0.20473252,-0.43212184,0.41997096,6.4334073,0.7395315,-0.96416014,-3.5826,0.2848638,2.3486967,-1.0977856,0.71270776,-0.09679641,365.25,1,12.0,1.0,100.0
0.7279858,5.7136307,1.6429169,-0.048305843,1.8563162,3.3601406,0.39799923,-1.7309679,-3.112922,-1.3281838,-3.5716643,1.1482879,-1.5209422,-0.4552009,0.38908532,-0.92067003,0.30055583,0.7897218,1.0158644,-0.41318786,-0.66404533,-6.0667186,-17.273092,-0.33674923,-0.57964915,0.9629035,0.76741505,1.9549788,-0.27895883,0.270468,-1.204895,-0.37746412,-56.190125,0.5886855,0.62978536,-0.1867789,3.8979638,0.22473298,-0.6920455,-3.3689423,-1.8959198,0.7226772,-12.620419,1.2726903,0.38155916,1698.4125,0,100.0,0.0,55.8
-2.1994338,1.4714522,2.2835798,-0.8380997,-2.1494467,2.8432336,0.123811185,0.862736,1.8484056,0.7175495,-0.3185698,-0.6746456,-1.7039162,0.3857104,-0.4365604,-0.038581986,-1.3276845,0.2501036,1.1181194,-0.07944816,-0.34156492,1.0181195,-1.3278003,0.19847344,-1.036513,-8.972794,-0.5250998,0.5573794,1.2491548,-1.7348996,0.82103103,-0.3914486,-60.940514,0.23450197,0.026357446,-0.47657982,-7.786995,-0.6799135,0.2932299,-1.1907321,-0.11969038,-7.765497,-9.975816,3.905682,-0.35966957,2581.1,0,100.0,0.0,84.8
2.6493247,11.839012,2.4072015,-0.44587895,0.3206587,-3.1403883,-0.0381295,-1.0638915,-0.16740619,0.45667586,-1.8406769,0.6118003,-1.6935766,-0.54623437,0.2276878,1.4735991,-0.12535235,1.6767839,0.8604891,-0.66815424,-0.930284,-3.511429,0.9579467,0.17961979,-0.21116167,-2.8405623,-1.4843477,-0.9869563,-0.12706512,1.7594,-1.26985,-0.4488364,-59.980316,1.2117747,1.0751429,-0.16835673,3.3113503,0.7942835,0.27554038,4.8563075,0.5580876,1.2614454,8.932787,-2.626062,0.34504494,170.45,0,9.1,1.0,5.6
-0.36114043,-1.1400647,-0.79804176,0.19586788,2.7978184,0.9129708,1.0088397,-1.4530532,0.934897,1.5588409,0.13059428,2.7112079,-1.1610466,-0.19444872,-0.23084114,-0.70416754,-0.62203205,-4.0201564,-0.92034274,0.3914613,-0.03778998,1.8671556,9.500606,0.42110512,0.22717726,1.3937908,-0.50295615,0.012261477,0.20940137,1.5672172,-0.6223346,0.24247457,-48.149296,0.49547097,0.005597124,0.53829384,-2.3113832,-0.39889503,0.09864637,-2.4554381,0.31573102,5.225732,9.022809,-2.9175866,0.18648243,1117.0563,0,100.0,0.0,36.7
1.2555671,0.14610985,0.75051475,-0.62709594,-2.4369292,7.5435405,0.08848648,1.399806,-0.99836594,-1.5282412,-0.8013715,0.955071,0.698292,0.847893,-0.5268863,1.3955269,-0.99280584,-3.0553265,-0.41400346,-0.15466064,-0.2952647,3.501966,23.452997,1.1796869,-1.2735705,5.297767,0.86286765,1.4368647,0.32531652,-1.1321748,2.5418842,0.08503481,11.813642,-1.56603,-1.1199499,1.2257339,5.4614487,0.70115733,-0.18254055,3.3044505,-0.514655,0.10365498,2.109899,1.8413159,-0.4636673,15.21875,1,0.5,1.0,100.0
-0.9583888,-1.0578264,0.39092267,-0.22254346,0.80322295,2.404292,0.06553527,-0.93288475,-1.7327862,-0.3038646,-0.91224355,0.5022437,-1.8810805,-0.43106163,0.3924368,2.6290665,0.427668,3.0391896,-0.80048245,0.50954306,0.5467861,-0.9329938,-18.596405,-0.6191807,0.14561477,9.60959,0.77413523,0.9304458,-0.6733,1.1417601,2.4333975,0.01188276,-77.00459,0.8682455,0.41070774,-0.14106572,-0.37487358,-0.12347133,0.7057343,0.6026827,-0.96985984,5.6314063,-2.7829957,1.0904162,0.26981702,2587.1875,1,85.0,1.0,100.0
-0.025134794,-0.49245682,1.1579473,0.59230703,4.0951743,-0.7045573,0.3824417,1.2489548,1.7890723,-0.19903675,1.0945313,0.50020987,-0.31278038,-0.1570955,-0.39701295,1.5254791,0.29822284,-0.11106748,-1.5518537,0.70709133,-0.8289085,-4.7926774,1.4115078,0.7714628,-1.5373191,-7.493486,-0.8295156,-1.4851166,1.2200371,-3.288132,0.77976495,0.49121878,88.18265,0.09863714,0.87658685,1.0053972,-1.7283134,-0.2851752,0.45302433,3.4896169,-1.7583039,-0.9297291,0.8659308,-1.7984313,-0.06509803,3043.75,0,100.0,0.0,100.0
-2.2316399,-12.549301,-0.69422543,0.2660918,3.7462568,3.1829302,-0.1849174,0.06089376,1.989396,1.7377526,-3.042235,1.0221956,-1.2206229,-0.104958534,0.119874306,1.7714711,-0.7289272,0.9860173,1.8036302,-0.4592077,-0.17476274,-0.755311,-23.943731,-0.3120367,-0.68627876,4.2987523,-0.035978418,-1.436954,-1.9635844,1.1231078,0.6531991,-0.667836,-64.99398,-0.40407863,-0.59490186,-0.22695804,2.6657414,0.18052277,-0.40067816,-3.8073318,-0.5624983,-3.0973687,-14.540192,5.5221343,-0.5583419,1841.4688,1,60.5,1.0,76.0
0.8658548,1.0194471,0.008854014,-0.192284,-1.8934494,2.1726975,0.41585407,-1.5688125,-0.69244534,0.2463521,-2.4471471,-0.21454296,0.8436459,0.1660371,0.083424896,-1.7149185,0.68960667,1.7569479,0.77962255,-0.115271576,1.309973,4.248834,6.3047233,-0.360298,1.7663115,7.3817925,1.25631,0.0077161877,0.36996284,-3.1285207,-1.2217578,-0.2737433,-39.936615,-0.6098734,-1.1129186,-0.12975055,-1.3003343,-0.48712134,1.1776707,2.9236467,0.8794171,1.2160139,-1.253263,6.0795403,-0.6648897,42.6125,0,19.9,1.0,1.4
-2.63343,-4.679434,-0.6564829,-0.08203895,-3.628639,-3.8000052,-0.1547657,0.024584655,1.5721737,1.8283006,-0.6603117,3.1162314,1.3873124,-0.2561017,-0.056439217,-1.0759069,-0.021230469,-1.4766881,1.5947031,-0.647392,0.42270178,-1.8692644,-3.990053,0.18248238,-0.46922207,1.0389392,0.25197837,0.7808437,1.2099043,0.26038548,-2.0405734,-0.51953673,-46.711224,-0.5291481,-0.7617338,-0.8536757,-8.061887,-0.83486915,1.269941,4.0057163,1.0857238,-0.29225352,6.8117576,0.99514824,-0.32298285,27.39375,1,0.9,1.0,51.3
2.2411864,4.8286,-0.18477063,0.8880019,3.7008321,-1.7967343,-0.22531034,1.066604,1.1600049,-0.2064686,2.7526693,-0.0702186,1.6520598,0.022250684,0.011247054,-0.22246492,0.17396942,2.3530297,0.3177688,0.27093166,0.85656124,5.1944056,2.3947074,-0.10546357,-0.8466304,11.966559,0.50935066,-3.3440957,-0.4829558,-2.1151774,-1.2596631,-0.7532492,-110.868126,0.37372234,-0.72433776,1.2207522,2.1330204,0.1741601,-0.49472988,0.39791822,0.26788324,-0.8258398,3.5210166,0.12170416,-0.035439715,423.08124,1,13.9,1.0,54.0
-3.3136463,-7.9951396,-0.29508594,0.47255105,3.1381938,0.8890655,-0.12139457,0.03229616,-0.6266872,-0.7294771,-0.768242,-0.1963968,0.29161018,-0.49960196,0.50528723,-2.145749,0.9526294,-0.8914083,-1.2183206,0.17891623,0.3975886,-4.1833787,6.513168,1.0735886,-1.0146418,3.5160854,-1.0195365,-5.0400925,-3.0701556,3.1796088,-0.514804,-0.47393516,-45.59624,-0.18465684,-0.8816713,-0.17300484,1.4528054,0.045377385,0.3543698,-1.8449149,-0.4927956,4.860284,0.6759203,0.9760244,0.31508863,1759.2875,1,57.8,1.0,100.0
-1.3778667,0.5921285,-1.2651092,0.4188795,-1.3014824,-0.31228474,-0.9684433,1.0328103,1.5751742,0.989996,-0.94134706,-0.4124609,-0.55542076,0.42675748,-0.3080302,0.45511258,0.3104603,2.3469694,0.7724115,-0.02320454,-0.76591605,-6.3555264,-2.7019377,1.0602291,-1.3381093,-6.1644807,0.056874827,-0.29374465,-1.5239339,1.4474368,0.42877036,-0.06412311,-13.466614,-0.060513403,-0.00023481644,0.07444862,6.058419,0.027836006,-0.13781314,-4.9544353,-1.2036271,0.7318328,6.013877,0.751136,-0.6075913,1031.8313,0,100.0,0.0,33.9
1.8705161,11.02155,2.1389258,-0.094233744,2.8229425,4.8150163,-0.27020764,0.7248823,-2.226556,-1.8267833,2.7524734,-1.6250639,-2.5177362,-0.22775993,-0.05172334,0.66317916,0.30637914,4.0329146,1.1090158,-0.17252241,0.0984261,1.4697348,1.8405886,0.66500366,-1.4754846,2.562409,-0.10427785,0.53846586,0.9120211,-2.247566,-2.2355177,-0.041741714,54.47724,-0.8636776,-1.2146968,-0.002760337,5.3577366,0.59786886,-1.0332215,-1.9937155,-0.41679928,5.0363317,-1.2300043,2.0855176,0.22723325,1914.5188,1,62.9,1.0,100.0
-3.003233,-6.9762506,-1.0875055,0.7454353,3.1598804,2.6488526,-0.53116626,2.276865,3.8060765,1.821032,-1.47533,-0.6180447,-2.5940268,0.59810483,-0.45806235,0.06118155,-1.2613618,0.38226387,0.18122402,0.48687282,0.19220467,0.92497766,3.3084753,-0.626976,1.236424,0.63063604,-0.019186322,2.1032515,1.4397746,-2.7249415,0.8629972,-0.65426224,-37.92333,0.37735027,0.77384585,1.0340279,3.759781,-0.27453154,0.43734533,-1.9261117,-0.2335948,-4.139437,-7.8964243,-0.5181638,0.66848475,2897.65,0,100.0,0.0,95.2
-1.3867067,-5.5289097,0.10432022,-0.1324142,2.3471363,-0.207919,0.2456655,-0.7595837,-4.053025,-1.8311862,0.5787199,-2.2969692,-4.997185,-0.935726,0.5206817,0.22772323,-0.3785498,-2.7528808,-0.21190715,0.08857592,0.6362144,-0.36252612,-12.493413,0.071568534,-0.59397453,-7.0684714,0.4564863,1.3534203,-0.11565639,-0.9781833,-0.048711278,-0.27713695,2.0170882,-0.7126542,-0.07735039,-0.17688723,3.2237935,0.14842159,-0.04310512,0.6354202,0.67532146,-5.512305,-1.392578,-0.60281795,-0.43054062,70.00625,1,2.3,1.0,42.9
2.6435597,-4.084851,-0.20543666,0.03787744,3.9076068,4.8524165,0.64378387,0.40572217,1.7396488,0.8416411,0.2769251,-2.1686566,0.10814348,-0.15697144,0.3868876,1.633028,0.54369515,4.469529,0.6994071,0.10379967,0.1362371,5.646217,-3.7429967,-0.37378567,-0.18939877,15.269923,-0.033573244,-4.187336,-2.6541975,2.696043,-1.1192272,0.032448806,39.304134,-0.23959807,-0.27949357,-0.49854374,-0.3050609,0.3490417,-0.102295704,0.7973812,0.3433427,8.961658,13.521634,-1.0593845,-0.26244238,858.3375,1,28.2,1.0,100.0
2.895287,6.7257648,-0.023653116,0.01966365,-1.8370606,-2.4952354,0.5346335,-1.0387006,1.3858787,0.84766513,1.689948,-2.7858086,-6.069007,-0.9848876,0.53970146,-0.7027173,0.9765673,-1.5668486,-0.36219588,-0.23859382,0.6406451,1.6792998,6.370048,-0.05669696,0.8065744,-3.3137882,-0.5596088,-2.4006715,-1.0354688,2.4516268,0.11753437,0.4245248,77.68196,-0.28544915,0.3724147,-0.26951182,-0.4354387,-0.31082076,0.04407693,-3.3567255,1.3250192,-3.7156267,-1.6214544,-4.132594,0.5637054,547.875,1,18.0,1.0,100.0
0.6930346,-2.1606975,-1.006315,-0.282109,-0.8155782,-2.8577425,-0.41072056,2.2940059,3.751418,1.5054132,1.7438182,0.4887723,2.8508751,0.36233976,-0.37661755,-0.41275787,1.5059644,0.43182433,-0.123200595,-0.2606188,-0.039280787,0.19738917,-17.609192,-0.17607665,-0.8987628,2.8528204,1.2277555,1.5696394,0.2860474,-0.28395712,0.0543337,-0.067362376,-45.69446,1.5280602,0.7792992,0.2286158,1.7048336,0.4173312,-1.053785,-3.3435102,1.7175518,-6.422493,-11.663777,2.1355567,0.09703789,1107.925,1,36.4,1.0,100.0
-0.029427228,0.036007773,-0.059542295,-0.006244583,-3.9044626,-3.2843442,-1.1142006,0.7345982,-0.9716824,-0.39310277,-0.32617918,-3.0594003,0.29066703,0.8338283,-0.5197297,-0.3349261,-1.3745415,-5.3853507,-0.9443804,-0.08050963,-0.3546954,-3.9653594,-11.0778885,0.6114955,-1.2702588,0.42548952,-0.102537446,-1.6950413,0.33573487,-0.14300041,0.045026947,0.76604605,131.76778,-0.03893605,0.94047683,0.79879665,-3.5734928,0.008847232,-1.3551359,-4.6843576,0.8398641,0.52149266,7.0500793,0.3752328,-0.28428322,675.7125,1,22.2,1.0,69.2
0.8654342,9.490334,2.5099607,-0.19192079,1.5435241,2.665118,0.36262426,-1.4229978,0.8015747,1.6629925,-0.066770524,-1.4592547,-2.8490832,0.19273388,-0.39091069,-0.42412183,-0.70995367,-0.68482375,-0.40429026,0.34921813,-0.24900417,-4.760215,2.1919405,0.28520656,0.6934689,9.651193,1.0238976,0.13511962,-1.729103,0.6629781,2.2802176,0.81834215,0.5479815,0.94795424,0.059650876,-0.11917445,-6.102596,0.1960565,-1.00548,-3.2631516,0.9558781,0.60310537,-0.2460788,4.238275,-0.5682675,1171.8438,0,54.7,1.0,38.5
0.0593341,2.9921365,-1.285169,0.9052583,2.6590593,1.5574414,0.06685175,1.5773095,1.9532838,-0.0002728449,-1.7544292,2.5801795,-0.6700319,0.0046188706,-0.21802056,-1.3547447,-0.050187305,-1.0635471,-0.33229303,0.3634438,0.30317402,-0.07455883,-10.921187,-0.2682855,-0.1468608,-4.8327765,-1.4127584,-2.2101345,-1.2033317,2.3101315,0.07193949,-0.58351547,2.5541809,-0.4560145,0.09094086,0.64224017,2.9558842,0.31445542,-0.59471434,0.98983365,0.6846737,0.06353772,6.011121,-2.4694958,0.67262036,3043.75,0,100.0,0.0,100.0
-0.3100487,-1.7684262,1.1820973,-0.767938,-3.067453,-7.0976105,-0.75543094,0.6903878,-1.4616085,-1.6010664,-0.2587852,2.7304146,1.2285569,0.1319678,-0.38718548,-0.101700954,-0.07876096,1.5526175,0.5883574,-0.46187034,-0.241756,-0.22083743,14.564129,-0.16656084,1.3890132,0.59279495,0.5485969,1.5989631,1.9322776,-1.473323,-0.8755395,0.1622717,49.42516,-0.77973694,-0.27972206,0.3667662,-0.2875056,-0.1567718,0.40735918,2.151559,-0.2825417,-1.2798123,-0.76607054,-3.5202265,0.3104724,91.3125,0,17.4,1.0,3.0
2.2848635,4.91237,-1.5832816,1.2176441,4.1295586,-5.116318,-0.31723636,-0.13932477,1.4293633,1.2713532,-0.37173137,0.3530987,-1.8621658,-0.95316356,0.5326094,-2.4560223,-0.05324195,-4.768635,-1.650958,0.5863827,-0.21874753,5.1516967,9.33435,-0.15749659,0.34536934,-0.6342325,-0.091830604,-2.6016304,-2.420288,2.163194,-1.9555196,-0.91610897,-56.15639,-0.18621388,0.05199714,-0.85176545,3.089043,0.38880795,-0.5875643,-4.4141974,0.8819816,-7.8185096,-13.00401,1.6476463,0.27591705,581.35626,1,19.1,1.0,100.0
0.53444874,-7.2947965,0.59199345,-0.049278427,2.5803702,3.9520733,-0.16040717,1.2984346,1.5927637,0.11353786,0.14534375,2.476004,0.11910241,-0.30125365,-0.05778214,0.047113292,0.6905181,0.20722252,-1.116636,0.69393146,0.99064887,-0.90983456,-4.20716,0.36276934,0.18641979,0.6698265,0.49786955,4.084113,1.6752343,-0.6896244,1.0069362,0.17045191,121.979866,-1.6939483,-1.006232,0.2702334,1.7755138,0.3241705,-0.96447414,-4.437035,-0.86095196,1.7695067,-4.146368,0.94685996,-0.06909894,3043.75,0,100.0,0.0,100.0
-2.9161057,-2.5752797,1.1599965,0.5137866,3.8920324,-5.57594,-0.2223708,-0.4037999,-1.0591043,-1.3944069,1.1682495,1.9388173,3.6082938,0.37905222,-0.37099424,-2.561126,1.1089112,3.0472918,1.5787787,-0.6685065,-0.3917315,-3.4735086,-5.681562,-0.041585688,0.6511568,1.4415895,0.27563995,-1.5818144,1.3308163,-2.4611685,0.6046351,-0.18771663,-34.91912,0.08820188,-0.20637202,0.5463165,1.8361723,-0.1853586,1.1711112,3.8719263,-0.3471547,-0.4943144,-3.9495976,1.6114457,-0.59862024,3043.75,0,100.0,0.0,100.0
2.0573928,-2.3100865,-1.1695137,-0.56362754,-2.6422107,0.2733722,0.043044887,0.16541809,-0.25863883,-0.20006514,0.33716947,-0.33590466,-0.21578874,-0.23838301,0.19966371,1.3628724,-0.30250573,-1.2861809,-2.1200387,0.69549066,-0.56586486,2.26846,-3.79847,-0.89328015,0.7635105,6.8414526,0.41817817,1.8879453,-0.9169426,2.649241,1.5060738,-0.10418065,-89.95605,1.4566019,1.038856,-1.0606619,-8.191773,-0.7667449,0.8503728,2.3995814,0.2814842,-8.026807,-6.3488126,-2.7540495,0.56270623,3043.75,0,100.0,0.0,100.0
-0.14670314,8.34348,1.6948982,-1.1211863,-4.015985,0.22324777,0.11105543,1.7391568,1.7483822,0.32797855,2.4548514,-1.462238,1.0769725,-0.17840421,0.32774624,-1.619551,0.8229069,1.1933717,0.19216833,-0.23873928,0.3315035,-4.741694,-22.836853,0.13704993,-1.7606356,8.6096115,1.0037365,2.657819,1.4666251,-2.3650672,-0.66436195,-0.049676858,76.05993,-0.9026594,-0.8440606,0.5874091,5.8495145,0.5525672,-0.704197,-3.9132354,0.2653841,-6.5528107,-11.576007,1.9336443,0.13085508,760.9375,1,25.0,1.0,56.5
0.45373434,0.724532,-1.9031765,0.8385359,4.024528,6.1377716,-0.07435217,2.1672988,-0.07920173,-1.6606154,0.318664,-0.33657596,-0.70967025,-0.07174051,-0.16417311,-2.3155332,1.3340296,2.642917,0.08310674,-0.061082605,0.3426285,-0.34800458,17.795786,0.28921923,0.8433299,4.477502,-0.21531604,-0.24505742,2.3987966,-2.7385147,0.7604448,0.467777,49.85004,0.1983733,-0.037821822,-0.72022206,-6.8611007,0.057011586,0.063604325,4.0683403,2.025493,-3.3987105,1.6698776,0.48478338,-0.1860267,423.08124,1,13.9,1.0,100.0
-1.6158563,3.153332,-0.09458904,-0.17492774,-2.4519532,-1.1582081,0.46796352,-0.13901544,2.704949,0.8007748,0.67350876,1.1679726,2.9650753,0.7353416,-0.453025,0.5606994,-0.59349406,-3.8809636,0.07961775,-0.45461133,0.94995534,1.6952674,-5.031926,-0.6701263,1.653724,5.416121,-0.045038484,2.3574169,1.248813,-0.50070536,1.0745114,0.12398694,18.565945,0.77097875,0.7391649,-0.5201991,1.0660383,0.7400169,-1.4196876,-4.559014,-0.43992585,-8.106115,-13.55691,4.6536093,-0.44628078,423.08124,1,13.9,1.0,100.0
1.3330921,-0.10154029,0.10452005,0.57386595,2.6435456,0.219822,0.6811095,0.44774824,0.14670397,-0.9952203,-1.5833625,2.8833532,7.444537,0.30191714,0.17662153,3.125944,-1.0395969,-2.9303172,-0.68970835,-0.15536287,-0.16307756,-7.4728794,-23.802902,-1.1524181,1.586551,-0.04560043,0.7437788,0.47747362,0.57719356,-2.961886,1.085665,0.27112508,36.598667,-0.19147436,0.4381398,-0.50968266,4.158423,-0.11446974,1.0461385,2.412287,0.20560297,-3.3101213,-9.044236,2.7551734,-0.115202844,136.96875,0,13.9,1.0,4.5
-0.1548234,-6.3778253,0.1445913,-0.021613687,1.1151112,1.9420763,0.5699379,-0.93662196,0.16713175,0.31695387,0.02819234,1.891057,5.5021954,0.11854307,0.37343118,1.8366123,-1.4068063,-5.1383133,0.32994947,-0.6925002,-0.06736667,-4.2957435,-16.029303,-0.7214081,0.92958885,11.052585,-0.5114225,-2.697756,-1.7852463,3.103087,-2.3095508,0.021558583,2.5340014,0.359938,-0.6677146,-0.9828813,1.5345653,0.570317,0.24385819,2.5675209,0.5124553,5.674547,-0.36781883,2.689175,-0.16362016,1439.6937,1,47.3,1.0,50.6
1.3901145,3.4740515,1.2995589,0.13411714,2.9155252,-3.8030858,-0.5784425,0.7515373,-0.4836584,-1.5054376,1.4988313,0.32901475,3.2995176,0.051980805,0.49312618,-1.4159552,0.2461042,-5.1179805,-1.8767582,0.5583263,0.73322266,4.4196954,6.3143888,-0.12027492,1.052257,-0.15434475,0.33277255,2.0488591,-1.025984,2.2284284,0.058557574,0.6634753,132.08044,-0.91522235,-0.20128286,-0.7093689,-4.2406206,0.21398805,-0.54357374,0.3544824,0.04939838,3.8563259,-2.2284117,0.26499307,0.44268978,1037.9187,1,34.1,1.0,100.0
-1.2802523,-10.099677,-1.311955,0.6992271,4.083899,0.5280852,-0.6182845,1.063089,0.16820805,-0.9140253,1.0827117,1.7622601,2.830055,-0.20409109,0.28922722,-2.3389783,1.553645,5.6549163,1.5606469,-0.37845534,-0.43549556,-0.5088155,-12.804871,-1.0461746,1.7055407,4.3366947,0.9741226,-0.22671774,-1.0210431,-1.3075818,-0.2016545,-0.2648162,-96.454926,1.2605,0.9072945,-0.97751206,-2.6144598,-0.1324238,0.87276495,3.1069078,-0.3081869,2.3265433,3.6289525,1.5274756,-0.5419702,678.7562,1,22.3,1.0,60.5
-2.3979163,-2.254163,-0.24896395,0.803536,2.4898863,-0.086031616,-0.52272636,-0.46383134,-3.2679758,-1.5051428,-3.6521113,-0.061176676,-0.5708957,-0.13302603,0.56240064,0.14771913,-1.3623183,-3.9539433,-0.6767535,-0.037336938,-0.7083288,-2.9359272,0.41424194,0.35284805,-1.2251518,-7.110882,-0.5364123,-1.0920802,-1.2478704,2.8659058,2.9493306,0.52585846,-42.45605,-0.30209538,-1.1302418,-0.34438848,0.71125865,0.13512044,-0.33865973,0.7001741,-0.23383717,3.1148365,11.472659,-2.5942502,0.21369977,553.9625,0,100.0,0.0,18.2
0.22763442,8.107077,1.2990968,-0.44091696,-0.6000264,1.7521005,0.27202523,-0.044455312,2.1589649,1.2484411,-3.4857879,3.0781796,3.7882183,0.30407542,-0.12644596,1.8584164,0.7023761,1.600434,0.7126517,-0.647474,-0.77762324,-5.325523,-11.118855,-0.2425606,-0.16159824,14.9915905,0.5935527,-2.5975764,-1.5868961,0.66207135,-0.4776916,0.012496062,-104.955444,1.6966004,1.1796446,-0.11778104,-0.48468205,-0.07450947,0.03988082,-2.7631464,-1.649317,3.2302084,4.1097503,-1.9226379,-0.16728422,569.1813,0,36.2,1.0,18.7
-1.1636192,1.3802007,-0.8661985,0.56795686,-0.14597128,0.37431216,0.6308656,-0.9120859,-1.1938914,0.2231627,2.6069236,0.19135024,6.8773665,0.9263936,-0.5060052,0.11387011,-0.29863152,0.38574964,1.4019037,-0.6618978,0.27890432,-0.10737977,-9.114706,-0.09935197,0.8074537,-5.0160656,-0.030316029,-1.319507,-2.5470262,2.2545063,-2.485067,-0.6392985,5.035134,-1.0927923,-0.87780833,0.43475348,1.8121384,0.92411834,-0.3370076,2.6305773,1.1812031,-2.9371984,-6.5139728,-1.7334872,0.63585716,2444.1313,1,80.3,1.0,100.0
-0.6974974,-4.2050242,0.5895197,-0.03129714,3.4898667,1.698059,0.5660076,0.0010225271,3.8498201,1.6139666,-0.5882535,-0.28092664,-2.407307,-0.37186867,-0.014081431,0.63277245,-0.6522231,1.3656807,0.21323143,0.49954697,0.0467206,-3.1973624,-15.182144,0.0024244892,-1.2585865,1.3127056,0.56274354,-1.0160829,0.6296046,-2.0105932,0.43590298,0.07294253,-4.6080127,-0.3434064,0.37923327,0.24654013,0.48935962,0.12623253,-0.64787954,-4.421611,-0.4398478,6.6214705,9.048235,1.3049607,-0.5058298,861.3812,1,28.3,1.0,100.0
1.8958334,8.802036,0.37103018,0.6004051,1.566523,-2.354097,-0.96039826,2.2011578,-0.36777976,-1.7964437,-0.17432074,1.6379243,2.6639261,0.09520862,-0.25321853,0.14406092,1.119067,2.9450417,1.0390909,-0.4791414,-0.35722384,-0.3816016,14.955294,-0.08813107,1.2974496,-13.986843,-1.0686325,-1.2585332,1.7048448,-2.8917556,-0.8982423,0.38733113,14.476106,0.75069165,0.45887625,0.7384416,-0.88230115,-0.38372952,0.14096797,-0.21927407,0.774422,-5.064142,-1.1300564,-2.7313435,0.4245278,100.44375,1,3.3,1.0,30.2
0.9907272,6.893233,1.8238841,-1.0235114,-3.9197938,0.029848946,-0.33437604,0.9615881,-2.0227215,-1.4927814,-3.8385615,3.1781557,0.31046918,-0.5936773,0.32922095,2.6931095,-1.3850551,-4.6848025,-0.580031,-0.21008976,-0.8453512,2.417474,16.299854,0.20649439,-0.25789106,3.8191829,0.7360047,2.69083,-0.20952167,2.0356002,0.12782799,0.9238987,93.3285,0.1442282,0.7820194,-0.5249259,-1.4179729,-0.18543647,-0.4100524,-4.719266,-0.15717861,-2.8300195,7.759172,-4.001125,0.34305373,2925.0437,0,100.0,0.0,96.1
-3.327825,0.28433803,2.6970272,-0.84742504,-1.6701827,6.184034,1.0351654,-1.4445959,-1.7719802,-1.0795765,0.22705255,2.2393508,2.2892146,-0.4987381,0.35524336,1.0590328,0.7001578,1.4971554,-1.6420984,0.6950977,-0.87369007,-7.5902886,-18.628433,-0.6578036,1.234569,1.9501752,0.4738308,1.9671205,0.5123262,0.16271664,0.654222,0.50476867,-2.3836389,-0.011253632,-0.6040886,0.30799028,3.1240764,-0.48120904,0.36124012,-2.3991091,-2.5236018,0.9962493,-1.4795161,-0.8374111,-0.20403843,885.73126,0,100.0,0.0,29.1
-0.8722144,9.95926,0.044285715,0.37107947,-1.078186,-0.73195916,0.07969082,0.4735384,0.7915061,-0.58272016,-1.8910683,-0.61708975,-2.0550978,0.4842542,-0.3611417,-2.4469256,-0.11002634,-0.7321882,0.9780405,-0.3658406,0.8854332,2.3481028,-11.809564,0.32284313,-1.573118,2.43687,-0.440859,-2.4128668,-2.2578516,2.7037475,-0.63797915,-0.58810854,-41.355877,0.6820678,0.32736126,0.5219615,6.9610667,0.041075658,0.77513885,2.4396172,2.0585988,-8.532654,-3.564459,-1.4931569,-0.005121062,386.55624,1,12.7,1.0,23.5
-0.079897106,-0.53983235,-0.42908588,-0.89489764,-3.461751,-5.4703746,0.09052837,-1.3553772,-1.7576517,-1.3486272,0.3040332,0.70322806,1.2954376,0.54409605,-0.18727921,1.195157,-0.08488426,0.769467,-1.0866967,0.7052983,-0.6354579,-1.1133678,-12.907943,-0.8865677,1.0272881,0.6435147,-0.06024791,0.36328775,-2.1847334,2.7732203,0.1188027,0.058099322,12.308905,-0.9498134,-0.77935743,1.5378495,3.176522,0.07233583,-0.6569519,-2.4601038,-1.1226175,8.415893,6.16079,-2.8101392,0.67154074,2325.425,0,100.0,0.0,76.4
0.60863066,-0.5267758,-0.19141306,0.103632905,2.5112271,-0.87599075,0.625476,-0.07041806,0.058458578,-0.6960798,0.48430565,0.17243421,-3.159453,-0.61623615,0.18396576,-0.03647275,-0.36092675,-0.09486985,0.7092499,-0.2303639,-0.14594966,-1.7934369,14.414139,-0.2412081,1.4798642,-7.3151774,-0.61568546,-4.170533,0.10454864,-3.0553916,0.7462354,0.37302282,21.634863,-0.6932323,-0.23997849,-1.1552503,-3.9362879,0.23335601,0.3410586,3.9602182,-0.09300144,2.3268716,-3.849821,2.4080122,-0.10563847,529.6125,1,17.4,1.0,100.0
0.65369976,0.59904385,0.09467946,-0.28664702,-4.2696776,-4.5020843,-1.0999464,1.6726459,2.2345016,1.291762,-1.6840963,-1.7788756,0.49851435,0.44442376,-0.028062548,-1.8094187,-0.07889421,-3.8168194,-1.6147486,0.6783863,0.032148942,0.9366022,15.6121,-0.06664752,1.8269802,-2.114243,-0.9051633,-3.1618629,-0.5594779,-1.7399572,-0.6022173,0.2871748,10.916364,1.1854651,1.1947907,0.8322693,4.050843,-0.16196279,0.39453772,0.120306954,-1.9020647,4.535557,-0.111758724,-0.6690957,0.28920847,301.33124,1,9.9,1.0,38.0
1.1709378,8.499005,1.585606,-0.3673664,-1.7118006,-4.3241735,0.011712447,-0.52095675,0.96694535,0.29659048,1.5887562,-3.29997,-2.899306,0.24204373,-0.25621244,0.97618127,0.3183692,3.2871122,1.2855335,-0.5189657,0.46069518,5.2533183,6.6253533,0.3375898,-0.92878187,-5.0620794,-0.47877815,-0.05706075,0.9282303,0.122659855,-1.3984554,-0.087536655,-7.6047626,0.9806997,0.36257485,-0.90173376,-4.0714555,0.21084686,-1.0714763,-4.7257385,0.8617319,-0.50776243,0.31834653,0.4897923,-0.0007962223,563.09375,0,31.9,1.0,18.5
1.8653127,-4.759133,-1.2566074,0.48618808,3.8755896,-0.04250924,-0.5627739,1.4565421,0.9764722,-0.9731986,0.32706663,0.71534985,-1.1085083,-0.4992232,0.36317644,-2.2233062,-0.26001433,-4.657911,-0.36511374,-0.39812988,-0.016940184,-1.1242042,14.149602,0.017462216,1.7906386,10.85703,0.086245656,-3.5623512,-0.46298382,-2.3024654,0.9000322,-0.017592907,82.108955,-0.8156081,-0.052732516,0.26126382,3.974107,-0.14867653,0.5632736,0.2989315,0.9817029,-2.6949916,-5.35949,1.9142045,-0.37779143,3043.75,0,100.0,0.0,100.0
1.0986818,7.6443696,1.3015224,-0.64186126,-2.4708357,-6.631248,0.15354078,-1.6645136,-1.9935355,-1.0359207,2.5218642,0.7169844,5.8280478,0.39602202,-0.052566472,-2.622565,0.017288862,-4.6530986,-1.5188369,0.31802434,0.9483368,1.4418745,2.167853,0.599058,-0.53655237,13.80236,1.4287003,1.9997526,-0.52497554,1.0801235,0.6426254,-0.44006053,-94.70934,-0.3144911,-0.81082696,-0.092861004,2.4842532,0.4726664,0.5733422,3.7640643,-0.33132872,5.5987515,1.1937249,0.845204,0.11558601,1503.6125,1,49.4,1.0,80.4
0.08201159,5.3303957,0.46414387,-0.41590443,-3.213336,1.3612074,-0.36974755,1.2997065,0.25450146,-1.3089626,-0.5903294,-0.25888935,1.3473464,-0.062140092,0.25043702,0.6473838,0.9381746,2.5326076,0.90101725,-0.5948247,-0.13354161,4.6200285,19.383505,-0.19702743,1.2035857,3.0632317,0.25532842,2.0228076,2.6775439,-3.0304348,-2.9422514,-0.761178,-108.3641,0.6982964,-0.29535684,1.2987043,-0.3109595,-0.74016917,0.8436291,2.9951282,-1.7596855,4.640999,8.726384,-4.9664106,0.4936238,596.575,0,100.0,0.0,19.6
-2.9533446,2.1912978,0.35954016,-0.15778978,-4.245916,-2.296011,0.11389223,-0.9316007,0.28027478,1.2504226,0.008429186,-1.7576748,-5.1734576,-0.10545202,-0.304385,-0.5744911,1.024508,0.9078982,0.4854545,-0.6122063,0.79408795,5.499592,10.480379,0.44742453,-0.66791594,12.462631,1.1037699,1.0136088,1.2022852,-2.2278795,-1.7568697,-0.9659742,-92.99784,-0.43557042,-0.9906931,1.4239783,0.73055595,-0.8990242,1.2660564,3.5277324,-1.11773,9.585373,5.353323,3.014552,-0.5904653,584.4,1,19.2,1.0,100.0
1.3264203,2.0659125,0.26304138,0.5984214,3.002845,2.5318246,0.5255846,0.23179601,1.1842122,-0.6073329,1.6801016,-2.0974822,-3.9399095,0.042994007,-0.3392483,1.1336658,-0.04178072,2.2726688,1.535535,-0.6209773,-0.2899607,-1.1518667,7.7576904,0.7206551,-1.4682122,-6.4858894,0.3881614,3.1304052,0.21392252,0.8662981,-1.3162496,-0.7301343,-115.49764,0.48570254,-0.49612492,-1.0218241,-5.1012483,0.14340898,-0.14662461,2.881744,-0.49814478,3.0986097,-7.804091,0.98257977,0.16037437,998.35,1,32.8,1.0,100.0
0.8617242,3.8392787,2.110443,-0.612678,-1.0050753,-5.2102084,-0.70079,0.5205624,-0.29576638,0.39742708,-2.1611025,-1.5462518,-5.7300982,-0.49851704,0.22440551,1.4880621,-0.78370893,0.42114162,0.2763343,0.19031985,-0.7064122,-5.735568,-14.319805,-0.13154282,-0.09924781,4.2003713,1.2350649,3.6916995,2.0612512,-2.5680168,2.29177,0.16318095,-97.12765,0.2049802,-0.5832146,-0.15940723,5.062438,0.5521778,-0.055123996,3.0158105,-0.4380195,-3.0844264,0.60062045,-0.6340997,-0.36752898,794.41876,1,26.1,1.0,36.8
-3.2608583,-3.9704561,1.183753,-0.16147663,0.48596883,-4.543008,-0.6847916,1.0273106,1.3733234,0.57875836,3.9942589,-1.4323148,-1.1203645,0.23892197,-0.554551,-0.058136653,1.5869312,3.669201,1.4849957,-0.5974302,0.24968043,2.5592856,9.444194,0.21761827,-1.178296,10.418925,0.80254424,0.4127873,0.90196836,-2.7356656,-0.91463363,-0.5582484,-13.550097,-0.6391441,-0.77604324,0.52893394,6.8132024,-0.036203306,-0.02388543,-2.9481635,-0.06684361,9.73285,11.337144,1.6263543,-0.6370943,867.46875,1,28.5,1.0,29.7
0.36659113,-0.65176255,0.6630078,-0.3775407,0.43604818,-5.374276,-0.31341213,0.87024677,3.9483366,1.7141706,1.9423804,-1.4261343,0.7059175,-0.27182117,0.49132052,0.1620783,-0.29318935,-2.4510834,-1.3311,0.3010064,0.28832617,-4.378087,-0.4837585,0.59186006,-0.1096982,0.41602394,0.43122125,0.74205065,-1.2773236,2.3218877,-0.653105,-0.17433226,-5.545034,0.1971236,1.038586,0.7376763,5.208415,0.28939292,0.993375,4.60278,0.21277963,-1.2087626,-11.302324,6.108497,-0.5949019,1394.0375,1,45.8,1.0,100.0
1.4397683,4.9873834,0.42387185,0.3022445,3.3554544,6.2993636,0.835995,0.07218919,2.642262,1.4337434,-0.7644579,-2.4470248,-6.581281,-0.18781891,-0.33699855,-1.6672673,1.3912603,3.4627726,-0.15102454,0.5298541,-0.31529015,0.3888626,24.632214,0.16491309,1.031637,-8.100575,-0.5276961,-2.0700142,-1.5752367,0.5543119,0.11859463,0.4869496,0.43528703,1.1015506,0.81857705,-0.49751115,-6.8265247,-0.50491,0.9581309,4.600208,1.1664935,-4.0341544,-4.149687,-2.4078703,0.3899268,194.8,1,6.4,1.0,23.5
-0.11193811,3.9041834,1.3522023,0.09275961,0.73237497,-1.7693738,-0.1404434,-1.3554368,-3.6231792,-1.7826345,-0.53971297,2.2113028,5.285246,0.5571193,-0.12100465,0.090674214,-0.08138278,-1.6018485,1.0785786,-0.39245623,0.10860886,-6.525999,-9.1456785,0.8877425,-1.7468702,-7.378998,-0.82004035,1.2918266,2.66775,-3.3599567,-0.81952953,0.061707728,-9.410628,0.3712392,0.28327233,-0.4617066,1.2423178,0.5845426,-0.55814,0.19774695,0.037473362,5.8539963,8.411645,-0.35897037,-0.05468537,280.025,1,9.2,1.0,31.9
3.590596,5.157154,1.2008461,-1.1312001,-3.275637,-0.7651177,-0.52414894,1.119406,0.8787874,0.8067751,1.5290211,-1.3076535,-2.5105686,-0.511995,0.44527286,-0.30679747,0.5298919,-1.4466503,0.52576125,-0.6043214,0.11348703,-5.2137012,-4.139394,0.1147414,0.30469465,10.079681,0.22197564,-0.47524312,1.5375563,-3.0716817,0.82409513,-0.30446613,-32.85921,0.009871742,0.6509597,-0.8503234,-1.1678946,0.5014553,-1.0686017,-3.4092762,-0.2836448,-8.786233,-6.1914306,-2.1790626,0.2667747,1524.9187,1,50.1,1.0,100.0
-0.38594544,1.7684015,0.37507182,0.78620625,3.6069994,-6.321814,-0.004808662,-1.3228356,-1.8265703,-1.428353,0.36988416,-0.5835668,1.1613432,0.6294757,-0.51679534,-2.317352,-0.056911625,-3.3308434,-0.1769909,-0.24206436,0.57836705,-1.2468898,-14.589237,-0.5682455,0.9862489,1.7478459,1.3058473,0.04506901,-1.8078794,0.42254034,0.051724043,-0.05927677,-48.577778,0.6618339,0.5419496,0.06612483,-0.1573917,0.24957709,-0.33104008,-3.050653,-0.21748082,3.2097123,11.5197115,-4.135178,0.46190703,1430.5625,1,47.0,1.0,100.0
-1.5588261,0.64192843,2.4776332,-1.0064259,-3.7221901,4.869483,-0.12702712,1.585199,3.2193613,1.5547005,0.61303765,-1.7787561,0.046858143,-0.045004934,-0.0033806637,1.132114,-0.08184149,-0.12904042,-0.6031098,0.33582142,1.1371223,8.434549,8.818798,-0.71482617,1.2899728,0.18432985,1.2626053,4.551875,2.4340348,-1.8244216,-0.75209314,-0.6012385,-34.712803,0.08968166,-0.2623327,0.002062018,-7.1446905,0.22644009,-1.029971,-2.1812356,-1.7929384,9.524525,7.368822,2.035536,-0.37910333,690.9313,1,22.7,1.0,64.8
-2.382191,-1.5975183,-0.8963164,0.328857,-0.60946745,-5.6039057,0.06651654,0.06292881,1.6027943,0.39033931,2.9002514,-0.61064374,-1.4317741,-0.21404065,-0.11759512,-0.17187041,1.2743037,-0.35955408,-0.92147505,0.16988486,-0.20984572,-0.2792654,16.38749,-0.20266393,1.3885659,-0.55820245,-0.5793206,1.5161304,-0.022502454,2.6190894,-0.53439325,-0.46507114,-14.187695,0.14863247,1.114262,-1.0044751,-4.8533487,0.2964946,-1.2484092,-4.3961577,1.1800158,-1.3525621,-10.138636,1.4688737,0.37347808,155.23125,1,5.1,1.0,100.0
-3.6853745,-3.5413356,0.43688577,0.6382052,3.3662512,-5.772899,-0.8446302,1.8535473,2.6698554,1.0940634,-3.7297974,3.620553,-0.013918182,-0.10678269,-0.37268388,-0.3379667,-0.28684914,0.22088878,1.1068467,-0.30727887,0.7229992,1.0844991,-13.818838,-0.30992723,-0.068087876,6.523303,-0.20630035,1.0592686,2.0514848,-1.8003827,-0.9700649,-0.8116333,-62.873463,-0.5119829,-0.74800575,0.33633405,4.6258483,0.29517382,0.21475944,0.108280286,1.2997413,-8.343709,-4.266386,0.0070874915,-0.3378818,553.9625,1,18.2,1.0,62.6
-1.1130394,6.7322774,1.039032,0.049204275,-0.4718317,5.531145,0.9985944,-1.5713801,-0.77504855,0.18581516,0.040198844,-1.4253504,0.48355186,-0.3411973,0.478203,-3.1996655,0.63657486,-3.7561986,-1.540835,0.28451964,0.5355961,1.4966962,3.8705325,0.4176281,-0.22739577,-0.7419244,-0.2029194,-3.3095713,0.30603328,-1.6360551,0.60599375,0.14502284,29.50321,0.5122044,1.1197863,0.66157657,5.6081243,0.691065,0.14295502,3.5021698,0.2895082,-1.6471518,-4.264726,-0.5124886,0.15302192,590.4875,1,19.4,1.0,100.0
-2.073365,-5.1830196,0.22436251,-0.5933581,-0.5832494,-2.906567,0.1589982,0.6045354,0.5518094,-0.90494585,2.7161496,-0.278169,0.36127692,0.11373858,-0.3605152,0.94556344,0.42978337,-0.72479534,-1.732963,0.63351816,-0.11746809,-6.8180084,-2.1760736,0.7406388,-0.6253425,1.4946195,1.1810069,1.7284387,0.5326611,-1.1788336,0.25384068,0.046111252,-96.05992,0.34025568,-0.6937965,0.23150139,-0.93226945,0.119099826,0.8543385,4.4257364,-0.86989397,-3.3141418,-5.569792,-1.777962,0.24837556,1324.0312,0,94.7,1.0,43.5
0.90295786,-6.685548,-0.11336551,-0.33138654,1.3155549,1.1172374,0.57424474,-1.0830737,0.09381179,0.49139345,-1.1284271,-1.7270207,-2.0406766,0.4691682,-0.28301337,-0.15356174,-0.8850231,-2.095674,-0.04833112,0.016837431,-0.87970054,-7.080483,-19.979715,0.09002852,-0.89165086,-4.251464,0.47864437,-0.14460401,-1.142672,1.1161075,-1.8420404,-0.6410132,-49.722027,-0.5395505,-0.35289213,0.71916103,3.9387767,-0.2310669,0.06659605,-1.160452,-1.4058291,-1.4962928,2.8687994,-1.9724259,-0.2708999,538.7438,1,17.7,1.0,100.0
-0.17105426,2.7200582,1.1929175,-0.123755716,-1.3818178,3.445823,0.63671887,0.5634334,3.55564,1.7726637,-1.4654881,0.36124396,-1.0308679,0.7058556,-0.4979699,-0.80690074,0.76689,0.8365904,-1.5491387,0.5829429,0.9506362,5.349993,2.2286232,-0.54992694,0.6569972,-11.354294,-0.759887,2.4420307,1.440789,-0.09816135,0.57411367,0.0527823,111.18679,-1.0669953,-0.30656847,-0.49643588,-0.91000074,0.19613102,0.020071633,3.5421288,0.2739989,-3.7044072,-9.591949,-0.125206,0.13636008,648.3187,0,100.0,0.0,21.3
-2.624004,0.27127445,0.7522101,-0.33518744,-2.7174602,5.2461157,0.62185496,-0.25727776,-0.116571546,0.03290495,0.33224323,-1.8697392,-7.630233,-0.87544346,0.42957208,0.6595011,-0.8321459,-2.3610957,-0.10575711,0.248375,0.24704269,-0.31282824,12.809994,0.7064635,-0.8311741,-5.1495767,-0.70656055,-2.3721824,-0.6390666,-0.56921273,-2.6022472,-0.35718405,23.381733,-0.74489063,-0.88382906,-0.9018831,2.5549974,0.6530261,0.061284844,3.2595167,0.8730558,-6.262691,-0.7494957,-3.4661767,0.5096553,1552.3125,1,51.0,1.0,100.0
0.020743959,1.1954981,-0.16476966,0.65957683,0.30188367,1.0692189,0.3333408,-0.53601056,0.30182597,0.80897486,0.6674455,-3.2769465,-4.20805,-0.5463566,0.39273137,-1.640539,-0.18991268,0.38437098,0.18954809,0.42982593,-0.70848143,3.530439,16.391726,0.6963189,-1.4312437,-3.129145,-1.3075987,-4.4135995,-3.0442445,2.8475163,1.3014728,0.60747814,110.27789,-1.3909017,-0.89973694,-0.88204473,-9.248375,-0.26798904,-0.64082545,-1.9811189,-1.3434261,-0.9499343,-1.1855489,-4.571918,0.61364335,1610.1438,1,52.9,1.0,91.1
0.44909072,11.452396,2.3972957,-0.5984279,-0.12249416,1.8376019,0.14366959,1.7672595,1.6768653,0.17349775,-3.7275112,2.7352986,-1.7507396,-0.3706485,-0.108146235,1.7614336,-1.5656183,0.074293375,1.4263868,-0.2918201,0.75307816,0.7060504,-2.802311,0.1280603,-0.14508837,0.19765683,-0.1068757,1.8316393,-0.14476527,2.1177607,0.4332376,0.2919781,39.943577,-0.8402815,-0.90201914,-0.49584413,-5.0163345,-0.052961156,-0.8689569,-3.9958029,1.4177351,0.63731265,12.591611,-2.3849518,0.12501737,739.6312,1,24.3,1.0,42.0
-0.1869669,-3.221968,0.23165007,-0.25470504,2.1882093,2.7583,0.5318576,0.08509912,1.6772597,0.64489067,2.6886506,0.37198824,0.63107765,-0.7281183,0.50626487,0.14395362,-0.9644616,0.21098827,0.753183,0.009683429,-0.07106975,4.7653265,-4.5773816,-0.11019458,-1.0836194,6.686588,-0.24210998,-3.592695,-1.0577567,0.21962991,2.6619537,0.00902714,-17.746466,-0.54899997,-0.23268066,0.7616886,-2.270469,-0.3089741,0.54200435,3.4980435,-0.6236839,2.391072,10.023591,-1.8964539,0.18960467,995.3063,1,32.7,1.0,100.0
0.4861624,0.7728992,-2.3178096,0.34508595,-1.4476707,-1.911004,0.4471473,-0.12901062,3.4898012,1.552345,0.8024981,-2.6026142,-3.824599,0.2677235,-0.25431716,-0.65851307,0.03773791,-3.2367218,-1.6658099,0.39683846,-0.6401957,-2.925312,-2.508065,0.25146344,-0.87385374,-8.306322,-1.2376349,-2.7380016,1.1670793,-3.192573,-0.05463793,-0.2513334,57.213,-0.49013653,0.35080087,-0.88079405,-2.8156478,0.26741606,0.05123203,1.0292175,-1.6948365,3.2146351,-11.67131,1.6259259,0.34301862,57.83125,1,1.9,1.0,64.3
-1.3159335,-1.980729,0.7722835,0.2829458,3.4453537,0.9921297,-0.19134176,1.1786084,-1.5050359,-1.2496154,-0.8283292,-0.030889835,-2.3663895,-0.2842807,0.23635744,1.2524681,-1.1986908,-0.9647783,0.43689474,-0.18524006,-0.19416313,-6.2173114,4.82343,0.7673384,-0.24875219,1.4919449,-1.2218565,-1.4469497,-1.030613,3.30605,-1.374555,-0.67668915,0.2830375,-0.2203574,0.24599999,0.44263098,1.399453,-0.50520134,0.016231513,-4.8786798,0.42585772,-6.8973026,-5.4811535,-0.9078715,0.06941949,426.125,0,26.1,1.0,14.0
-2.3038678,-6.5442004,-0.61161745,0.55317414,2.9788218,-6.046928,-0.34978864,-1.1102529,-2.7557583,-1.6272601,-0.061591297,0.68390346,-1.9563028,-0.43565574,0.18411586,-0.23294877,0.18019468,-3.1237545,0.19198139,-0.2747691,-0.4639137,-1.5546043,-2.2994998,-0.48904946,1.6367707,-1.4868872,0.23903774,0.5904201,-0.64421445,0.7752144,2.1735063,-0.27957013,-29.576426,0.32925543,1.0784388,0.47597522,4.6442213,-0.08215829,0.9615581,4.782445,-0.81671995,-6.047058,-0.087983884,-0.2758674,-0.56953573,1077.4875,1,35.4,1.0,79.9
1.4765096,10.521515,1.6390847,-0.31093028,-0.47485235,4.7210836,-0.2906225,0.60547733,1.0994456,1.3266077,-0.6891091,0.08616078,-5.0670543,-0.03898065,-0.3470401,-0.88687146,-0.13716795,-0.37197965,0.8851239,-0.67521435,0.969097,3.3428006,-7.4190145,-0.46643692,0.35500595,16.434954,0.22203012,-4.2214017,-0.4323211,-2.4582663,-0.67954534,-0.33122933,34.922733,0.17830724,1.0294768,-0.36921254,-0.41791883,0.7223062,-0.4764841,0.9987355,1.2457598,-3.7380736,-5.487274,-3.4914875,0.67361146,88.26875,1,2.9,1.0,100.0
-1.5835376,1.3681822,2.337775,-1.1119007,-4.141986,-7.056745,-0.23651518,0.46447217,2.9109278,0.8310833,2.657864,0.018073032,-0.94965744,0.1487684,-0.49803686,0.634706,-0.35239172,0.7628276,0.4448798,0.1375206,0.5404951,0.844109,2.9536338,0.77538794,-1.7780712,8.602136,0.64702255,2.736945,2.6417372,-2.1162493,-0.043235883,0.7537823,38.401012,-0.22791253,-0.35349673,0.32185674,-2.0217512,0.21318805,-1.1392478,-4.061488,0.08366834,-4.468259,-4.2078032,-0.84392625,0.41839635,1004.4375,1,33.0,1.0,100.0
3.7958534,13.750417,2.3557928,-0.33645847,0.10466256,0.1208197,-0.3083373,-0.039347745,-1.5762844,-0.5125757,-0.32546785,-2.2504387,-3.3132234,-0.30047348,0.34845805,1.1789011,-0.09634733,1.7165896,0.83850056,-0.11348819,-0.02767451,-0.2960821,-4.9476037,0.017627845,-0.63901055,-11.449149,0.3506224,3.3190556,-0.39450318,1.9124635,-0.32172227,-0.89956385,-40.864048,-1.0437633,-1.1818255,0.23874758,0.21079089,0.6306201,-0.5051439,0.011479393,-1.2189277,6.1235204,11.541633,0.04102973,-0.3101683,1692.325,1,55.6,1.0,100.0
-0.17609951,1.7153277,-0.11595355,0.072323926,2.5562618,0.4749216,-0.40337312,1.0430559,-0.2860234,-1.21962,-1.3551495,2.6763597,0.002212967,0.25639603,-0.5686711,2.8495693,-0.012309475,1.4974147,0.21101806,-0.2778518,-0.46166548,4.7218947,9.184835,0.1854997,-0.73396534,-5.709808,-0.57126707,3.49362,1.5417976,0.19988675,-1.2129608,-0.6361915,-78.532486,0.19169928,0.1461687,1.0135009,-0.25787148,-0.6161051,0.5151774,2.0212808,0.012313805,1.1277769,9.4929495,1.7730241,-0.5657127,3043.75,0,100.0,0.0,100.0
-2.3395314,-4.6998262,-0.17681453,0.067171045,0.8163875,0.094478294,0.17682111,-0.17328833,1.6260749,0.22633389,-0.21608514,-0.568155,-5.0397463,-0.60241747,0.52658844,-0.94463164,1.0231907,3.3137696,0.62977004,-0.15397105,-0.20216778,0.5099892,8.503359,-0.04692765,1.2042079,4.67138,0.9030373,-1.0503355,-0.72616935,-0.4452623,0.09847304,0.17837113,-4.421972,0.76394796,0.36053085,-0.104233675,-0.7430604,0.43772447,-0.7514619,-4.6685205,1.2377177,-7.139089,-10.635663,4.0403104,-0.5641301,998.35,1,32.8,1.0,100.0
-1.5055153,4.259073,1.8640954,-0.73527515,-1.5153872,-3.739864,-0.8041429,0.06589904,0.65992707,1.1418943,-3.1778076,2.4362228,4.130632,0.5320464,-0.18118711,-1.8738446,0.50493926,1.8210669,0.6286314,0.13350213,0.6626667,7.2311015,12.145873,-0.29948732,0.64596903,1.2147541,-0.12479937,-0.40475795,0.26511213,-1.3903993,-1.8895836,-0.9480681,-8.705993,-0.7478878,0.025412044,0.22434756,2.968103,0.056270175,1.3639961,4.7224646,-0.93868476,7.561088,7.4163465,-3.2396944,0.58797115,2191.5,1,72.0,1.0,100.0
2.0469496,11.700312,2.419578,-0.28680104,1.1857934,-4.499199,-0.79996395,0.72612286,0.031798184,0.81322634,0.2532428,0.55520976,-0.053943854,-0.14777514,-0.41241008,2.2173789,-0.31541854,-1.7592282,-0.9446997,0.24390137,0.4654183,1.47449,16.633902,-0.17274918,1.3891771,-14.404696,-1.0716954,0.2109757,1.7054714,-1.5381985,-0.39418715,-0.083354086,10.233524,0.017710928,-0.49293315,-0.3212213,-0.33603275,-0.31480074,-0.5831992,-3.7529292,0.60755914,-3.926037,-7.7574916,3.5059147,-0.34728688,675.7125,1,22.2,1.0,58.7
0.1874804,9.393887,-0.8433536,-0.004748329,-3.7078085,4.39886,0.25503471,1.4425159,2.0348885,0.42791232,1.4472034,-0.58577794,2.5215516,0.2960837,-0.1895739,0.2871243,-0.5039409,1.7239183,1.5418788,-0.3777883,0.29656494,-0.30581692,-6.6752324,0.2998776,-1.1718545,-2.6707098,-0.03187062,-0.54670465,-0.70744985,2.0919333,-0.27948245,-0.7271111,-0.09273237,-0.087326504,0.49117354,-0.18849336,-4.5220323,-0.36621156,0.1721282,0.57674414,-0.0675408,-5.887376,-1.4619268,-1.5320938,0.35818473,216.10625,0,100.0,0.0,7.1
2.377549,3.4201832,1.0446229,-1.0686029,-3.910815,1.6624987,0.37616992,0.7045083,1.643864,0.96899766,-0.67220557,3.2518897,3.3363664,0.50532514,-0.55622643,0.38608208,0.0767231,-1.1700616,-0.94623375,0.5266049,-0.21059014,2.2667615,-4.9288745,0.039944123,-1.3405786,-0.7308232,-1.0383339,-3.0303066,-2.446767,2.515375,1.7992074,0.0109032085,-100.146095,0.5777598,-0.43434355,-0.10062669,-3.5613074,-0.14797197,-0.24167348,0.37466967,-0.17222537,-9.698859,-3.0392976,-4.000526,0.47205284,307.41876,0,100.0,0.0,10.1
1.7835376,0.7032759,-1.9845916,-0.13892002,-3.1269395,-0.25199515,-0.40785024,-0.0010096643,-0.81664276,-1.1130558,-2.230449,3.2606308,5.819972,0.33667946,0.0016944519,-0.046581402,-0.2494053,1.1160743,-0.2178184,0.3802013,-0.114371665,-3.087528,-9.212859,-0.8257504,1.4985949,2.2666197,1.0667055,-0.042330462,0.2403466,-2.026015,-0.09479717,0.00083873287,123.356674,-0.113946706,0.76207423,-0.5065347,2.1101162,0.46779603,0.2705462,4.8977265,-0.5915235,5.760504,13.724194,0.17159581,-0.66292644,27.39375,0,100.0,0.0,0.9
-1.0284809,2.2350857,2.5863135,-0.07617998,2.926255,1.5463091,0.3953251,-0.4471504,1.5437888,1.3966881,2.833078,-3.0621798,-1.634518,0.06280129,0.012346896,1.7098237,-0.83507746,-0.41544095,0.52705777,-0.05203226,0.035101563,2.0336983,1.556847,0.06659264,-0.8770149,-0.6752555,-0.13022962,2.1231067,-0.6661855,2.0524743,-0.45672256,-0.1753652,111.706474,-0.6356633,0.3120619,-0.94174767,2.86207,0.86983275,-0.29478887,2.8277771,1.7047365,-4.461676,-0.20271824,-2.599231,0.45117542,721.3688,1,23.7,1.0,97.4
-1.7377717,-14.3185625,-0.62807393,-0.7664677,-2.48029,-7.1405053,-0.24493563,-0.3053431,-0.5855163,-0.6307734,-0.8306423,0.27976325,-1.7787516,0.5410255,-0.39590284,-0.07699,-0.6117557,-1.4261969,0.5523011,-0.47345412,0.30958146,0.6798711,-6.4359555,-0.9394976,1.1838859,-11.734346,-0.46023804,0.26926798,-1.1237752,1.5280449,0.66595644,0.6274912,45.838604,0.0438097,0.28192124,0.21748571,6.0201325,0.005327068,0.20286167,-2.7763932,2.0108657,-3.3494434,7.7226763,0.6699897,-0.64548224,267.85,0,54.5,1.0,8.8
-1.5798306,0.47001728,0.533533,-0.51387507,-2.6838055,-1.726892,0.4241347,-0.84332865,-1.9540716,-1.4808306,-2.8166316,0.5572481,0.978627,0.3111767,0.13110371,0.8841192,0.031236706,1.158377,0.5120251,-0.28545678,-1.1941221,-6.064925,0.3118685,-0.07753777,0.98592997,-1.2040076,0.0056982976,0.6890342,-0.9605004,1.4052696,-1.9933565,-0.21262649,-34.800877,-0.05530793,-0.6934652,-0.6515754,-5.5621247,-0.8326163,0.6395517,1.061619,0.1863943,-9.058264,-6.5746474,-2.283109,0.5814813,383.5125,1,12.6,1.0,100.0
-2.3074257,-6.215147,-1.010323,0.59657305,2.4430363,6.69704,0.84214026,-0.3375128,2.209984,1.7614875,3.3309758,0.16051166,4.95764,0.6221272,-0.39989176,-1.7417356,-0.39442325,-0.8781799,-0.3722601,0.40178028,-0.2065988,-3.2674298,13.110554,0.28282997,0.72599983,-2.8231401,0.23874597,2.3715315,-1.5167426,2.830872,0.20920894,0.69073725,66.18814,-0.06862048,0.35921657,0.024834666,-3.8905168,-0.44861048,0.37415794,0.5821938,0.269555,3.6089783,3.3764725,0.24280661,0.18748611,9.13125,1,0.3,1.0,81.7
-0.92384547,-1.014776,0.5815277,0.22215548,3.2405417,-2.6113975,-0.935497,0.47932142,-2.330762,-1.0934712,1.3687748,2.3120954,0.53640884,-0.16480778,-0.2640989,0.35351062,0.70329136,2.7152562,-0.0061383722,0.47631678,-0.15900776,-5.2711654,-5.2745247,-0.15230279,1.3507693,7.725467,0.056255512,-2.8137918,-0.3879166,-0.19633155,0.9160645,0.2301128,-87.55762,-0.024111941,-0.86566776,0.41920564,-3.3129098,-0.9075994,0.55187714,-1.1702722,2.3564322,-10.543038,-15.223149,2.693171,0.03824896,161.31876,0,18.1,1.0,5.3
-0.61134726,-4.5474195,1.0807647,-0.6899595,-0.90855795,-0.66689193,-0.8815793,1.052695,1.6021599,1.19361,0.11482895,0.9441248,-2.2399776,-0.08317161,0.06414416,0.30441615,-0.46444687,-2.3654416,-1.069196,0.5980485,-0.020247275,-2.5829294,16.272116,0.4732869,0.09555219,-3.9229097,-0.2659022,-2.8747895,-2.7031233,2.755763,0.27566087,-0.32693675,63.39693,-1.6323622,-1.0681195,-0.2564498,-6.164297,-0.34101206,0.56675255,4.390409,-0.8666009,3.8875787,-1.8275024,-1.0114111,0.51821584,66.9625,1,2.2,1.0,83.5
-2.2883487,-0.93663067,0.4822161,0.7276397,4.241471,4.370108,0.842971,-0.017673977,-0.4954863,-1.30485,-0.63439286,2.7138557,0.26517382,-0.23561904,0.13864222,2.3631403,-0.619925,1.8375616,0.6950491,0.013095926,-0.62287295,-4.1309824,-16.311653,-0.544993,0.020209564,-7.173297,0.6372723,2.2486448,-0.5204871,0.69583356,2.2835224,0.35057572,-58.02092,0.2134528,-0.3091969,0.039209947,3.0328662,-0.11177671,0.62051547,1.851776,1.700115,-6.07337,-8.304171,-0.4866112,0.44804668,654.40625,0,94.6,1.0,21.5
0.01886147,7.9038887,-0.54608417,0.6794236,1.5586774,-2.2664878,0.26824376,-1.3607489,-2.121737,-0.63758785,0.7480208,2.8861728,0.9280964,-0.017806992,-0.33054823,-3.2816195,0.42865515,-2.1560316,-0.6218905,0.31780386,0.24503352,3.18078,0.5619329,-0.6870134,0.72102195,-14.810275,-0.24246578,2.3060827,0.86926895,-0.2942199,-0.25521415,0.11252183,64.026566,0.5443282,0.84803975,0.19906315,-0.2711474,0.005596615,-0.09577755,2.7826622,0.01621573,0.7711725,9.626254,0.20814806,-0.20236146,97.4,1,3.2,1.0,49.0
2.874926,3.6672149,0.90252084,-0.9984183,-4.0799356,-5.1389494,-0.7391213,-0.4352809,-1.8586228,-0.059098773,-0.5827523,-2.707117,-5.274972,-0.22717898,-0.17534117,-0.94014764,0.24716924,4.1172967,1.0194889,-0.076652884,0.27410245,-5.663728,-23.399416,-0.7217281,0.48601374,-0.74006486,0.72527176,2.7049603,1.8034005,-2.0285308,-0.41169223,-0.8013649,-86.83985,-0.33327335,-0.9580719,-0.047601312,-4.3231673,-0.4462344,0.68586254,2.5997918,1.450643,3.465995,4.8597145,-1.275812,0.4170097,276.98126,1,9.1,1.0,26.9
-1.7524654,0.7743179,1.2517083,-1.0541894,-3.4863622,6.199029,0.4852127,0.82720345,0.57983756,-0.40776575,2.201488,-0.7005254,-1.314978,-0.37887308,0.07834713,-0.12774718,0.9699916,1.4523579,0.4320116,-0.25657913,-0.39577207,-2.9251757,-6.220494,0.8252143,-1.3233857,7.117824,0.1947473,-0.990797,-1.7252078,3.164398,1.544233,0.5767081,71.31891,-0.85092187,-0.05648234,0.284851,-0.5184863,-0.11841365,0.7453094,2.439938,1.9728293,-3.814559,6.3980827,-1.2840052,-0.035833824,1047.05,1,34.4,1.0,100.0
0.7509757,1.5691714,-0.7186209,0.5981396,-0.016198684,-3.823857,-0.11453292,0.21404722,2.1066158,1.7597078,0.71327734,-1.1605704,-3.1170604,-0.4200892,0.5571095,-0.07089506,0.6379713,0.96532327,-0.88764834,0.12964246,0.33198404,1.7821177,-1.556806,-0.4492676,-0.46893483,5.32735,0.04204048,2.7026734,1.1222782,0.024789369,1.3960692,0.52033794,10.073608,0.74800193,1.0631111,-0.4798334,2.9152358,0.49801102,-0.63667977,-4.061681,1.3619559,3.8476636,7.909286,-3.7388377,0.67198193,2444.1313,1,80.3,1.0,100.0
2.3102906,8.799158,0.46537787,-0.037611365,-1.7125058,-3.51742,-0.5353973,1.5586512,2.0888228,-0.0155368,1.1296221,-1.3723316,1.4615456,1.0004369,-0.5373132,0.5228989,-1.5529854,-1.3599379,0.38199502,-0.09188503,0.7121355,5.8570275,5.342192,-0.3314357,0.3279902,11.534689,1.0800686,1.5743836,0.7099694,-1.8548417,1.1461353,0.4295169,-1.158535,0.8124292,0.5489093,0.31293073,2.817272,0.15057844,1.061027,3.833111,1.7956489,-5.5827417,6.096366,-2.0158474,-0.055438932,581.35626,1,19.1,1.0,76.7
-1.2519807,-4.6401625,-0.08194077,0.25714442,3.2620955,3.0264761,0.33969963,0.0047974237,0.48854485,0.29061872,-1.5887517,1.3745843,2.566794,-0.37642127,0.3276019,-1.7602184,-0.10963134,-4.076397,0.47755164,-0.51280755,0.056439493,6.905653,12.607243,0.17403333,-0.015973417,8.207264,0.6953964,1.3792119,0.29308245,-0.2743454,0.14930846,-0.6388268,-51.696266,-1.1682905,-1.1583157,0.6566579,6.5572586,-0.045004055,-0.20628636,-3.9270847,-1.0458004,-1.8626676,-7.159737,-2.104257,0.4351049,2005.8313,1,65.9,1.0,68.9
-3.4645646,-4.054565,0.33236206,-0.03949227,-1.1805539,2.3542504,0.5979719,0.5602498,3.110081,1.1812729,-2.0078993,0.8326807,0.7142611,-0.003241325,0.39503172,0.29594427,0.62897575,0.048082158,-1.3681175,0.27943,-0.5152058,-5.0049796,-6.1163244,0.025905136,0.5933973,8.575421,0.4720041,1.2637415,0.3156259,0.3985262,-1.0087448,0.082822226,38.408356,-1.3128837,-1.183537,0.3118837,7.0096536,0.77060544,-0.4941095,0.79958415,0.236093,4.496829,-1.0868486,3.8520393,-0.6530662,377.425,1,12.4,1.0,84.5
0.09970504,-0.9098211,-1.6470604,-0.24682464,-2.385787,-1.1323951,-0.0028247153,0.78691113,0.60455817,-0.6830776,-0.1330601,1.953294,-0.6790027,-0.054729573,-0.36944425,-0.7651356,0.8585035,-0.05950653,-0.21835308,0.18166956,0.70503765,2.76146,14.003219,0.027233317,1.6538599,3.7892005,-0.7679689,-3.9034429,-1.5988941,1.6047903,-0.28609088,0.34103823,47.02719,-0.5662607,-0.2303319,-0.43204418,3.4959464,0.53544605,0.18307921,2.2150095,0.54445577,-2.8268194,-4.817855,2.9606912,0.021780679,48.7,1,1.6,1.0,100.0
2.501826,2.7265356,-1.6476064,0.18543795,-1.3404102,-2.3109248,-0.05247875,-1.1786399,-3.2332335,-1.7542903,-1.5906038,-0.13468081,3.5932689,0.5891293,-0.118659645,2.934968,-0.03642453,-0.21364434,-1.790902,0.53772813,-0.59275883,-4.2766643,-20.367199,-0.6396417,0.9149079,2.3977172,1.507177,3.5209734,1.4420326,-1.8261671,1.7631918,0.2169218,-23.014532,0.10493943,0.091277204,-0.44914567,0.66073495,0.34850743,-0.98474586,-4.085934,0.5530758,-5.3123307,-1.3350797,-3.3451462,0.6732084,1558.4,0,100.0,0.0,51.2
1.2456058,1.9733087,1.2529602,-0.35940972,1.3853954,-2.1770494,-0.8635415,0.16622274,0.3229895,1.5682472,-0.30028644,-0.6948895,-3.2611582,-0.47423664,0.4586181,0.0923606,-0.310635,3.729122,-0.26814142,0.6256455,0.5433814,2.8014507,7.3089976,0.4922086,-0.38235158,9.099638,0.41215944,-1.2061272,-1.8713968,1.3420453,-1.3149191,-0.18453883,3.671187,-0.22965252,0.22472146,0.07312882,0.3075305,-0.4998984,0.6091473,3.0488012,-0.3775188,7.397847,-2.3839753,4.037589,-0.23853266,21.30625,1,0.7,1.0,41.7
0.098474264,1.9631937,1.0551702,0.46708813,2.5914357,-0.771555,0.36520484,-1.378355,0.17708234,0.72510517,1.2065839,1.6540966,6.7878685,0.6809536,-0.38261446,-2.2985368,0.032311723,-4.6405654,-1.4498734,0.22453451,-0.14249817,-3.332472,-24.635345,-0.52477896,-0.11779934,-1.7649112,-0.8446761,-0.46844715,1.6901429,-2.5923638,-0.064566836,0.46940106,-3.7743218,-0.46629703,-0.66480494,-0.23618232,1.7723353,-0.15333396,1.4516145,4.921894,1.445811,-0.9422804,11.210447,-6.1385164,0.6272714,97.4,1,3.2,1.0,16.4
0.38546738,1.3117708,2.3905375,-0.4755942,-0.1746154,4.4596343,0.21313243,-0.8000457,-3.3070138,-1.6185633,0.5564171,-0.3542879,1.1919872,0.14539161,0.29150656,0.32848758,-1.4176068,-6.1009994,-1.303644,0.17801148,-0.05267446,1.2546053,13.156568,0.405987,-0.53690773,-0.5487652,0.1472091,2.5660868,1.5885972,-1.1700203,-0.025148092,-0.67321193,-101.62219,-0.26930675,-0.9375016,-0.1322627,-2.7547765,-0.38103005,0.01951953,0.7804035,0.08338254,-0.12869766,-6.9898505,-2.6782894,0.53805125,185.66875,1,6.1,1.0,6.4
2.6227927,9.57112,-0.48635364,0.2932804,-1.1648417,-1.9570887,-0.07042073,0.047961045,-0.8541363,-0.29370713,-0.75301665,1.6494306,-2.8417277,-0.60758793,0.1739641,1.1399666,-1.0128956,0.8902371,1.1620114,-0.04852792,-0.8521628,-3.002754,-16.15838,-0.7820979,0.66247755,-0.30150193,0.78844476,-1.3132817,-1.3219595,0.4720894,-0.839365,-0.38892952,-45.11506,-0.29213592,-1.2081035,0.47664824,4.6579747,0.4352475,-0.58650446,-0.3996133,0.4480364,-11.052535,-5.1599994,-1.9875714,0.15042819,1610.1438,0,100.0,0.0,52.9
-2.7411165,-5.3144755,-1.4151568,0.025048198,-3.48867,-0.6829525,-0.29843664,-0.3143189,-2.4869058,-0.9794457,0.316644,0.15475456,-2.1214364,0.01560571,-0.22919737,1.289292,0.31859824,4.374865,1.4582049,-0.4923541,0.9831948,-0.08033608,3.6979804,0.50158685,0.46137697,-0.9589048,0.82597625,3.4116352,1.9181484,-2.8164408,0.055145986,0.18695869,-50.572716,0.1203308,-1.0420897,1.0085703,1.3237439,0.15220976,-1.0072935,-3.6141577,0.49649394,6.388431,9.151764,1.6203634,-0.46050087,468.7375,1,15.4,1.0,100.0
-1.4458374,-8.452461,-0.57990307,0.0265632,2.6840546,-0.58322614,-0.3859538,-1.2803423,-3.1279583,-1.3838266,-1.0801789,1.9181722,2.7656105,-0.5622329,0.5782877,-1.8956574,0.17635073,-4.337801,-1.2160226,0.12491306,1.2547525,1.2220026,-12.937536,-0.7131869,1.3935277,-5.4022484,-0.6791639,-2.794137,-1.5484716,0.48710546,-0.98133004,-0.03045671,48.14946,-1.015232,-0.0920979,0.5559645,-5.9253807,-0.15179041,-0.96002144,-3.0723407,-0.2602834,2.303228,-8.47962,0.5475524,0.36602834,532.65625,1,17.5,1.0,52.3
2.0000014,-3.175871,0.1950266,-0.16690092,2.6490011,-2.2175202,0.3379842,-1.9275672,-3.5847275,-1.3349563,1.2603546,-1.38503,-5.284362,-0.16496283,-0.27895963,-2.2250412,1.3992223,1.8839663,-0.47466782,0.044436432,0.20195732,1.4410028,0.7878719,-0.63769424,-0.009817068,8.335279,0.45477477,-0.4617303,-1.5177377,1.4060692,-0.7655964,-0.33153993,-68.1446,-0.15313461,-0.21355252,0.23347934,-1.5892515,-0.3345361,1.0897958,4.9676237,-2.2182326,10.276316,12.161071,-0.5388817,-0.16827135,70.00625,0,6.9,1.0,2.3
-1.0408262,-1.4805043,0.28279623,-0.20037806,0.62812567,-4.240883,0.5103863,-1.1824529,-0.80862474,-0.7487489,-0.27742484,0.34417072,1.6851768,-0.07074358,0.20695193,-1.5861198,-0.44311517,0.9005345,0.27116033,0.4271417,1.0228394,0.7130723,-21.862265,-0.038531248,-1.0701982,7.41617,1.427533,0.17470749,-1.2657497,-0.30121148,2.0478213,-0.2971468,-60.51894,0.0058831316,0.21531576,0.67438996,3.7853975,0.031597517,0.59934914,3.9455621,0.9567146,-8.052244,-11.145515,3.202708,-0.08334761,298.2875,0,73.3,1.0,9.8
-3.1550293,-7.4925113,-0.5625358,-0.4225856,-2.9220338,-5.047945,-0.6843502,2.0415826,1.4614633,-0.16076362,0.22691959,0.32973668,-3.818218,0.12559406,-0.32156453,-0.6247084,-0.1755606,-0.46683726,-0.06158251,-0.08599855,-0.7768997,-2.5533533,-13.403223,-0.25230488,-0.6759447,-10.322082,-1.1849886,-0.038708527,0.833121,-0.19467771,1.4902055,0.08263487,-22.842512,0.056275774,0.34074518,0.39462802,3.2688901,0.09814152,0.4102729,3.9138362,-0.37693813,0.23887967,8.502027,-3.567296,0.19474217,806.59375,1,26.5,1.0,100.0
0.16656972,-2.0456285,1.1814916,-0.67076117,-1.2698336,1.3225911,-0.58442545,1.4197816,1.4215044,1.0107734,1.8492312,-1.3856386,-4.7941785,-0.01746465,-0.41787916,-1.6757725,1.0928899,3.1430986,0.2708541,0.20750365,-0.29010415,-1.9982004,8.789943,0.6571366,-1.5306438,17.050692,1.0807922,1.1670635,-1.0430989,2.601051,1.1573906,0.6604724,68.779076,-1.3620692,-1.1337686,-0.33309412,2.8629053,0.0028027908,-0.35293043,-3.9010146,0.45373648,-2.0224373,-0.6410325,0.76284087,0.15146671,298.2875,0,17.2,1.0,9.8
-0.91883206,2.7210054,-0.23051323,0.32859042,-1.2236222,5.204629,0.69266766,-0.35270342,-1.1172543,-1.5815492,2.3832223,-0.7618697,-1.5634276,-0.57320255,0.08927618,0.8648169,-0.2356599,-2.1774817,0.34614688,-0.29345635,-0.18799543,-0.43918902,-2.9420514,-0.12067719,1.3735052,-11.244348,-1.1446854,-3.7420747,0.61871994,-3.1837676,-1.0898902,-0.50385463,-14.355281,-0.6416962,-0.71574914,0.09321995,-6.4887986,-0.7342481,0.0923912,-2.3092363,0.21101634,7.7414646,11.190122,-4.647606,0.42060193,3043.75,0,100.0,0.0,100.0
3.6664615,11.461792,0.68282115,0.09199405,-0.09091649,-1.1926023,0.024387566,-1.3616353,-1.8073093,-0.15567929,-2.6534572,2.2800384,6.7113857,0.64375085,-0.18197669,0.078597,0.6959281,-1.1977503,-1.2318869,0.47431996,-1.2286111,-3.7091734,1.9286369,-0.010588311,0.2531436,1.8818724,1.1671754,3.2692626,1.4285582,-2.0897186,0.6619637,-0.20511436,1.5386759,-0.21400853,-0.04817778,1.0237118,0.6544659,-0.57999104,0.997965,2.80954,-0.24786125,7.4206963,10.554872,-0.23896812,-0.23375961,246.54376,0,100.0,0.0,8.1
1.2736287,-1.7553222,-0.04477193,0.24088274,3.897834,3.0380094,0.530423,-1.6257275,-2.1423564,-1.215098,-1.1655304,0.2590478,-2.5222228,0.3710839,-0.37989813,-0.89785,0.39200446,2.7537131,-0.57755107,0.49598712,-0.33738154,-2.7684672,-2.6712513,0.56640685,-0.92585766,-2.0394974,1.1965007,0.69822353,-2.150504,2.9707768,-0.017477175,-0.058219567,-7.2567525,-1.3192798,-0.8247652,-1.1451743,0.93167067,0.7655215,-0.09330737,3.6092892,1.3054857,-7.512087,-9.797834,3.2205079,-0.40258598,639.1875,1,21.0,1.0,100.0
-1.7612358,0.41598162,-0.61903054,0.13174637,-1.3387356,-3.4160824,0.551983,-1.0797956,-1.7090799,-1.4325631,1.0968091,-2.354355,2.1674964,-0.10884106,0.5755405,-1.9545611,1.1730629,0.3140631,-0.43768638,0.13748874,0.5094322,6.2134004,3.2918043,-0.50142854,0.55700296,-4.2275176,-1.1003994,0.99053633,0.037644967,2.2878404,-0.59480745,0.209381,87.62951,-1.5359176,-1.0135027,0.3567174,0.6634363,0.07206967,-0.049043257,-2.087197,2.551336,-2.2162862,10.215718,-1.1047164,-0.20138776,1153.5813,1,37.9,1.0,100.0
3.622175,7.5599732,0.54055214,0.17174487,2.006719,-0.7521501,-0.44776204,-0.5880696,-2.0369835,-1.1184787,-0.8376265,3.9818368,4.099992,0.3862399,-0.41938528,2.37033,0.44648919,0.13035257,-0.40567705,-0.2790418,-0.089402236,-2.4149578,-12.309715,-0.7925151,0.3146216,7.807138,0.5063458,2.2874434,2.118189,-3.3111584,0.21474715,0.47734955,-23.52899,0.5056371,0.16788045,0.19729881,0.16227788,-0.2809582,0.65618205,2.463185,0.039068203,-3.7902727,-0.75874364,-2.3672342,0.28775012,88.26875,1,2.9,1.0,86.1
-2.4912453,-5.037327,0.6510606,-0.26264742,-0.15547146,-1.2944863,-0.8006823,0.89296806,2.1997669,1.5009066,-0.23439352,-0.27945447,-2.1966958,-0.20724286,0.49260396,1.9378157,-1.0012481,-5.4562573,-0.8815828,-0.136354,0.4059628,4.598268,22.769407,0.9961045,-1.270049,-9.658634,-0.88534296,-2.853489,-1.9884593,1.748012,-1.5006758,-0.4637252,-7.6433663,-0.57166123,-0.041707672,-0.37471035,-0.85065717,-0.33705747,1.0392005,3.1040459,0.14232568,6.7516074,7.5574627,-3.5389636,0.57491285,15.21875,1,0.5,1.0,5.6
-0.9661825,4.8001695,1.8855433,-0.7503955,-3.1588845,4.7021346,0.20815033,1.3203523,-0.025753995,-0.81073457,0.40588033,2.2712762,3.086254,0.014839872,0.20603757,-0.7991533,0.4735669,0.99983466,0.3173644,-0.23456147,-0.6753329,-1.3191048,12.566957,0.6286357,-1.1587567,1.7802771,0.102310956,1.5162137,-1.0886557,2.0108678,-0.42173317,0.11411068,7.7336783,0.5686629,0.89654857,0.61983407,8.104381,0.566062,-0.03710674,1.0503305,0.5117258,-2.8490133,-6.4050775,4.3103456,-0.36287916,9.13125,1,0.3,1.0,46.2
-1.3822868,-5.4707923,0.64309233,-0.847362,-2.5997531,4.1569514,0.07801552,-0.037370294,0.6877125,1.784069,2.7976937,-0.33761007,5.640012,0.79614013,-0.52678555,2.7749085,-0.31534642,0.9925093,-0.118590064,0.11934335,-0.059648555,-0.20182335,6.992717,0.53891295,0.21176302,-10.240699,-0.4429016,-0.15967168,0.8695181,-2.7180526,-0.83416504,-0.42482606,-25.78997,0.9968568,1.0573136,0.6190244,-2.2599301,-0.36156243,0.761443,3.569054,0.24293032,3.570602,-3.6559944,0.64844537,0.18922727,2133.6687,1,70.1,1.0,100.0
-2.128564,0.31554708,-0.78463024,0.058011383,-2.6615388,-1.017599,0.5734436,-0.5346522,1.9792931,1.4468756,2.9845064,0.017252315,6.526748,0.77984315,-0.35900936,0.19340435,1.5022558,4.205533,1.0106823,-0.3880487,1.3221508,1.7787175,-17.425808,-0.6455098,0.5233871,9.309038,-0.036238167,-2.93627,0.19842203,-3.323961,-1.3320982,0.14460436,69.01967,-0.9465393,-1.1158993,1.2800555,-0.56551474,-0.7755131,0.8583362,2.1090858,-1.9607184,6.598196,-2.371293,3.1896021,-0.2466542,1369.6875,0,76.3,1.0,45.0
-1.2338004,-3.7928448,-0.77730644,0.91424596,3.4486349,-1.4020244,-0.36905083,1.1398367,3.0829792,1.3635491,2.9287472,-0.11149097,4.3651977,0.5037192,-0.32515892,-0.10087536,0.4475257,0.33162907,-1.1815867,0.48368368,0.3803067,-0.79399,-20.781042,-1.0554348,1.8088744,8.356851,-0.14529674,-0.49752176,0.8780151,-0.4388592,2.5534909,0.44252723,-41.03752,-0.26758504,-0.97188693,0.15288578,-7.484541,-0.62988526,-0.087680504,-1.9808813,2.1368155,-8.488051,1.5931659,-5.067533,0.38526157,544.83124,1,17.9,1.0,73.9
-3.3916323,-0.4461727,1.740318,-0.2511837,-0.5338178,0.28070775,-0.37997326,-1.0699137,-2.3121338,-0.47382662,-3.1269171,1.1516013,1.3097286,0.25853124,0.123760864,-2.074768,1.457962,2.7724633,-0.44639733,0.41261315,0.5473272,5.742921,15.016839,-0.06395876,1.3005286,11.372574,-0.20197318,0.1752024,2.660831,-2.2223415,-1.0495524,0.30470672,37.04586,0.50781786,0.22917576,0.22034416,2.5861628,0.47811458,-0.90461123,-1.8516558,-1.3532248,-0.16503888,-6.826265,0.9408909,0.027732426,2355.8625,1,77.4,1.0,100.0
0.08339362,-3.786956,0.35216525,-0.015163633,4.1343913,5.1271925,0.8583855,0.39349458,1.843245,-0.10563515,0.9137544,-0.91323286,-4.015765,0.46041822,-0.5115485,0.4664325,-0.8651878,1.7942287,1.8938614,-0.59883916,-0.86858726,-1.188019,-9.180155,-1.0192235,0.9187515,-13.710998,-0.3514083,-0.69453806,-0.7201076,0.06576803,0.94367564,-0.56692076,-25.359842,-0.6449419,-0.058394704,-0.8582942,-4.884501,0.0024378,0.6905367,4.993262,-0.4864532,-0.5009635,-2.6158342,0.62903327,0.010546199,2282.8125,1,75.0,1.0,100.0
-0.005851372,4.8708715,-0.38725477,0.8712635,2.9824307,-2.4413884,0.12289022,-0.35798126,-0.19429688,-1.0394286,1.0938652,0.7883797,6.035278,0.19461381,0.056959327,1.5490867,0.55642664,5.385734,1.3915588,-0.32163998,0.635529,-1.4791431,-9.3338585,-0.28672734,0.8339981,0.34565178,-0.5319494,2.2430308,0.5558386,0.8016431,0.107615136,0.42458475,-43.58783,1.3329276,0.5929649,0.8593649,5.436053,0.229048,0.7620472,4.2783294,-0.41068822,5.6128716,-0.29706672,0.2285184,0.07558338,21.30625,0,2.4,1.0,0.7
2.782494,1.0705365,-0.53199977,-0.08031517,0.9460231,5.2251987,-0.2659212,0.18975122,-0.61098427,0.9322525,1.219089,-1.6275389,2.0430324,0.33153963,0.17051923,-2.5070822,0.52844256,0.80209833,0.98063445,-0.13330199,0.1510594,-1.6846797,-17.260176,-0.8474332,0.4706735,2.9396718,0.17975259,0.7583639,-0.022760542,-0.12195458,0.10885381,-0.26042214,69.87801,-0.07257794,1.0619011,-0.46192166,-2.2708058,0.12566583,0.14688101,3.186263,0.44619244,-3.1831803,4.9392996,-2.4539273,0.11102765,681.8,0,100.0,0.0,22.4
1.4923545,-0.1363926,-1.7189049,1.1859636,3.6161504,1.1186099,0.7329551,-1.2521058,-2.0809195,-1.2686185,1.7945266,-2.25081,-0.74823517,0.011265025,0.00055423105,-0.20976664,0.014526498,-2.6131465,-0.45957592,0.15922198,0.27695587,0.22714001,-16.41678,0.5241189,-1.7308323,-0.9827593,-0.25159612,-2.917704,-0.57799995,-0.6100009,1.2787898,0.30474228,-30.355858,0.09273735,-1.0595642,-0.1633756,6.728763,0.61462224,-0.1113425,0.46661595,-1.0555418,6.355176,-4.902886,0.9099915,0.26119268,456.5625,0,98.7,1.0,15.0
-1.0724629,6.3673596,1.8212106,-0.45335668,-0.98572254,-1.5029545,0.17121486,-1.7884197,-0.29460388,1.3701693,-0.84848815,1.1946039,3.61853,-0.1545608,0.511588,-0.9566979,-0.094150014,-1.4621515,1.473209,-0.5768508,-0.7765419,-2.0246458,-3.666332,0.14705433,-0.5563712,8.681238,0.42094737,-1.0802206,-1.9147962,1.9332345,1.7316496,0.5244636,106.45286,-0.23342554,0.718481,0.40484092,-4.3335185,-0.54496086,0.85240394,2.7772207,-0.8487282,2.176757,3.5173328,-3.750488,0.3920368,1296.6375,1,42.6,1.0,43.9
1.3909245,13.235873,1.3294908,0.10351826,0.6256501,2.153024,1.0315722,-2.0018878,-3.606086,-1.5707233,0.32388648,1.4521694,3.5901065,0.14230415,0.08304974,0.27542883,0.065152235,1.7002848,0.7475102,-0.60772234,-0.19234593,-2.5208108,-3.6367972,-0.6615387,1.1447257,-4.6230946,-0.275809,0.30379507,0.63255936,-0.082957186,1.9838884,0.25328627,-48.58801,1.3349675,0.589333,-0.41951567,-2.0127249,0.16389813,-0.27328083,-0.6974443,0.163592,7.620111,6.2992177,-0.8711418,0.32175577,569.1813,0,30.3,1.0,18.7
-0.76115435,0.16475199,1.0984606,-0.21080135,1.0371057,-0.777541,0.26524484,1.0538903,0.24916644,-0.76919544,2.2400463,-0.13041218,2.3426049,0.46806604,-0.5196059,-0.17277479,0.33562282,0.69995826,-0.39384815,0.025162935,0.68553907,3.2465708,-8.594305,-0.9598467,1.3775606,4.1206403,0.45826453,3.7334933,0.61830235,0.7384274,-0.953317,-0.42824134,-114.745926,0.96874255,0.16167174,-0.20047547,-1.7568527,-0.7212813,0.41084382,-1.8641671,-1.7298403,8.153441,9.100862,-1.2496253,-0.008848532,39.56875,1,1.3,1.0,74.1
0.5449778,5.2072625,0.34806433,-0.74245524,-2.8077557,-0.25115922,-0.14646965,0.55331105,-0.07310011,0.99170864,-2.0130756,3.1217866,4.0258713,0.45628315,-0.51405716,-1.8585805,1.2443664,-0.22046785,-0.28922278,-0.5100768,-0.092929244,-1.6167238,-21.428225,-0.5770977,0.105636306,-9.237608,-0.20140648,1.9032605,0.8569787,0.6250185,-2.2521605,-0.4022402,27.589895,-0.33558843,-0.15542686,-0.23574984,-6.1076574,-0.34898317,-0.12192963,-1.7949681,-0.39118826,0.3608458,7.9782004,1.1146898,-0.40733945,757.89374,0,45.4,1.0,24.9
-0.75234807,-7.695825,1.2029878,-0.4206718,0.99043906,-5.2033715,0.18556745,-0.76779926,-0.6743091,-0.6387051,-1.7520977,-0.5846886,-1.5090102,0.265397,-0.3079546,1.0299796,-0.5542341,0.28389004,-1.313151,0.67163986,0.8238547,-1.4842418,-8.6260195,0.5848233,-1.4233818,-2.4962864,-0.8897936,-3.0825741,-0.41557673,-1.9493915,0.5624232,0.22868678,-28.144289,-0.23438321,-0.8304599,0.35325065,-3.4879947,-0.22113992,-0.2114655,0.31033993,-1.1967828,3.138979,3.7799013,-4.4925265,0.65596306,194.8,0,45.6,1.0,6.4
-1.1108508,-9.129821,-1.9602915,0.48971677,-0.972477,3.4417648,0.37970978,-0.38884988,-1.0734107,-0.93978345,3.3615031,-3.416103,-3.672106,0.20579372,-0.3676782,0.014415999,0.61994475,1.5795109,0.41801554,-0.4643715,-0.76368743,-4.9978995,-23.507078,-0.24551131,-0.9746914,-3.533983,0.1986011,3.7836356,0.09465572,2.2717884,0.95036733,-0.36629274,-113.72242,1.3993348,0.62999433,-0.38970232,-3.6153135,-0.7016532,0.4259796,-1.5371795,0.97416365,-3.4569283,-6.6816406,0.6157523,0.51786655,3043.75,0,100.0,0.0,100.0
-1.4466571,-6.348404,-1.0891733,0.29126483,2.2061565,6.9658546,0.20426585,0.0007091881,-3.2030375,-1.719207,2.0544858,-0.4984862,-3.1972175,-0.86843574,0.56396437,-0.28467405,1.2068881,2.3214989,1.5344751,-0.6467944,-0.03768563,-2.3588047,-6.2762113,0.36253843,-0.60194516,-8.060627,-0.042798292,-0.8100361,-0.29146823,-0.57312113,-0.18040021,-0.28433797,-13.751152,0.6784375,0.14251135,0.063831456,0.78049344,-0.40319735,-0.6443367,-4.7503037,-1.6900747,8.913732,1.420544,0.8303758,0.35786712,1509.7,1,49.6,1.0,100.0
-1.0736507,3.1182542,2.546392,-0.14527212,3.118172,5.145439,0.23735277,0.61440146,0.92868555,0.7352945,-0.73121804,-1.0194639,-0.166831,0.08778969,-0.11030707,-1.0584098,1.7540202,5.773522,0.20101888,0.50623435,0.110364154,-0.7491497,10.986882,0.46530455,-0.87687194,-7.8592453,0.041472018,2.2668035,0.073139265,1.3864329,0.06253905,-0.36517945,2.404459,0.92858565,0.93238765,-0.5155925,1.0643094,-0.1935694,0.5672568,0.7222644,0.87751716,-5.3152404,8.793476,-3.974928,0.14032528,380.46875,0,51.0,1.0,12.5
-1.7406658,-6.9967604,-2.112494,0.53231114,1.4249909,-0.15848036,0.83298975,0.42990652,2.674771,0.6698014,-0.1766483,2.2056656,-1.0952021,-0.25140634,-0.24880017,0.5670403,1.0960029,5.1689563,-0.17901863,0.58597434,-0.7283469,-4.0520406,-11.214127,-1.0960864,1.4921058,-6.2108817,0.4329535,0.028588204,-0.1362028,-0.40971968,-0.49144727,-0.1497774,-0.094139285,0.6678861,0.022343447,0.11872993,0.4575612,-0.52386683,0.49156374,-0.8029758,0.50835055,-3.9468644,-3.4695547,-1.9532872,0.6009086,566.1375,0,26.4,1.0,18.6
0.96477944,6.816332,-0.42554125,1.1438029,3.189272,-5.8195014,0.36725664,-1.812157,-0.15756243,0.5866833,-1.7384597,0.4227695,-1.1989626,0.53569657,-0.46897274,2.4495845,-0.40944558,2.9291363,1.5628405,-0.672146,-0.015213017,0.039951406,15.01608,1.0422078,-1.4314264,6.978299,1.1446973,-0.2949245,-2.5342405,3.1894276,-0.89524335,0.47694287,53.163742,-0.32501465,-0.3241187,-0.27320203,-3.4658577,-0.22005968,0.12035635,2.9432368,-1.4150746,-4.6082435,-9.807904,3.8531942,-0.659726,152.1875,1,5.0,1.0,27.1
-3.0302656,-11.832097,0.0360763,-0.6068335,-0.05476084,-3.088408,0.2493539,-1.1753786,-3.1105638,-1.7630253,1.1254722,-2.5749178,-1.2088363,-0.0068991915,0.39380032,-0.3023688,-0.66163313,2.011322,0.068042,0.3288163,-0.13230218,2.8673813,3.093391,-0.96938187,1.7515842,-9.056515,-0.85117555,-0.0032687872,-0.060716566,1.3981636,2.362799,0.62759376,65.18866,-1.0423405,-0.58394605,-0.2465273,1.8430274,0.5819033,-0.08688416,0.34883723,1.4165764,-10.144325,-8.902077,-2.421871,0.6085864,633.1,1,20.8,1.0,69.3
1.7589214,-4.1144595,-1.6090968,0.53851974,1.0620552,6.451798,0.9922381,-0.23462103,-0.73190296,-1.842872,3.5479228,-3.7576807,-1.0291389,0.13749668,0.19838987,0.39321467,-0.35679743,-1.521668,0.9584509,-0.7040952,-0.66316605,-6.109569,-6.782696,0.30128902,-0.051962096,-3.5228243,-1.3431959,-0.91296667,0.25935984,1.5761491,0.8983719,-0.07479481,9.637589,-0.105644256,0.493565,-0.6056028,2.4268682,0.9533712,-1.2668849,-3.9554029,0.06382574,6.833655,5.870724,-2.3920672,0.33197957,1345.3375,1,44.2,1.0,100.0
-0.09485429,-1.4882475,0.38049862,-0.3318006,-2.8255231,-0.69561684,0.14786193,1.3947945,1.6829072,0.40207356,-0.5032335,-0.394358,-4.0622344,-0.09175444,-0.32995617,-0.6987991,0.39107537,3.2963908,0.49179384,-0.14015332,0.44946042,1.5083328,0.04998781,-1.1312681,1.7733809,2.5889611,0.20292108,-3.5158663,-0.5337236,-1.8553404,2.2775216,-0.2093353,-24.909763,-0.9543381,-0.45807648,0.7530065,0.5043585,-0.49784338,-0.2190899,-2.6428597,-2.1470788,7.4047766,-2.9271867,2.8972764,-0.1041205,1016.61255,0,70.4,1.0,33.4
-2.1063247,-12.53878,-1.0460752,-0.642784,-3.2011619,3.8724306,0.87792027,-2.02299,-2.4147751,-0.39477685,-0.3705921,-1.2943436,0.043971326,0.42044768,-0.04030528,-1.1814548,0.061024506,-1.3156147,-0.25942546,0.11496723,0.09361486,2.066634,-6.1664996,-0.103129275,-0.7669932,-9.406048,-0.9739825,-1.4616842,0.56565857,-1.4091562,-0.5176327,-0.10870003,18.244434,-0.50002867,-1.1525623,-0.21436934,-4.9384656,0.2156969,-1.1692836,-4.981707,1.1608642,-1.5113666,-4.9934583,5.4299545,-0.44290945,1890.1687,1,62.1,1.0,100.0
0.930834,3.1980004,0.65696156,0.24054979,2.7970223,1.0281074,-0.119609706,-0.33657888,0.5834365,-0.036054067,0.3194884,1.7456114,1.4471457,-0.08094888,0.080007106,-0.46701184,-0.19411181,1.0709858,0.3991047,-0.1106472,0.25985572,-0.25389752,10.294939,0.19444767,0.12517412,1.6242473,0.55965203,1.9667752,-1.1028554,1.5459863,-0.983347,0.08530265,44.71201,-0.26828223,-0.4759843,-0.6364655,-0.4800401,0.41329765,-0.23488049,1.1412948,-0.75247,7.433829,0.2084162,1.1644195,0.009506834,1004.4375,1,33.0,1.0,100.0
3.310437,12.254167,1.8534913,-0.6047406,-2.5334232,-2.300179,-0.25647756,0.07796268,0.6944101,0.032143377,-0.8318191,0.8754842,0.7912625,0.1520293,-0.014734864,0.43700626,-1.0214493,-5.350305,-0.04761501,-0.6050577,-0.78713834,-4.9616804,-17.917332,-0.41163108,-0.2145593,-6.585477,-0.1740036,-3.48834,-1.7777644,0.44822663,-1.2543082,0.007630902,39.44703,-0.79676396,-1.0500038,-0.55254287,-4.992721,0.12732507,-1.168755,-4.173754,0.3616344,0.37490618,3.0223646,-1.8045634,0.46428934,471.78125,0,40.9,1.0,15.5
-0.92233074,-3.5633497,1.474907,-0.20588781,2.4260075,0.9064168,-0.036139566,-1.4114763,0.86807466,1.5706847,0.5786625,-1.7021466,3.0772884,0.28741872,0.07267475,-0.7371671,-0.71318626,-0.16519777,0.59536546,0.27650583,-0.87415123,-1.1209892,7.260836,-0.2896208,0.82411265,9.106641,-0.45166925,-2.6147258,-1.2221489,1.6316192,0.2764353,0.11188497,12.863255,1.132528,0.9984877,0.211932,-3.7877018,-0.39212117,-0.7447612,-5.0315523,0.5566614,-4.0800204,-8.209162,-1.6637883,0.5140559,690.9313,1,22.7,1.0,100.0
-2.4377215,-4.2487655,-1.0696225,0.04292446,-2.5615785,3.7225723,0.59195995,-0.74767256,-2.5512874,-1.1048683,-1.9159639,3.5679824,6.352989,0.055543117,0.2760931,-0.18450464,0.44527218,3.0225983,1.31301,-0.40690783,-0.30324364,5.292964,24.85318,1.0946223,-1.0709618,5.344057,-0.16050649,2.1572745,0.14332841,2.733641,1.939344,-0.21723321,-90.98946,1.3642683,1.0937434,-0.9741966,2.3967648,0.34135833,-0.17485905,-2.1871033,-1.0428282,5.2386775,-5.3021364,6.3104844,-0.6633252,57.83125,1,1.9,1.0,100.0
-1.6336511,-0.691727,0.32547605,-0.013159761,-1.2062981,-0.99841297,-0.7252261,1.5913428,2.5946012,1.0790993,2.5179408,0.8623076,0.04106186,-0.6110487,0.2416043,1.4708588,-0.16817686,3.071573,0.46689743,0.3498417,0.082254596,-2.3816807,7.1073694,0.91917825,-0.87199646,6.41565,-0.12275823,-1.2603214,-0.28560176,0.738337,-1.185124,-0.55250424,-68.69201,0.49516857,-0.37815073,0.44585368,0.2332885,0.21544085,-0.20491594,-1.587479,1.272131,-10.192432,-6.023227,-1.2905278,0.18170203,1734.9375,1,57.0,1.0,100.0
1.1086742,-1.2318597,1.4677025,-0.32703555,2.0809262,4.345284,0.14957279,0.01218017,-3.2285948,-1.4690278,-0.25225958,-0.47752178,2.6293964,0.34164238,0.1309116,-2.1451287,0.25687224,-2.7947748,-1.4193293,0.6454995,0.37275034,4.256328,-10.4050665,-1.1953868,1.5591606,-7.207431,-0.7043456,-1.6187743,-1.6643008,0.74139524,0.99918497,-0.31497616,-81.82007,1.2550108,1.0651592,1.0227429,3.2340894,-0.25192732,-0.35080802,-3.8349903,-2.4618483,0.21163811,-1.2893224,-3.4692667,0.26870504,1095.75,0,86.6,1.0,36.0
2.540779,4.0483513,0.52057016,-0.9081034,-2.6992087,-3.3334725,-0.22524633,0.47673857,2.057,0.73983794,-2.4367547,2.3511012,0.39624348,0.078653455,-0.24686928,1.997423,-0.695669,-2.5301726,-0.2019246,-0.4190481,0.93359345,1.8962704,9.248619,-0.03681324,1.6320556,2.287033,-0.71289855,-0.16861676,-0.9140062,2.6577833,0.834639,0.25139186,34.274822,0.4989674,0.5665906,1.096403,4.7572303,-0.17766689,1.0340457,2.4581974,1.6513842,-6.783477,-11.401725,3.359464,-0.01310634,368.29376,0,74.9,1.0,12.1
-0.3575255,-2.945066,1.48463,-0.05603542,3.4353337,-3.0973833,-0.38710976,1.4744587,2.602991,1.3163626,-1.7109905,1.0858241,4.3478923,0.12154625,0.30219975,0.43864876,0.10800796,-4.7117414,-1.6333754,0.42329395,0.5357258,6.811753,0.58138573,-0.61037534,0.3852524,-6.6035833,0.5288764,3.9814472,-0.16344692,3.0241103,-0.54303455,0.35752738,32.598587,0.5739738,1.1887822,0.24836648,1.3776455,-0.06153373,-0.15122212,1.1535757,0.65166706,0.9101862,8.964626,-4.6926494,0.4671939,15.21875,1,0.5,1.0,100.0
0.10386302,-3.7761383,-0.3329922,0.00959655,-1.5417544,-0.11698951,0.23373605,0.08076862,-0.36229834,-0.56174767,0.75765336,-2.571538,-5.5918293,-0.69111156,0.32324728,0.68613875,-0.031948067,2.2042732,-0.42947808,0.31032246,0.820151,2.9762056,13.370724,0.62511545,-0.7237949,-3.2035766,0.24298333,0.75089103,0.5396756,0.5656571,-0.98103386,-0.21671082,39.883163,-0.1503881,0.51420903,0.03559656,1.1224855,-0.4168918,-0.025745092,-3.2405481,0.039798666,-8.910703,1.6763111,-2.740254,0.03842653,85.225,1,2.8,1.0,100.0
2.4258652,-3.4625146,-2.7092483,1.114554,3.5810184,1.9309036,-0.1419167,1.020859,0.71009874,0.17369662,0.621858,-0.6052349,-0.021282164,0.39663464,-0.04385316,-0.48723248,0.59116805,-4.0388994,-0.19205335,-0.54792345,-0.14015095,0.6472412,-5.631335,-0.10055028,0.07419427,2.8143072,1.4417481,3.537948,0.05641848,1.6079192,0.8959261,0.7410745,9.285981,0.8347324,0.35062647,0.6953546,-0.7704045,-0.37523374,-0.7053333,-5.077765,-1.6771868,8.890387,-3.745139,4.8354583,-0.3208419,1969.3062,0,100.0,0.0,64.7
2.6135511,8.650319,0.91347456,0.04278558,-0.3442906,-0.98992,0.8254005,-0.5095096,0.35052514,-0.62818146,1.2134467,-3.148331,-3.9514446,0.23625891,-0.53598946,-1.7446289,0.040815886,2.6619887,1.0704696,-0.054353073,0.20977359,-3.1742802,-8.3023815,-0.077940546,-0.29889625,6.0633993,0.07060132,2.6261992,2.1767902,-1.0924361,0.2629589,-0.10657736,37.556904,-0.58950883,0.08579383,0.12133235,-1.0090163,-0.10479032,-0.5633182,-1.2361265,2.3173394,-5.3426533,4.778733,-3.1589997,0.15974534,922.2562,1,30.3,1.0,100.0
-2.606116,-2.3516893,0.1787214,0.6489566,4.036233,-2.229663,-0.39774805,0.63900065,0.39018792,1.1243706,1.3581138,-0.22447726,2.4308195,-0.20548068,0.059015468,-2.8571618,1.2940154,-0.61637825,-0.89090085,0.0023610054,-0.28267503,-8.2053995,-7.294397,-0.11154208,1.0129464,-9.741491,0.37268406,3.9733229,2.3029907,-1.6090329,0.8398201,0.23140378,-47.807816,-0.24489547,-1.1789165,-0.28860164,-0.3775002,0.03629135,-0.13398424,-2.989181,-0.5107271,-3.874965,0.41963235,-4.320271,0.25001025,2258.4624,0,100.0,0.0,74.2
1.4002345,1.8716253,-1.4939001,0.39797804,-0.055366147,1.3231254,0.050565694,-1.8808346,-0.76683116,1.0189999,1.3462992,-0.73155,-4.3389773,-0.48922157,0.32123333,-3.1370318,0.79727966,2.1237497,1.1203521,-0.15807405,0.72287494,-1.0900922,-10.03164,-0.1490444,0.5486693,-0.7147703,-0.5685639,0.5883553,0.3826007,1.3738884,-0.75303787,-0.66563755,-102.38208,1.3169485,1.061006,-0.08771716,2.390677,0.17257455,0.053213343,1.5999069,1.0414,-5.8673844,2.8364997,1.4194083,-0.67348397,82.18125,1,2.7,1.0,93.5
-0.388515,-7.0446944,-0.87384653,0.16477665,-0.0640214,0.31153396,0.59167993,-1.4035441,0.7755318,1.1863015,-1.264703,0.43586886,-1.675813,0.17587781,-0.105740495,-0.3256498,-0.36869913,-4.9493694,-1.2401993,0.27403882,1.0334827,3.4711583,1.1542265,-0.0032086906,0.22771725,17.610718,0.7737154,-2.7052724,-0.8370934,-1.5137964,-2.1681113,-0.11286127,13.757536,1.0561707,0.7296319,0.23215848,5.6398354,0.510896,0.6431779,4.415739,2.232066,-1.4618628,-3.32487,2.504357,0.14093341,170.45,1,5.6,1.0,25.1
0.68451047,-1.1587664,1.1185682,0.17106597,4.1485233,-1.8309432,-0.47296914,-0.0660595,1.3788337,1.0787282,2.7335813,-0.64601386,6.1453347,-0.06146121,0.5639162,2.25818,-0.013020853,2.020435,1.187799,-0.5176688,0.110030435,2.009432,23.729101,0.778187,-0.58929324,-0.7858959,-0.7545456,1.8646612,2.0215392,-1.5213003,-1.6751231,0.14127219,55.80178,-0.32811573,-0.5582653,-0.60492396,0.33645138,0.60366803,-0.3472307,-1.3330574,0.87622327,4.005998,9.648127,1.4747449,-0.44693387,240.45625,1,7.9,1.0,35.2
-0.47128293,-2.4345205,1.0217358,-0.4990895,-0.8937716,2.786957,0.31365716,-2.0280976,-1.4885806,0.20072006,-1.1750784,0.14031212,1.3604732,0.46304142,-0.24138215,-0.0016981489,-0.8528137,-1.9958315,-1.5156487,0.53609914,0.29863223,-0.15892352,1.9293934,-0.4316328,1.7751977,1.6588724,-0.6369828,-3.3101888,-1.4891974,1.8002317,0.25901344,-0.54179305,33.031944,0.043319017,1.2089893,-0.3970696,-1.9407066,-0.7721181,0.41784152,-0.85381234,-0.9154638,-0.723706,-14.779004,5.4689026,-0.6098931,3043.75,0,100.0,0.0,100.0
-1.8413985,-0.34167993,-0.03848499,0.42801043,1.8191715,-4.0426426,-0.06184942,-0.3753725,-1.2518704,-1.4955257,3.1640887,-2.9167004,-0.08299747,0.2750462,-0.050144337,0.6252212,-0.23447198,0.70041835,0.46873182,-0.12458865,-0.7847666,0.4075784,16.422415,0.24742042,0.4624705,-7.2955894,-0.67091423,-3.1967535,-2.1718311,3.2196863,0.5409409,-0.19862287,19.07898,-1.0663596,-0.21490492,0.49834278,-1.0374511,0.026246123,-0.8533037,-3.835543,0.4806561,5.471103,6.6898413,2.2431836,-0.50874245,228.28125,1,7.5,1.0,12.6
1.4107795,2.6990368,-0.19578816,0.20302191,-0.3624492,0.9026579,0.8567891,-0.60682243,0.96820813,0.92907757,-1.1990213,0.17598033,-0.6571854,-0.40100592,0.5218609,-0.6677544,-0.5449867,0.46159953,-0.33360553,0.31304753,-0.34006715,3.448389,12.887223,-0.07373289,1.1632735,10.453656,0.8919221,-0.8641237,-2.8541915,2.9479249,1.3796703,0.46830246,21.426651,-0.29458514,-0.28659725,0.89951074,1.7971499,0.115752354,0.36991894,3.463633,2.2387733,-0.65873456,7.099861,2.0089092,-0.41550693,779.2,0,26.9,1.0,25.6
2.6217682,4.0356855,0.5508927,-0.8146204,-2.4762776,1.8067262,0.2407884,-1.7127467,-1.5258977,-0.061519425,-0.37593895,-0.079917945,0.0824616,0.07910157,-0.4326965,-3.3172488,0.88493514,-0.7905613,0.4511793,-0.43644693,0.04618487,-3.3521419,-3.742349,0.016831981,-0.53981537,3.1114073,0.07882089,1.0062972,-0.5330681,2.5872724,-0.3586484,0.38872892,-53.766006,0.71408546,-0.20081234,-0.50448006,-2.6740558,0.012503537,0.12490062,1.5345933,0.8915187,-5.261366,2.4145393,-3.8385265,0.48663908,331.76874,1,10.9,1.0,45.3
-0.5156035,2.7329025,0.20958664,-0.73863775,-3.3971853,-2.7021248,-0.1913102,-0.28132212,-0.11914605,0.8372159,0.007823558,-3.2087274,-4.825175,-0.31279296,0.18906398,-1.7605513,0.84193355,2.9005673,0.62452334,-0.15889359,-0.029714482,-4.104254,-9.20794,-0.6740601,1.8155643,-7.053975,0.6931205,1.6990865,-0.7235667,0.90114087,-0.19507524,-0.39627224,-100.65251,1.3492609,1.1525992,-1.2937093,-0.32124516,0.29229313,0.6413395,4.3225346,-1.0819896,2.930007,-4.22415,2.7372258,-0.39417252,264.80624,1,8.7,1.0,100.0
-0.7178399,2.3836708,2.2389402,-0.9362694,-2.5179555,-0.293796,0.7829494,-2.024528,-0.15381342,1.6275452,-0.5146098,0.71595836,3.9626322,-0.23115794,0.26853344,-0.6391685,0.8972348,0.08736306,-0.92746204,0.517851,0.71785694,2.2468636,-0.21886665,0.21671373,-0.6829371,-6.0331483,0.2561321,-0.7668211,-1.5791972,1.7439537,0.23312987,-0.24755041,-40.20174,0.04105879,0.20015025,0.29189464,-1.7660228,-0.36840662,-0.13517737,-2.1365411,0.02176117,-4.1090627,-4.722191,3.4058034,-0.63548714,91.3125,0,88.9,1.0,3.0
-0.9374411,-0.15817921,-1.6091166,0.6646972,0.76199085,-3.929954,0.10107484,-1.1351242,0.7475405,1.7896628,-3.340923,0.04773124,-2.418388,0.08888586,-0.10795938,0.8431573,-0.3134126,1.0402155,0.5948992,-0.09923932,-0.4094073,-3.220262,-15.791739,-0.8506042,0.5684894,8.935474,0.80972034,0.35153204,-0.17125766,-1.8003701,2.4927878,0.6172033,59.089134,-0.31854388,0.058472034,0.40486422,0.9765044,0.6368137,-0.36107567,0.92838156,2.1073003,-1.4122071,3.0925748,-0.79072154,0.1766557,426.125,1,14.0,1.0,100.0
-2.4055777,-2.2218466,2.222814,-1.100572,-3.4129303,4.5015616,0.34929207,0.21191773,-1.5869654,-1.6122217,2.2864165,1.4477065,6.376222,0.91021174,-0.55297184,-1.5661052,-0.76372516,-3.7726638,-1.034724,0.4997916,0.06458569,7.344365,8.028892,-0.57667047,1.039061,8.20234,1.0651251,3.9513354,1.2666068,0.23726249,-0.94051397,-0.09150196,7.67644,-0.73242575,-1.0409579,0.87567085,-0.7480975,-0.70736116,0.09961638,-1.7777364,1.0123978,-3.997962,-11.338019,2.7930949,0.093591325,852.25,1,28.0,1.0,32.6
-2.2852554,-4.1246095,0.71661377,-0.6945788,-0.83157665,-4.2852225,-0.53280485,-0.4337738,-2.0490203,0.03118534,-1.19824,1.6403452,1.576108,-0.031671982,-0.007071915,1.2936016,-1.0177503,-4.099206,-0.64032525,-0.026300758,-0.9788058,-6.984233,-24.195116,-0.0003724798,-1.3619183,2.533543,0.13983448,0.6232736,-0.4798109,-0.0553299,1.886309,-0.30095038,-43.07071,-0.71844965,-0.5037912,0.6647256,1.8357955,-0.109744094,-0.49008405,-2.1640956,-1.8796318,2.729188,-9.031273,1.2562022,0.39188388,432.2125,0,49.0,1.0,14.2
1.1000078,-1.0288213,-1.7947493,-0.35661954,-3.4917362,4.8377147,0.8359632,-1.4484127,-0.27999955,0.7998359,-1.0212575,2.351805,-1.9653975,-0.34823123,-0.14899471,2.870806,-0.5480821,2.3308792,0.79093885,-0.27176043,0.0064106807,-0.8173314,2.4756916,0.08847473,-0.2499637,-1.9245058,-0.9256248,-2.1678889,0.23454848,-2.953067,2.1062334,0.5072416,51.345566,-1.0466437,-0.5006763,0.6288543,3.8087347,0.7786391,-0.037020057,3.9255009,1.3985234,-3.6904051,-3.9631436,3.738933,-0.6716509,934.4313,0,81.7,1.0,30.7
1.5015872,-2.311616,-0.48776537,-0.42483026,0.011831962,3.3893738,0.95364326,-1.8947934,-1.5268898,0.23876184,-3.7070765,3.772659,1.0030717,-0.32056627,0.056359116,0.4487778,-1.079802,-4.290276,-1.1602086,0.30659267,0.06700398,0.9258097,13.016466,1.0116057,-0.9804466,7.921196,0.29340482,-0.08799883,2.004924,-2.8794177,1.9328057,0.7631882,111.02634,-0.64143014,-0.17612554,-1.0552756,-5.0344586,-0.098164834,0.8048973,4.8565974,0.44832897,-5.0438766,-12.308463,1.5396762,0.31480494,907.0375,0,68.2,1.0,29.8
0.23903444,2.7432888,0.85015076,0.046784513,0.5216872,3.175257,-0.5693184,0.99890256,0.9092843,0.7443011,-0.7289693,1.0067047,-2.4668503,0.28116152,-0.44610238,-1.9718025,0.23323725,-2.9549534,-0.40586695,-0.39642245,-0.77055424,-1.4193072,-7.0070972,-1.0299321,1.440626,-3.1170003,-0.6464978,-2.7455826,-0.28812426,-1.6968998,-1.3372273,-0.090532206,-21.564775,-0.31404778,-1.0650078,-1.0495825,-2.9583726,0.17434198,-0.7017715,-1.3126575,-1.6059247,5.9438243,10.524552,-0.84450823,-0.18106489,566.1375,1,18.6,1.0,100.0
-1.2294487,-11.985438,-2.433799,-0.0392097,-3.914393,2.1678877,-0.16129361,0.096924715,1.680207,1.040424,-1.6977615,0.4703345,3.7837334,0.044061206,0.25327832,0.49046996,-0.53635186,-2.7842386,-0.08532012,-0.6528891,-0.5428898,-5.7087593,-13.208208,-0.587474,0.83599925,-4.628685,-0.8211483,0.8481184,0.45966378,2.102892,-0.37658414,-0.47807977,-31.822096,-0.09570244,-0.558374,-0.5685544,-2.4277377,-0.3500152,1.1532092,2.8557725,-0.7339941,-1.9728551,-0.78918153,-3.394408,0.090486884,1531.0062,0,53.3,1.0,50.3
0.5208607,-7.011684,-0.5907565,-0.66924554,-3.6143203,0.28478938,0.68652546,-0.0050042286,1.1698565,-0.04365519,-2.1328342,3.1923857,1.8334144,0.2507841,-0.44176883,-1.0536281,0.64411235,1.5428596,-0.07989089,0.2530085,-0.91738844,-3.291376,5.542929,0.26722172,0.4844164,-1.466249,0.9602293,0.18514435,0.1083008,-3.0759737,0.23664315,0.31754464,112.17638,-1.3033717,-0.64019996,0.11620889,-0.44383493,0.11981863,0.3965149,3.5836484,-0.7779142,-3.3289564,-9.776713,-0.90539885,0.2867792,788.33124,1,25.9,1.0,100.0
-1.6269916,-6.2273335,-2.4802182,0.11738244,-3.440863,-1.1177789,0.28734204,-1.5632825,0.6327873,1.2353786,-2.662234,1.3268718,-1.3667396,-0.63208586,0.5260227,0.3076623,0.35926378,-1.7261337,-0.18942773,-0.071974024,-0.52810067,-2.9650824,8.95778,0.7560882,-1.360881,-9.818006,-0.43690604,0.68605477,-1.8965343,3.2277923,-1.1539708,0.14918603,-33.92446,0.12424034,-0.6149356,0.56864065,3.6175108,0.33234993,-0.89738154,-4.0664687,1.7320844,-2.1531398,2.3796265,-2.0487309,0.33566526,429.16876,1,14.1,1.0,43.0
-0.54684585,-1.895098,-1.2884384,-0.26719064,-2.1012359,5.6401944,0.49025744,-0.30504882,-0.22625834,0.34433883,0.058604125,0.30946195,-0.72837955,0.07162949,0.19956279,-0.68651056,-0.08715935,-0.40025613,0.79525065,-0.42739147,0.06907183,1.9779333,-12.159723,-0.34637848,-0.38749287,10.944105,0.5465333,2.0875175,2.8825068,-3.1194913,-0.10373259,-0.37192732,25.895208,-0.61832047,-0.32747376,0.62670106,-3.55778,0.13097188,-0.46846047,1.8944616,-0.39849934,1.0246379,1.5957698,4.07908,-0.635399,687.8875,1,22.6,1.0,31.6
2.1587343,-3.7603273,-2.3630888,0.40078995,-0.13244267,5.9869933,-0.059993356,0.2327504,-0.82580096,0.5732684,3.4409487,-3.3643284,-4.5351014,0.06609915,-0.35852957,-2.2375598,0.9022603,1.8184459,-1.0994374,0.6613055,0.015844889,-1.3971897,-2.676004,0.2566249,-1.4746509,-1.018436,-0.24255556,1.6265153,1.9079734,-1.9628758,1.2950749,0.81810606,93.51571,0.34264803,1.0991867,-0.73439366,-5.126643,-0.93871343,1.275662,4.040837,0.07215923,5.006119,-6.3181314,0.4079501,0.5857835,42.6125,1,1.4,1.0,23.6
-1.0194472,5.240489,-0.31915992,0.5948367,0.6622403,1.4795872,0.91611737,0.2294869,0.227141,-1.5295829,-1.2612232,0.8253316,0.19843623,-0.12706868,-0.014831786,2.4485734,-0.57183707,-0.1712003,0.04723038,-0.12354385,-0.8845673,-4.210489,11.350478,-0.093794495,1.7148792,1.8236897,-0.76436716,-2.0561788,-1.816834,2.1110568,1.4872968,0.18587236,13.792576,-0.16178879,0.49141157,-0.10148468,-4.053519,-0.46371233,-0.22736399,-3.3440711,-0.673069,-2.2150087,-14.423019,5.1841693,-0.5985529,605.70624,1,19.9,1.0,20.5
2.721058,4.295169,0.20652504,-0.1615322,-1.29853,5.7170925,-0.26720288,0.21694174,-2.8013828,-1.3276138,3.8151188,-3.8621085,-6.361974,-0.6868025,0.44142413,-1.7018425,0.15244381,-5.094078,0.08113745,-0.64335275,0.030728864,-1.9986532,-9.38153,0.44731522,-1.2582755,3.2809305,0.34572497,-1.3420876,-0.3511157,-0.73393387,2.7418027,-0.13323878,0.5779112,-0.91124296,-0.028238306,0.055025827,2.953267,0.71559453,-0.22006904,1.701368,-2.1569357,4.4064703,2.615242,-0.85822624,0.0061213346,602.6625,0,100.0,0.0,19.8
2.2343578,0.11700564,-2.1064792,0.2602116,-2.3892436,0.41820684,0.119367085,0.7486565,-1.1040947,-1.0536995,-2.8655193,0.80722123,0.07624358,0.4462526,-0.29979914,-0.075787224,-0.5880983,1.3645238,1.2622031,-0.5903833,-0.42738816,-2.4500806,-8.665858,0.57295215,-0.91475034,-2.7396748,-0.1281733,-1.0282241,-2.1206305,1.7720184,-0.9326977,-0.5220204,-52.749603,-0.45097473,-0.2404019,-0.18766561,4.1448965,0.6703466,-0.5700586,-1.1121206,1.1675521,0.15282385,7.9658866,-4.927027,0.34291118,614.8375,1,20.2,1.0,100.0
-1.747717,-1.1985999,0.6395009,-0.3336061,-3.4081936,2.6898322,-0.6434077,2.3170555,0.77997017,-1.1199621,0.5618223,2.1571615,2.0396075,-0.17137405,0.3063821,-1.9488329,0.89860654,3.1382995,1.6426889,-0.5673484,-0.3302641,4.900668,15.46896,-0.10734915,0.8489192,10.342053,1.2095935,2.745637,-0.51866275,2.8638842,2.6325629,0.70854086,15.974746,-0.32467285,-0.87300724,-0.47897136,-0.87384737,0.28088975,-0.49481642,-3.1744413,0.68285096,0.00023616751,4.353332,0.7346639,-0.16610697,541.7875,1,17.8,1.0,100.0
0.89059675,-9.604692,-2.650014,0.33057603,-1.7313064,-0.8843953,-0.8101724,0.84040254,-0.46901068,-0.7553052,0.76709986,-2.5066614,-0.7501483,-0.18031701,0.3833173,0.48996875,0.13157402,3.790676,1.2039168,-0.4990234,-0.31313697,-4.9893107,-10.009029,-0.0428475,0.49172628,7.8176727,0.61002,2.015022,1.9031435,-1.386484,-0.7763953,-0.09115918,7.1786923,-0.22860456,-0.6014323,-0.7504954,-2.3541656,-0.12489653,0.72739655,3.013752,-1.3782105,2.9986699,3.5749338,-1.582361,-0.015298711,596.575,1,19.6,1.0,100.0
-1.6789984,1.206397,0.86974365,-0.8315557,-3.8380764,0.022061108,-0.24054037,-0.7302083,0.57623917,1.8217694,-0.3077709,-0.77014065,-5.865154,-0.28516042,-0.059387255,-0.28677562,-0.7153215,-2.9535441,-1.4078836,0.58842224,0.46557534,-0.35798025,-9.436823,-0.19547229,0.81663644,-0.08111628,-1.1255316,0.040104974,1.8298231,-0.69518393,0.4289979,0.5279192,18.401758,-0.18732227,-0.666378,0.31173056,-4.616662,-0.4762582,0.68443084,2.2526627,-0.71111125,7.1904564,9.587517,0.79170823,-0.3915366,471.78125,0,65.3,1.0,15.5
0.06965866,-0.05215171,-0.9674124,-0.2753111,-2.6060243,1.5714236,0.52192134,-1.022748,1.4761083,1.8270942,1.3737419,-1.8828591,2.8857813,0.30575463,0.07568674,1.0373358,0.27027315,3.6912827,0.5209508,0.078549355,0.2615386,1.5587894,-8.242543,-0.6392172,0.34068725,-5.06391,0.79559135,2.839483,-1.1182837,2.6952345,-1.5744814,-0.22060841,-24.93806,0.5719785,-0.01641422,-0.36263293,5.5224257,0.66152894,0.35389885,4.052179,0.9711262,-5.267398,-5.300444,-4.022622,0.62425673,429.16876,1,14.1,1.0,100.0
1.1885183,-2.926329,-0.5545467,0.34889665,3.8039951,5.2674494,1.2209622,-2.1026144,-2.70437,-1.1812102,-0.2346381,-2.1555567,-3.0095146,-0.09586968,0.101927266,-0.6317351,0.44473067,1.5888952,1.0454074,-0.09371423,0.02197725,1.0957843,-16.6407,-0.8791664,0.6068486,-2.5769277,-0.7193426,-3.614489,-1.3961977,-0.0067001865,-0.7173858,-0.2139892,-39.79006,-0.06862726,-0.32541463,-0.9155263,-2.2462463,0.12434776,-0.2729605,0.5770095,-0.41326454,-4.7073545,-1.7834191,0.19144562,-0.38760006,1969.3062,1,64.7,1.0,100.0
-1.9389771,0.77664846,0.95879,0.43337265,2.1802928,4.1015816,0.022506949,0.17921214,-1.8953964,-0.84997183,2.1642184,-1.6912359,0.8612498,0.1951652,-0.037824627,-0.33568788,-0.15138406,-2.1644266,-1.8409195,0.5061173,0.20506336,0.9733092,8.81868,0.15290226,0.12582941,-11.209512,-0.057335388,2.364783,-0.74523604,3.257584,1.6176112,0.5966774,113.79936,-0.31370535,0.7037008,0.030593969,-3.1473305,-0.12672067,-0.5856567,-0.17244546,-1.0497988,4.838722,8.242732,-2.3027022,0.27642718,1147.4938,0,70.8,1.0,37.7
1.1536084,1.3729799,2.2464445,-0.3481423,1.9269407,-2.6851497,0.39102137,-1.3732959,-1.7743661,-0.1796504,3.5562851,-1.4038767,-3.2207317,-0.43048126,-0.09612487,-2.166837,0.26510644,-3.3591702,0.25043386,-0.6750387,1.0042721,2.4422922,-3.4634736,0.54847527,-1.4972328,-7.1438594,-0.18590535,3.0101109,-0.25899255,3.2191005,2.02638,0.26769236,56.401276,-0.10958423,0.47262517,-0.5492302,-3.570848,-0.07782507,0.10018772,4.9018497,-1.3554823,6.085102,1.143393,0.1654752,0.40690362,885.73126,0,71.1,1.0,29.1
0.038294513,13.577371,0.656493,0.95945066,3.8307312,2.0109527,0.6737305,0.223105,1.1271554,0.08844349,2.7916632,-0.86712784,-0.5858199,0.27515888,-0.40428182,-2.7225277,0.7871003,-3.0473483,-0.011205298,-0.6712064,0.05717607,0.8610537,13.780626,0.46098503,-0.72837377,1.8962117,0.09406134,-2.872649,-2.998944,2.909791,-2.2115211,-0.20277506,96.06151,-1.5237939,-1.0010073,0.42072603,-0.18756685,-0.075209275,0.7322623,3.4586618,-0.9078072,-1.6510489,-12.450313,4.4707093,-0.30796385,1436.65,0,100.0,0.0,47.2
-1.1957681,-6.1870284,-0.7460251,0.08304206,-0.82872957,4.2759857,-0.56528044,2.3213582,0.61150193,-1.0204879,0.32463574,0.22571276,4.227765,0.03142259,0.30691567,-2.79357,0.20935169,-2.3323808,-0.46532357,0.15708458,-1.0657283,-5.523919,2.9909112,0.61761004,-0.13229488,3.051512,-0.18054141,-0.7110925,0.57116985,-1.2629261,-0.876173,0.078958794,96.714745,-0.4786224,0.23949686,-0.21177356,0.06227905,0.21133855,-0.114294715,-0.27617756,-0.04018221,1.2376606,-4.2044177,0.44725803,-0.017660167,639.1875,1,21.0,1.0,100.0
-1.3675264,-4.9628487,0.3888825,-0.60235786,-3.5888941,3.1915874,0.97062796,-2.1800628,-1.073719,0.44928578,-0.891814,-0.4382011,-5.039687,-0.17010185,-0.18430246,-1.4693829,1.7372541,0.5504695,-1.7205387,0.5517652,0.09534881,-2.265385,-6.19518,-0.46159065,1.7074481,10.106861,-0.056785144,-2.3348591,-1.2816386,0.6101473,-1.1198328,-0.2998974,-28.016676,0.15179433,0.40888375,-0.85717463,-3.714282,-0.18605003,0.6890582,2.4561281,-0.21802853,-4.473069,-13.530416,-0.98841196,0.6706577,176.5375,1,5.8,1.0,39.1
1.7693124,4.6962075,-0.98810583,-0.09378424,-3.6674793,-3.3814185,0.05230445,-1.3915595,-0.35849047,1.4290242,-1.2077614,0.86689335,5.435957,0.6250252,-0.12116168,-1.694509,0.7510627,1.6668615,0.041204505,0.47826907,-0.77888507,-5.5838423,-2.9097838,0.84600884,-0.9048324,-5.694557,-1.2301657,-2.570631,-1.2353474,1.2313328,0.00782748,-0.08135875,-12.757726,-0.40424603,0.24122244,0.38620257,6.4979763,0.5674818,0.33253807,4.2239146,-0.7931702,-0.17483385,4.164828,-0.06554171,-0.36020714,63.918747,1,2.1,1.0,56.6
-0.65938205,7.871053,1.4283453,-0.27615067,-1.8048229,-1.6941799,-1.1149087,0.494056,-2.9579546,-1.4761857,-0.7017195,0.030608967,-1.6029553,-0.01868633,-0.035155185,-2.5684063,1.0963414,1.028486,0.3210508,-0.16366099,0.11804289,6.243703,11.833041,0.62676185,-1.4965106,-0.06721217,-0.9573898,0.5825021,2.3864322,-2.0817459,-1.641936,-0.33290538,-46.09609,-0.21478966,-0.6492443,0.68483615,7.5575657,0.1361509,1.1318904,4.219587,-0.7004705,2.205794,4.156734,3.2428,-0.6281808,2626.7563,0,100.0,0.0,86.3
-0.39535743,5.6142564,2.4165075,-0.10804541,2.984472,2.7940645,-0.6423447,1.0957516,-0.7235528,-0.5951452,-0.93299943,1.6743884,-2.7478952,-0.09410989,-0.39257756,-0.06970799,-0.37361363,2.5168855,1.2677153,-0.1717166,1.342188,6.21428,13.458519,-0.22976522,1.5191537,4.9526825,1.3326972,1.2373724,-1.0911587,0.4222816,-0.27468,-0.4528927,-95.810135,-0.0034689407,-0.7939315,0.1472673,1.9570616,0.78944874,-0.1279982,4.1869793,-1.3911036,0.14840648,-14.33636,5.296128,-0.40852863,222.19376,0,30.6,1.0,7.3
0.56985056,-5.650527,0.722285,-0.1789041,2.4441133,-6.2584643,-0.819567,0.32305908,1.0336454,1.0746199,-1.4946616,3.1236608,3.4413433,-0.13324937,0.30686396,-0.7329039,0.2419268,-0.6412705,0.14745547,-0.40520513,-1.004237,-6.2684774,-14.971801,0.015282957,-0.68769544,-4.6556964,-1.4155996,-1.0293126,-0.59837687,2.8023007,1.2009579,0.37607744,28.62851,0.2027181,0.3575533,0.2947789,-0.078508936,-0.26578483,0.51209915,-1.0706171,0.87113357,3.5029883,4.322928,0.5302467,-0.20009379,3043.75,0,100.0,0.0,100.0
0.57646275,13.34372,1.939146,-0.4854283,-1.8443794,0.10169561,-0.097108915,1.4942982,-0.2421797,-1.6058675,0.50056624,0.62897366,1.0582535,-0.08464131,0.4870975,0.39944315,-0.32226774,-1.0143386,0.06448992,-0.61395866,-0.40412474,-5.8365374,-4.695033,-0.34908646,1.6679143,-2.0819526,0.6391185,1.2653588,0.021014977,1.2147985,-1.7747178,-0.72915095,-0.32919142,-1.7489458,-1.2017276,0.8849678,4.643378,-0.38446757,0.0013635143,-4.3561597,0.6103962,-9.161933,-15.131669,0.8042494,0.475088,1013.5687,1,33.3,1.0,91.9
-0.07164139,0.277881,1.0793587,-0.18960555,-1.3556443,-3.8966203,-1.0813067,2.5100455,1.6039947,-0.43749252,-1.1247722,3.4712613,2.0250242,-0.15478374,0.0113509055,-2.327246,0.68760395,3.0787654,1.1920942,-0.200249,0.3680973,-1.3275678,2.7147696,1.1452639,-1.5530726,-6.920427,-0.9823422,0.19878311,1.3060361,0.49531847,-0.43440893,-0.4304297,-79.34475,0.2027759,-0.50815296,1.0375346,6.98958,0.78982633,-0.15070018,2.4370542,0.49208677,7.4676657,3.5411558,-2.3481321,0.65224946,420.0375,1,13.8,1.0,51.0
1.4527222,10.11345,2.2938213,-0.9624325,-3.3404765,0.8607022,-0.1385082,-1.0136516,-2.36972,-1.4877656,-1.0566213,-0.49589485,-2.0981295,-0.50329494,0.12977186,1.7537503,-0.07493651,2.751939,0.2722292,0.02222937,0.0036375965,-3.04129,-1.6815321,-0.19154325,0.8200164,-11.450121,-0.41584668,-0.8123906,-1.1426457,-0.45953205,1.0428015,0.2930139,90.9041,-0.054692175,0.75461686,-0.8959169,-3.5549033,-0.35817564,-0.17669553,-4.1610217,-1.3290765,10.411202,14.433932,-1.7645324,-0.20678891,1902.3438,1,62.5,1.0,100.0
1.4656752,7.573246,0.2917359,0.34558576,-0.54738283,2.1859412,-0.7109796,0.039666113,0.17402966,1.7820276,-2.338341,-1.0578673,-5.0142145,-0.19484967,-0.0065225977,-0.36758944,0.46214396,1.5322162,-0.35108444,0.557769,0.0054549454,-3.1225677,-11.003488,-0.07263148,-0.08425094,-2.612333,0.18126489,1.1350973,1.6045337,-3.3620172,-2.2754421,-0.15326189,87.16396,-1.3718538,-0.79007256,0.8478624,-0.030014144,0.2006048,-1.2271135,-3.9503844,-0.9091283,4.954348,12.5251045,0.06794029,-0.43938103,587.4437,1,19.3,1.0,100.0
2.42814,-0.16703899,-0.87119675,0.24984871,2.6403,0.9229637,0.10826135,1.3260357,0.44240794,-0.9578953,2.1593149,-3.0797768,-3.5095923,0.023307448,-0.06890747,1.1386282,0.081524484,-0.4261652,0.8441237,-0.57436424,-1.0694401,1.2569786,13.590259,0.6856021,-1.7080739,-8.80451,0.05286036,2.9926646,1.7885815,-0.269843,-1.7917205,0.30267242,53.084984,0.8632509,0.9190575,1.3307978,6.861913,0.34988558,-0.5465765,-3.7166893,1.3487741,4.2937465,4.8123536,2.6917028,-0.2823534,572.225,0,100.0,0.0,18.8
-1.0514455,4.295258,2.0536096,-0.96254486,-2.848803,0.69158334,-0.52203995,1.6897465,1.9340881,0.02436556,-0.05353459,0.9061797,1.1084375,0.24065493,-0.44353247,-0.78599757,-0.041381553,0.5732007,-0.027630836,0.37706134,0.27253047,4.7833405,6.905534,-0.19685335,0.75926584,-3.1541276,-0.46170163,-0.50658494,1.6360688,-0.9307906,0.30606642,0.5170043,60.744007,-0.79275864,-1.0449132,-0.84553415,-6.9891076,-0.124933794,-0.12246464,0.6337081,0.20495795,-1.5527434,3.1439023,0.81156677,-0.43516418,1744.0687,1,57.3,1.0,98.4
1.9010981,9.445254,1.5345814,-0.5086367,-1.195809,1.301303,-0.18527761,1.0556428,0.3445165,-0.07921564,-0.73666453,-2.5704086,-0.93620205,0.66160786,-0.37593743,0.2972387,1.1659809,1.2534606,-0.9537968,0.59477806,0.07414889,4.005288,19.0312,-0.35912746,1.7740512,2.0544665,0.57303214,-1.3982012,-2.3885095,3.167814,0.47420615,0.17382164,-2.4558618,0.017161781,-1.0944433,0.099808976,6.139297,0.19239318,1.0543573,4.1015935,0.1656364,-1.9632531,-3.3179677,-1.0920959,0.05349011,1180.975,1,38.8,1.0,100.0
0.7357209,-6.661319,-1.2079359,0.5620756,2.6679559,0.52618223,0.46397838,-0.85296935,-1.9697624,-1.4559001,0.63878554,-1.3744749,-5.094518,-0.49366018,0.100520596,1.602831,-1.5619229,-0.44079053,1.6283888,-0.61432767,-0.23042382,0.31461868,-2.782704,-0.5104266,1.7539709,10.101852,0.91805255,1.328116,-0.5352256,-0.20146652,-0.042568494,0.31286705,28.957792,0.999667,0.7522144,-0.49797034,-3.54848,-0.117687084,-0.5786017,-0.6201736,1.1199608,1.8014961,2.3637965,-2.9539256,0.5305425,2054.5312,0,75.5,1.0,67.5
0.34564248,4.1836376,1.5612361,0.082855724,3.7001035,4.793566,0.34244114,0.15039964,1.3530321,1.2318821,0.5556555,1.1134992,0.63401324,0.527018,-0.38664556,1.2807822,-0.67115086,-0.9407496,0.424504,-0.5712529,-0.41674122,-4.6418943,-11.584296,-0.22139303,0.49439895,-9.685991,-0.24080287,-0.52577686,-1.527518,0.8914363,-1.3211511,0.3620195,18.943861,0.20638262,-0.46738866,0.1744436,5.6213136,-0.07058142,-0.00787071,-4.855838,-0.38128656,-0.29689342,-2.3631074,-0.4749898,0.665201,353.075,1,11.6,1.0,100.0
2.9876013,10.031075,-0.2302638,0.9304425,1.8441561,-5.902164,-0.77636266,1.6310555,0.6152426,-0.40900648,3.5019794,-1.9469042,3.3210626,0.6770478,-0.20695432,0.40818465,1.0059767,4.009379,-0.08506297,0.3651423,-0.6508939,3.9816046,4.9911103,0.16194688,-1.4934949,1.1642028,-0.4532777,-1.7655524,-1.210155,2.5723054,-1.8280549,-0.6441854,-98.02567,0.24925297,-0.19771676,0.03942638,-4.571909,-0.37595156,-0.1697674,-1.362499,-0.3422753,-0.013150615,6.459223,-3.6489666,0.61095995,505.2625,1,16.6,1.0,100.0
1.0699137,3.047571,0.39592013,-0.095361374,1.353111,0.0067252154,0.4528835,0.82138944,0.054192353,-1.1678293,1.8528966,-1.9934161,-0.912895,-0.03139573,-0.06485796,0.99681467,-0.5545719,1.5210304,0.61081475,-0.18206424,0.038587447,7.6913824,-0.2014306,-0.23061515,-0.95919096,-3.6265433,-0.1085517,-2.2049718,-1.2136371,0.7920472,-0.112039484,0.12063095,25.327469,0.7780791,0.34152767,-0.13828625,1.3228998,-0.12273805,-0.0721169,-0.89107674,1.6098151,-0.69896644,5.415959,-3.2674916,0.66661704,203.93124,1,6.7,1.0,27.2
-1.7182993,0.30798814,0.480712,-0.026328009,0.38263255,-1.5012332,-0.3233422,1.6454108,0.5768342,-0.71523416,-2.2917671,2.2129524,4.051665,-0.089316875,0.141321,2.2700524,-0.63031805,1.2844667,1.382167,-0.3897304,0.22240663,1.7965293,-4.720069,0.10631073,-0.63134646,-6.7068853,-1.2758275,-0.47224867,-0.100379154,1.3227321,2.0502243,-0.05552427,-74.91216,1.3361449,1.0608246,0.0008373733,-3.3750298,-0.41345558,0.22194147,1.3768275,-0.043888427,0.4608762,8.1102,1.3546265,-0.58361953,6.0875,0,94.1,1.0,0.2
-1.7036021,1.6962209,0.7069485,0.8576463,3.8628695,2.7710052,-0.6852607,2.2659414,-0.065535404,-1.6270539,0.9160003,-0.45929733,2.554762,-0.16298439,0.19304651,1.7508365,0.33776408,-0.83758116,0.051166788,-0.50338763,-0.010122101,5.3853326,10.744236,0.35944462,-0.5193525,-2.0057924,-0.51987636,-2.7569993,0.37124935,-1.5230551,-0.4694754,0.3756606,-28.235113,0.29149142,-0.36033958,0.98251945,1.8184085,0.208316,-0.8047587,-3.4662733,-1.0415746,-2.8629797,-4.1669536,1.6256473,-0.43014723,943.5625,0,100.0,0.0,31.0
1.926747,4.2335587,0.7217879,0.5365095,3.2154198,0.47260168,-0.5683901,0.327198,-0.55141586,-0.53350097,2.9538016,-2.9930964,0.3537324,0.23603895,0.29988614,-1.2266061,0.76832324,3.3866014,1.06576,-0.45116553,0.70541316,7.783917,10.526526,0.33100647,-1.1377678,-9.167962,-0.82662714,-1.8582567,1.0409383,-2.7523656,-0.965093,-0.18287693,53.04677,0.21115896,0.5789049,0.52900445,6.3580246,0.080754444,0.5644813,1.8163114,-2.2652235,5.0683947,-1.1045873,1.4226055,-0.12415222,2066.7063,0,70.7,1.0,67.9
-0.045847174,6.222914,1.3630801,-0.77544576,-3.5053825,-0.2226508,0.5166796,-0.79959047,2.154005,1.3682699,0.18295693,0.33286038,-2.6808171,0.005615025,-0.1611265,2.190144,-0.2087204,3.572088,1.0889835,-0.42963678,-0.06917106,-1.9255468,3.0330474,0.11527127,-0.009155119,4.95722,0.19325043,0.45634633,1.7415322,-1.9893837,-0.33479956,-0.39942664,24.954916,-0.2887315,0.7943004,-0.58527195,1.7056359,0.2965429,-0.68346566,-2.9532325,-1.4738909,-1.9841845,2.3618538,-3.5497372,0.21883729,514.39374,1,16.9,1.0,100.0
1.4971261,-0.19145556,0.6654383,-0.6134046,-2.004318,1.299756,-0.55308557,0.071251534,0.30905885,1.0867032,0.9263709,-0.05019883,-0.071729645,-0.34817693,-0.17378204,3.0184233,-1.5359719,-4.573274,-1.9795159,0.6830303,0.4831466,2.6133595,18.32215,1.2176661,-1.8014728,-7.893263,0.16630688,0.34810936,1.263807,-2.421301,-1.4449911,-0.0003041287,17.395287,0.58690566,1.1218827,0.74326354,0.31306967,0.08858237,-0.3275961,1.8953891,1.3671432,-5.7695136,-11.967071,4.543821,-0.34648347,280.025,1,9.2,1.0,48.8
0.45584014,-4.3911195,-1.4555731,0.22482188,-2.2604482,-2.0629134,0.7449877,-0.74505025,0.14432721,-0.11691267,-3.010302,1.4594443,-3.0285158,-0.04736088,-0.35348403,1.6085355,0.0101443315,0.9341636,-1.1592438,0.27399155,-0.0699397,3.362975,7.111258,-0.037877243,0.49981096,-5.796262,0.5007326,-0.7824544,-1.5079886,1.2930866,0.57408917,0.027627677,23.875866,0.24360506,0.008887305,-0.4386092,-3.0247738,-0.035867117,0.77652055,3.301917,-1.422225,2.0213296,-6.615939,0.5685977,0.420132,2103.2312,0,100.0,0.0,69.1
0.5805466,5.896623,1.1961025,0.13121916,3.191296,5.371174,-0.18921952,2.372072,4.0628357,1.7701924,0.51105446,-1.6029402,-2.4976072,0.3150639,-0.54078877,-1.6254848,1.2661114,3.8797913,-0.18525171,0.33921367,-1.0137513,-7.6458406,-27.874357,-0.83775353,0.39818263,1.3077487,1.2798262,3.604098,1.5377845,-1.151039,-1.4351203,-0.30105332,-55.045174,0.41484243,-0.3810425,-0.047523286,-0.99601895,0.15039405,-0.1914717,-2.6548386,-1.1480933,4.1979566,8.0688925,-6.348987,0.61864257,1132.275,1,37.2,1.0,100.0
-2.864506,-0.59305507,1.257183,0.3033123,3.28357,-3.347621,-0.2869112,-0.46499255,1.5255716,1.3220583,-0.0055213072,1.2647204,5.847163,0.43096396,-0.16526446,-0.24739327,0.77770585,-0.7809917,0.17885956,-0.34557292,-1.1610881,-6.544517,-7.305174,0.4216012,-0.9685595,-16.221144,-0.485437,-0.22608699,-1.5274364,1.7775416,0.23222089,0.10421094,125.93685,-0.061761085,0.88674146,0.30925903,0.26455373,-0.15200284,0.7175702,1.4242704,0.90493804,-5.6079483,-3.4175816,-2.7364664,0.48335165,1250.9812,1,41.1,1.0,62.3
-0.47148103,-5.350656,0.7764006,-0.33850342,0.18711065,3.5676382,0.83204585,-0.3153067,0.19398715,-0.76926076,0.2692212,1.1809816,-0.49982446,0.53854,-0.5117761,1.3132477,-0.04330383,4.494307,0.62919694,-0.07034337,0.35303187,0.2733795,-7.3269615,-0.012184081,-0.5411261,-12.044289,0.037709434,0.1936982,-0.62287253,-0.5092503,0.73973095,0.31690708,96.32742,-1.1498784,-0.37328932,0.04813594,0.96269697,-0.34384742,1.1342632,2.8239286,-1.4501312,7.896718,8.314633,-1.4544178,-0.06626377,1250.9812,1,41.1,1.0,65.5
-2.627784,-3.429511,1.710318,-0.04792775,2.479805,0.95645404,0.7124485,0.20555814,3.000399,1.1583314,-0.79898864,-1.7078941,0.4171074,0.28563774,0.036547415,1.7706474,0.47804952,5.052825,0.002598186,0.6620291,0.4939543,-0.5231884,-15.160119,0.110494375,-1.3814301,-2.8401086,-0.17871583,1.5861242,1.6240369,-0.571176,-0.34424043,-0.2551609,-129.14174,0.6912001,-0.16879186,0.5299861,4.3283095,-0.21939524,-0.20032328,-3.8689451,-0.71990883,-6.1814566,-2.810455,-3.6098816,0.51864326,3043.75,0,100.0,0.0,100.0
3.0238824,5.286014,0.12588507,-0.7379457,-3.5749564,7.169785,1.1965327,-1.5701112,1.4578395,1.7262251,-0.8590492,-1.0625503,-3.6496785,0.0869791,-0.4250002,1.2044013,0.073935494,-0.42661712,1.0011188,-0.63624465,-0.3372451,-0.6238973,-18.251865,-0.45057023,-0.013153585,6.7767115,-0.65166,-0.7844218,0.4737943,1.0877526,0.42930335,0.14537834,-21.41082,0.5958869,0.23982571,0.86489487,3.6713436,0.68939996,-0.7588546,-1.0493758,-0.37809402,-0.65814155,-2.9503467,-0.9071403,-0.23310547,2301.075,0,94.0,1.0,75.6
0.16600661,2.2182715,-1.0259682,0.20195735,-1.9922,-3.6154637,-1.1164329,0.37119678,-0.8855071,0.14120498,0.2865117,0.66277224,-0.09035578,-0.059064686,0.07630912,-0.979547,0.14251477,-0.0042164833,0.6788224,-0.19399345,0.19583362,-1.0452371,-6.410641,-1.1148094,1.4805984,8.499956,0.29274508,0.9910051,0.014010849,2.8306928,-3.286564,-0.46113104,-18.636314,0.15161985,-0.26771575,-0.9019227,0.22645798,-0.3428291,0.6615128,-0.31742248,-1.0382111,-3.171349,-5.451874,1.4937502,-0.10175917,66.9625,1,2.2,1.0,100.0
-0.1093222,-6.391217,-1.8839983,-0.18401591,-2.7403576,0.07339613,0.33272034,-2.4373007,-1.0215862,0.7962608,-0.4365462,0.22724321,4.372404,0.28261185,0.113835566,-0.37535653,-0.7342482,-0.82150996,1.5075363,-0.53358144,-0.49519393,-1.2903692,-13.581556,-0.94339263,1.6322536,-7.9773636,-0.737002,1.3781832,-0.33735475,2.257465,-1.7989134,-0.15210477,42.23509,0.2717234,0.21263532,-0.070505515,2.7044816,0.10640603,-0.54966444,-3.3638551,1.8402863,-3.2261639,7.933671,-3.1633701,0.21462984,703.10626,1,23.1,1.0,100.0
2.9286356,4.534379,-1.112533,-0.33577666,-4.1000457,-0.9468314,0.71417105,0.44048256,0.6381596,-1.1288248,3.3509617,-1.0509202,1.4287356,-0.25102806,0.19295289,-1.1351327,1.111842,-0.111214176,-0.34485337,-0.34306407,-0.41174102,-4.0712633,0.69090873,0.6273739,-1.1279925,-7.8549857,-0.8949199,-3.231487,-1.5248067,0.9378625,2.2026484,0.6698432,25.622063,0.54337627,0.787189,-0.054503765,-2.8740864,-0.42767668,-0.6269778,-4.8960834,0.59146416,-1.261471,-11.1198,2.8712075,-0.09776928,9.13125,0,10.0,1.0,0.3
-2.3662934,-13.530392,-1.412568,-0.15733065,-0.956003,3.4283447,0.4532001,-0.3753586,1.6883383,0.458694,2.823789,-0.6502252,-1.073413,-0.42473638,0.2704416,0.22650902,-0.96738243,0.6050923,1.4163551,-0.49259004,0.17233706,-3.196196,-9.26173,-0.57672864,1.3820331,12.245521,0.4854194,-2.4361339,-1.002822,-1.2918828,1.2890719,-0.3895869,-24.40313,-0.6835708,-0.13969542,-1.1381576,-7.6568575,-0.91882336,0.4931309,-1.4173311,-1.0250294,1.2517296,-5.9552727,0.08677006,0.17210917,1010.525,0,100.0,0.0,33.2
1.7311043,2.8801994,-1.6250354,0.439812,0.8230098,-7.680917,-0.05169974,-1.9101682,-0.94602907,0.24422443,1.2600008,-1.7749368,-1.6601434,0.5112032,-0.31265607,0.0687698,-0.37127078,-1.150045,-1.8888429,0.52352643,0.5273452,-1.0451795,-11.535573,-1.0572659,1.8264768,5.206347,0.15494987,-2.3953834,-1.940759,2.9855943,-0.37363312,0.16590534,126.78848,-0.73169637,0.129221,0.059300702,-7.503981,-0.03406019,-0.86466146,-2.1085873,-0.38301766,6.44116,13.505401,-4.4803743,0.36324164,2684.5874,0,100.0,0.0,88.2
-1.8040696,-9.726475,-0.5396924,-0.079840206,0.96169776,-3.5252414,-0.7302121,2.5524876,0.84393877,-1.0485488,0.9062316,-0.22664954,-3.5933807,-0.026586162,-0.28422216,-1.1499281,1.0563223,0.81011575,-0.033136576,-0.12123529,-0.19948567,-2.5505135,-8.0069475,-0.22890773,-0.6599461,-15.069598,-0.56483346,1.0538977,1.3158855,-2.0228376,1.9162068,0.70957434,11.145039,-0.21246822,-0.59640646,0.16861494,-3.5136395,-0.46512315,-0.049974788,-0.42904407,-0.829979,-0.25727016,-2.3838642,-0.7298713,-0.078125164,1908.4313,0,100.0,0.0,62.7
0.87971455,-0.2591464,-1.3931541,-0.52107203,-4.0905747,-0.1749949,0.09651962,-1.968612,-2.2892966,-0.29902914,-1.2923971,1.6248841,-0.5722986,0.25526828,-0.26679972,2.1454017,-0.053592104,2.3358839,-0.94947284,0.5651926,0.070752,-5.69614,-0.6705051,1.1669444,-1.6928991,3.8201046,-0.21089469,-2.2617018,0.71440923,-2.901939,1.576981,-0.31793287,12.997312,-1.6236418,-1.0536917,-0.6577336,1.929723,0.82214147,-1.1904612,-4.652416,0.30235082,-8.347211,-15.184947,1.1979111,0.27718833,1817.1188,0,100.0,0.0,59.7
2.0934844,5.8645616,-1.772138,1.0103927,2.4265094,-6.3276763,-0.7611232,-0.20178428,-1.5972136,-0.545526,-1.0060449,3.1266563,3.269088,-0.47890985,0.5104172,-2.8134117,1.6881577,3.1594393,-0.32164308,0.40123117,0.33143398,7.3960567,18.510986,0.1281429,0.3755693,-15.371229,-0.1534548,1.4990058,-0.3069858,-0.029163532,0.066324815,-0.3445562,15.882939,-1.1578755,-0.72099596,-1.1771251,-6.401404,0.16724552,-0.626766,0.26680967,0.5405331,-1.446493,-13.469698,2.226226,0.17845932,1019.65625,1,33.5,1.0,100.0
0.9735606,-6.152132,-1.7749878,0.4858063,1.3105122,2.7695906,-0.65190655,0.5195427,0.4064304,0.98142767,1.733916,0.27957493,3.4200962,0.11261843,-0.19638497,-0.42575228,1.4043038,2.1056027,-0.4838693,0.26655254,0.09730402,0.5056395,7.5941863,-0.74893814,1.7977644,-9.78717,-1.4865465,-3.151773,-1.930906,3.121777,1.43682,0.3663318,31.131516,-0.8291145,-0.4161495,-0.21519192,0.5853696,0.31074563,-0.4433625,1.026368,1.9827912,-0.05011007,6.59084,0.23837376,-0.11242563,27.39375,1,0.9,1.0,100.0
-1.3804812,-0.61439776,0.86596304,-0.41764382,-1.7061533,-3.0801468,0.4950636,-0.772096,-1.284178,-1.0682896,2.143407,-2.988698,-5.069931,-0.7296364,0.35618618,-0.9658487,0.205485,1.1506366,1.0738848,-0.11081798,-0.22195318,2.0840704,-14.488672,-0.58128625,-0.19522342,3.7781324,0.29824933,0.052682787,-0.7275288,1.7749714,-0.41411594,-0.09471605,-43.46874,-0.3049426,-0.65347046,0.9048426,0.7568313,-0.03042747,-0.8682359,-3.617123,0.0713784,-5.0582337,-12.543739,0.6322624,0.5238626,115.6625,0,8.6,1.0,3.8
1.6833392,10.886003,1.4110935,0.30552837,2.8261874,0.3470729,0.6070283,-0.13720073,-0.42618713,-1.6937587,1.7412179,-0.38198107,1.4528872,-0.40129828,0.5501593,2.0830033,-0.026277361,-1.4046073,-0.1365571,-0.43824992,0.48957002,-1.7700554,-13.239864,-0.7722342,0.9804057,8.072758,0.9364842,1.7167047,-1.6424682,2.401873,-1.4965014,-0.3812685,21.417189,0.42622113,1.0444546,-0.007130669,-0.27094764,-0.68908894,1.0543399,4.9761877,0.31953084,0.54263335,-4.4961367,0.79355305,0.25690672,328.725,1,10.8,1.0,100.0
0.2905901,-0.85068816,0.06680335,0.55828327,3.47659,-1.4303842,-0.91513556,1.7788857,2.8224936,1.2473453,3.1198418,-2.573873,-2.9804575,0.10673548,-0.133789,1.1680993,0.5788354,-1.9886725,-1.11721,0.06779481,-0.27801144,-4.911772,-5.4260645,-0.3973161,1.480526,-5.2523694,-0.6028296,-0.93885255,-1.725844,2.7701557,-1.0839025,-0.41182843,-106.54521,0.57454157,-0.3674023,0.35397688,-4.3358192,-0.44213116,0.6310815,2.8354964,2.1618826,-6.924505,-12.056888,4.449885,-0.26343605,21.30625,0,26.8,1.0,0.7
0.6841389,6.6896853,1.1597095,-0.30959105,0.66457283,1.8017864,0.6809171,-1.5633178,1.4909253,1.7904265,1.4884661,-0.6599878,3.8782437,-0.17389591,0.39334708,-2.3451462,1.1022294,5.1873775,1.8403924,-0.54097694,0.5656918,-2.5471058,-12.154542,-0.2540975,0.57098925,1.7820178,-0.48274916,0.5509553,0.87002003,0.113868825,2.972794,0.9012842,23.089237,-0.1634954,-0.88170516,-0.8339637,0.6508268,-0.08421342,1.169709,5.0022774,1.2699108,3.6471138,-2.1583278,3.349579,-0.081361234,188.7125,0,19.5,1.0,6.2
0.6001192,-0.6582375,-1.3288529,0.4471159,2.794497,0.64360476,-0.25925967,0.7305242,2.445303,0.5166359,2.3107865,-3.9639065,-1.2926689,0.7510342,-0.44405347,-0.6713659,-0.5665513,1.5455498,0.9097454,-0.043209247,-0.50929165,-2.5062232,0.5790819,0.067547366,-0.26152012,6.4058857,-0.03814115,1.7516015,-0.038124494,1.5420153,1.8842034,0.09205,-86.00339,0.32305795,-0.5112606,0.019697139,8.641743,0.33650672,0.30198035,1.1252114,-0.43529552,-3.4246562,-0.4379874,-1.3993409,-0.3072308,1001.3938,0,97.8,1.0,32.9
1.1434462,3.335443,0.63009006,0.04638852,-1.2012631,-8.138878,-0.31272683,-0.56587225,2.0180845,1.748485,0.112887055,1.5445948,0.75788736,-0.5760602,0.53134286,0.19588615,-0.022093773,-1.1564074,-0.5315033,-0.2552536,0.52812153,-2.258748,-4.646975,-0.2093737,1.8027024,-4.2581534,0.24886136,-1.4268156,0.1043359,-2.127099,-1.652181,-0.4973159,43.92472,-0.57290256,0.2885,0.8503751,0.5222931,0.21147195,-0.81835264,-1.9765965,-0.013321534,3.3873272,12.590947,-1.9163214,-0.144818,593.53125,1,19.5,1.0,39.9
-0.012874564,-7.0052714,-1.6621196,-0.016529215,-2.5051765,1.9792118,-0.0682655,0.4683672,0.48410192,-0.88906574,0.3160929,-3.3022466,-3.9529178,-0.3724859,0.23989682,1.5061908,-1.558855,0.18168788,1.356798,-0.18471351,-0.35131785,-2.6279266,-2.8642461,-0.6740046,1.4557389,-7.975531,-0.14189886,0.8626157,-0.54228747,1.2992973,0.2750285,-0.02680794,-77.642395,0.32158068,-0.637894,-0.24598415,2.279874,0.30648664,0.5406547,5.0103517,-0.6346573,3.495776,1.7839345,2.1518335,-0.19021071,3043.75,0,100.0,0.0,100.0
-0.37177613,2.5398514,1.3077506,0.17379001,1.8000672,-4.8992047,-0.8666554,0.9733405,-0.589247,-0.907271,-0.6101727,0.11753335,2.3598063,0.28279936,-0.13655779,-0.5375082,1.4329125,0.18952093,-0.5994426,0.07662089,0.6214074,-0.040486854,7.838515,0.9547812,-0.6875218,5.1093435,0.31889522,-3.4151483,-0.37712017,-2.2146802,0.20113331,-0.5756115,-69.17391,0.1036444,-0.76128024,1.5516407,9.26921,0.3349,0.102717504,-0.8554106,0.6067927,0.46774125,-5.6008677,2.5201032,-0.3385633,1381.8625,1,45.4,1.0,100.0
0.7827145,3.9805877,0.27172303,0.3639238,1.166888,-1.2049721,0.0036336943,-0.33082947,0.9969169,0.58891535,-3.252958,1.9285804,1.2366849,0.5917,-0.5444358,0.21238817,0.21488547,-0.405482,-0.54890996,0.51055723,-0.15460798,4.069535,14.396206,1.0854554,-1.6220502,5.0922756,0.4895321,-2.3302834,-0.19920115,-2.050408,-0.93479294,-0.47770256,-97.72144,-0.0011583846,-0.4727247,0.8848362,0.8242476,-0.40487874,0.21758705,1.089622,-0.78797996,1.4561013,11.283396,-2.9043612,-0.032726828,112.61875,1,3.7,1.0,55.6
-2.2763696,3.4291527,1.7048097,-0.32854426,-0.2546633,-7.35611,0.019333266,-1.8364123,-1.9971555,-0.7065077,1.1649946,-2.0167246,-4.4382095,-0.2045747,-0.15830706,1.2775503,0.13127148,-1.9478351,-1.0294353,-0.020634508,-0.53721,0.9340535,-6.355024,-0.6426687,0.6751597,-3.3916533,-0.51149774,-2.994921,-2.4486012,2.52325,-0.9077302,0.014130001,-11.051375,-0.44248557,-0.78284544,-0.7665725,-2.8692083,-0.15388554,1.1800288,4.8852053,-0.6179113,3.3936977,-2.1908214,0.815099,-0.017895183,270.89374,1,8.9,1.0,53.1
1.1114044,4.4439363,0.9261232,0.10021175,1.9383515,5.2135677,0.027676322,-0.12527758,-2.120933,-0.42502186,-0.10482886,0.4677801,-5.7606936,-0.19803564,-0.25862968,-1.0392388,0.922762,1.9896886,-0.2677067,0.2971274,-0.7450709,-3.3243847,-15.177043,-0.19141306,-1.0797817,3.4838219,-0.4428846,0.17380953,0.75452465,-1.0522232,1.4783801,0.8485697,107.97682,0.08899506,1.1745508,0.64879143,9.10525,0.43021104,0.31970054,1.621963,0.43422395,-4.9143586,2.9976947,0.7427097,-0.44430634,340.9,1,11.2,1.0,100.0
-0.6863984,-8.901321,-0.4654267,-0.6924738,-2.0727286,-0.558039,0.23623987,-1.4294014,-2.1518593,-0.65030134,-1.3173285,-0.73574626,-0.925624,0.096654505,0.088001944,-1.8858652,0.5643256,2.6925604,1.3823742,-0.24743892,0.12758645,1.5028219,-12.232606,0.45749924,-1.7437385,2.7081609,-0.4315503,-0.4866132,0.4954552,-0.38179302,1.4389542,0.11084431,62.86141,-0.20812404,0.51274997,-0.39980078,0.63632774,0.28607193,-0.7300993,-0.803747,-1.5810925,0.3869389,-13.747432,2.8843265,0.04199732,432.2125,0,71.2,1.0,14.2
0.044119723,4.359658,1.6072985,-0.83319247,-3.8449914,0.30473074,-0.4978442,2.026255,-0.10010912,-1.4371753,0.8640483,-0.49185932,2.0305448,0.5923601,-0.13074534,-0.93519574,-0.1674026,-3.929159,0.09173169,-0.66771585,0.89975226,-0.8723753,-1.5342516,1.1096815,-1.6762226,3.1635761,-0.20551214,-3.4965978,-2.8097644,2.556219,0.754876,0.033461735,-138.13744,0.24260607,-0.8298651,0.29440972,5.3022056,0.3182173,0.26937896,2.9354596,-0.003991404,-2.342084,-2.4459026,0.11112086,0.023781806,392.64374,0,40.7,1.0,12.9
1.1437749,4.5427227,-1.4398837,0.1537899,-2.037914,-5.718234,-0.5591096,0.0908291,2.2400873,1.7174029,-0.123280935,1.6128342,-1.1580111,-0.5544601,0.118364416,0.35178682,-0.49057063,-2.4477155,0.16636796,-0.1282034,-0.28109986,-0.0678893,0.72799784,0.71745425,-1.4844797,-8.988066,-0.873011,-2.9501975,-1.3033116,0.21783485,-1.4702532,-0.52746636,-35.78238,-0.6934961,-1.1630986,-0.66597706,-5.705915,-0.26125568,-0.32637042,-3.0691452,1.8989855,-2.089855,7.794039,-2.8823678,0.008888013,3.04375,0,13.1,1.0,0.1
-3.3802357,-4.093299,1.6097614,-0.39993536,0.6726737,7.746255,0.5176579,1.424994,0.994726,-0.9111958,0.7909545,-0.07471046,0.3025921,0.7508582,-0.47836208,-2.6640244,-0.13341981,-3.5188403,-1.1513449,0.4694539,0.9223899,6.0014253,7.1130447,-0.78550136,1.184208,12.4606495,1.2931303,4.491289,2.7106435,-2.3810825,-0.021058155,0.78221184,34.82071,-0.4084409,-1.0451154,0.077089824,2.5735242,-0.20386556,0.14745422,-0.14077647,-0.5454289,0.34095067,10.344583,-2.895834,0.1496952,560.05,1,18.4,1.0,33.0
-3.042894,-2.53397,2.3407805,-0.77923167,-0.93300235,6.074359,1.0759587,-1.8006076,-2.8846967,-1.5883957,-2.6824987,1.1307466,-2.270595,-0.48675978,0.2595995,0.16191311,-0.17311311,3.116111,0.07956467,0.3649935,0.4243852,4.8205214,-5.5772696,0.16802405,-1.3890345,15.282507,1.19311,3.9509413,0.55771005,1.9238358,0.6432529,0.26591983,31.56293,-0.52218693,0.33028612,-0.4957447,6.0673447,0.1269208,-0.12378249,-4.5061784,0.08173774,0.10406183,-6.2242665,4.6031985,-0.50395226,228.28125,0,27.1,1.0,7.5
3.415397,1.8948501,0.40843382,-1.1448343,-4.0404387,0.0987731,-0.85566527,0.7347406,-0.87172794,-0.312566,2.29785,0.58779526,3.2607427,0.3496338,-0.27274925,-1.377573,1.585905,1.0823375,-0.073406056,-0.37781802,-0.21826957,-1.3004459,-16.243528,-0.8927935,1.4412233,0.070599936,-1.3576692,-1.1138158,0.9114723,-0.1296592,-1.4220392,-0.3533362,40.151875,-0.55477184,0.43764335,1.1237227,6.6683416,0.84878105,-0.40895146,0.7285103,-2.116062,-0.84505063,-5.169266,1.0940837,-0.40866223,39.56875,1,1.3,1.0,100.0
-2.353628,-1.33079,0.45376325,0.48116365,0.95768493,-2.5685165,0.514402,-0.4911102,-0.0739562,-1.0971298,-1.128692,-1.785652,1.0974255,0.22033,0.22753239,0.21764483,-0.22652991,-0.5366476,-0.5993703,0.18354312,0.620429,-0.8974223,-14.801108,-0.7869967,1.2019678,-15.337587,-1.0197786,0.31701493,0.385104,1.224356,-1.4938886,-0.11886021,-23.621334,1.6655543,0.97277147,-0.9169385,-0.39962235,0.24616589,-0.35307464,-0.29195336,0.2150184,-10.340826,-7.628365,-3.17095,0.618621,3043.75,0,100.0,0.0,100.0
0.011573874,3.5059001,1.5921657,-0.3256579,0.5247951,3.9712446,-0.06913974,-0.33643132,-1.8366442,-0.34427425,-1.3614308,0.940938,0.62773246,-0.3234148,0.13617913,1.9756023,-0.692504,-1.1862067,-0.6199108,-0.04144677,0.023593828,-1.5376819,-1.1736202,0.58988005,-1.5712222,7.6436877,0.10247544,-3.729747,-0.65769404,-1.8825078,1.978967,0.7628908,57.87519,0.09958894,-0.06709505,-0.035615794,-7.6233673,-0.86822146,0.075587496,-4.470187,0.5880805,1.2945181,11.797762,1.1097451,-0.62329,161.31876,0,75.9,1.0,5.3
-2.8661876,-10.442439,-2.2062578,0.5889052,1.6342851,-1.741705,-0.66572475,1.152586,-0.21877539,-0.36260855,1.6932251,-0.67308944,5.27426,0.56993663,-0.12443186,-0.83803,0.9199152,2.549152,0.021966867,0.5842588,-0.045370873,-2.0507202,-5.5937896,-0.21745351,0.6102192,-2.15102,0.7837528,-1.813281,-2.496598,1.9724298,-1.0736141,-0.5430079,-94.47794,1.1532339,0.7862354,-1.1841159,-0.16901684,0.11048655,0.8831363,3.0881708,1.0028445,-2.769965,4.220134,-0.34300962,-0.094558634,420.0375,1,13.8,1.0,86.0
-2.1270223,0.20796445,-1.1325622,0.76346356,1.1480579,5.968533,0.6874727,0.738843,-0.17782702,-1.6739583,-1.0794871,0.8475578,1.8199164,-0.19251324,0.24665928,0.8827013,-0.26973796,-1.3635379,-1.459763,0.6811096,0.0906348,-1.2752717,-4.1013618,-0.062001314,0.22303511,0.87277555,0.115264215,-3.432647,-1.3180296,-0.16816048,-0.75791985,-0.19584963,-28.948193,-0.080689564,-0.39924422,-0.24085356,-6.3417516,-0.29259303,0.4826029,3.3464518,0.35563356,0.10241363,1.2874488,2.8356447,-0.16240898,569.1813,0,68.8,1.0,18.7
-0.8697253,-3.3256385,1.6182024,0.13837372,3.63987,-2.1793766,-0.45769894,2.2762082,2.556679,0.71740544,-1.0972526,-0.45267045,1.4268554,0.17276259,0.28703985,0.65177494,-0.47168753,1.6217715,0.73419243,-0.39755216,0.29331255,-3.8232594,1.6680238,0.28652176,1.02705,-1.1450726,0.22300151,0.8016148,-0.18658893,3.1214263,0.45219937,-0.032994967,-38.197174,-0.15744841,0.16488196,0.26744756,-5.9164457,-0.08862769,-0.008809936,3.2572122,-0.21469475,-6.2736287,-12.888737,0.53100145,0.31390372,79.1375,0,14.1,1.0,2.6
2.1348321,0.16673337,-2.661869,0.45666096,-0.2878249,-6.6990943,-0.7655608,-0.2519632,-3.320518,-1.5494766,0.14970134,-0.13181835,0.54978406,0.10793232,-0.3986344,2.821911,-0.7023029,1.0299947,0.45343837,0.005481818,0.09549604,0.70105344,-8.858556,-0.51491576,1.2127421,-4.826352,-0.80677944,0.59809715,1.4161221,-1.5091794,1.5144259,0.62281793,12.834038,0.1365926,-0.71112305,0.45630968,1.8422358,0.43237332,-0.17176235,3.4094818,-2.2871618,5.383618,-2.9049566,-0.75795686,0.42192924,2845.9062,0,100.0,0.0,93.5
0.3779568,2.35072,1.6363165,-0.24949272,2.2427287,-0.74750286,0.2868039,-0.8053493,-0.9667111,-0.7865482,0.68207145,-0.45458168,2.0367517,0.67317474,-0.44241923,0.993851,-0.5377721,-2.1925385,0.46658972,-0.25417832,0.20543046,1.2684456,9.541478,-0.6120415,0.9889366,-3.8624094,-0.8989785,-0.75362605,0.31054825,-0.8109633,0.52953327,-0.2882266,-33.604958,-0.08837458,-0.37031224,-0.11972039,-0.5776016,-0.4440581,1.1676079,4.790107,-1.4189335,4.895923,6.21896,-4.795961,0.61520964,2742.4187,1,90.1,1.0,92.6
0.3866243,9.177545,-0.5827543,1.1007849,3.1430292,3.3760848,0.3208635,-0.15163101,-0.22603782,-0.00254314,-0.73292047,1.6012478,7.442656,0.79821056,-0.40817943,2.6318297,-1.4110248,-1.2193286,1.4931175,-0.62428355,0.14634821,-2.88674,12.689898,0.5561718,-0.034557544,-1.2490448,0.62881345,-1.7868388,-2.3698103,2.2654073,-2.0525978,-0.4356708,-63.6684,0.92707956,0.57623166,0.26671788,-1.8669127,-0.7350155,0.7502647,0.17046423,0.4663078,0.81679195,3.0958297,0.33005965,-0.6129104,237.4125,1,7.8,1.0,100.0
1.8341732,-0.5528158,-2.0271802,0.15737367,-2.4569519,6.1843743,0.86841875,0.58567667,3.509274,1.3689431,0.9881858,-0.48463082,0.23257208,0.40479848,-0.5074843,2.2849772,-0.09177351,2.278338,0.92648643,-0.28225586,0.03155039,0.9178555,3.0857837,0.22471598,-1.0533506,-8.129578,-0.57813114,-0.14272755,0.5714793,-1.3743228,-2.087664,-0.41167367,69.36591,-1.3487607,-0.5884457,1.1954968,-1.6381155,-0.64434403,0.2282819,-0.24744685,1.6183474,-6.48269,-5.70856,2.7888985,-0.66607684,33.48125,1,1.1,1.0,40.9
-0.25996804,5.862755,-0.6680367,1.0294995,3.6688182,4.5911436,-0.24167569,-0.15596758,-3.3394167,-1.6438733,-3.7343552,-0.29759258,-7.9176536,-0.09711023,-0.43059552,-2.3735647,0.093527175,0.74620366,0.027652578,0.5228059,-0.14896563,0.86854374,0.15451859,0.14230643,-0.010708028,3.1607053,-0.26798812,-3.7725532,-1.7874558,1.3810635,-0.4586443,0.57883096,80.345604,-0.4410192,0.10492265,0.053253066,-1.0831039,-0.57641184,0.72664446,1.6544591,-1.3978187,5.033974,3.806166,-4.0327826,0.6322352,1771.4625,0,100.0,0.0,58.2
-2.5997708,-8.627339,-1.8221835,0.818937,2.5141587,5.913665,0.9915227,-0.761375,1.0258226,0.77721405,1.4085394,0.5385911,7.6804347,0.02089322,0.54615736,-1.1689057,1.1926047,5.2033215,0.81149226,-0.042261664,0.5821435,-0.44622388,3.1485732,0.08559164,1.256798,2.585476,1.0952811,-0.63930243,-1.5562743,-0.059672303,0.017758254,0.59470165,94.13622,-0.0151599655,0.828047,-1.2568132,-2.8377197,-0.33716315,1.0019364,2.7083035,0.024653608,-1.1044014,-10.821936,1.5541906,0.31842908,1208.3688,0,50.1,1.0,39.7
0.7505434,6.570804,0.072956845,0.81027776,3.5199327,-0.18173262,-0.13962227,0.79715616,0.44396287,0.15312292,-0.5872093,0.6024339,0.5631606,0.23038255,-0.13809906,-1.0124607,0.13195458,-0.02166244,0.61124307,-0.05277345,-0.6858398,1.8970964,12.402754,0.108587325,0.19271317,0.22500747,0.5913134,-0.08912481,-1.0157514,2.3275301,-0.025505805,0.03834426,-30.58301,-0.64225227,-1.1964861,0.14217544,-3.9572494,-0.2511187,-0.6263974,-2.832208,2.2292058,-9.166705,-0.20127995,-1.7896123,-0.12292181,237.4125,1,7.8,1.0,37.9
-2.4842103,1.0901481,1.5533504,0.5325613,3.6726496,2.13157,0.66626316,-0.6769637,-0.15336856,-0.07065632,-1.3097311,-1.3650571,-3.1777203,-0.41615006,0.40574676,0.16466078,0.57955426,-3.517412,-1.3113463,0.1488002,-0.120926194,5.825013,18.808996,0.9533705,-1.1790701,4.782024,0.41219553,0.44093287,-0.5473,2.4426017,-1.9649799,-0.04373973,110.29052,-1.6019018,-1.214269,-0.2779544,-6.9552937,-0.48343998,-0.25577208,-3.7643852,-1.7061578,6.526348,15.749744,-3.6042225,0.074340984,1281.4187,0,100.0,0.0,42.1
-2.0607803,-5.0239496,0.42369494,-0.04540866,1.6286409,-3.0387213,0.26690727,0.019322673,-0.15028521,-0.6087469,-2.8546214,1.2530272,1.332371,0.57657397,-0.39689392,-0.84202176,0.5364098,2.532443,0.30562705,0.32941276,-0.86895996,-6.580346,-0.78813624,1.1428255,-1.8088923,8.375478,0.07353864,-2.0267768,0.056631546,-1.554507,-1.4418036,-0.4901681,-48.78447,-0.6622988,-0.6569062,-0.09484641,-5.819197,-0.376661,0.14814804,2.2524362,1.4468812,-3.17463,0.6942534,0.05155655,-0.13035834,234.36874,1,7.7,1.0,13.1
-1.2178495,-2.389457,0.54834193,-0.20615098,-2.2371707,2.6608014,-0.10464343,0.5932937,-0.55100954,-0.2454998,1.4006459,-0.91242254,0.50456715,-0.05267465,-0.06391748,0.007938919,-0.6095458,-5.279079,-0.3823687,-0.45725083,0.17494112,-1.3139917,-9.982983,0.22175083,-0.665428,-6.7244263,-0.65504533,-4.6286635,-2.661428,2.4876213,0.6125395,0.5187451,-22.78917,1.3484504,0.83156854,1.3671794,6.688473,0.7306587,-0.8594852,-1.7314072,2.3784811,-9.406432,1.3770782,-2.53618,-0.10001746,15.21875,0,30.6,1.0,0.5
1.7922103,6.4163313,0.82603264,-0.6769267,-3.394546,-1.1767889,0.6005613,-1.235529,-1.7679443,-1.3234184,-0.7314833,0.01347247,-4.487287,0.43314323,-0.5457456,-0.10533901,-0.21057945,-4.3470354,0.061932728,-0.35132113,0.636477,0.013759499,-5.910768,-0.3019935,0.41206545,-4.9515357,0.3644769,2.388585,2.490489,-2.4944146,-1.5098798,-0.1040826,41.522778,-0.11967672,-0.020756578,-1.237496,-2.1268947,-0.19825135,0.34629625,-1.7989547,-0.7430677,3.4937017,12.337769,0.9549603,-0.57290745,249.5875,1,8.2,1.0,100.0
1.656395,3.2503679,-0.07458327,-0.32285845,-3.4836953,0.22737175,-0.22541505,0.4461891,-0.63292855,-0.46392065,1.6593424,-2.41425,-0.6596455,0.10071245,0.039191674,-0.042587537,0.91333234,-0.31866243,-1.6498089,0.44545594,0.15804957,1.5900508,9.553445,-0.23651493,0.7355347,5.06295,1.5393031,5.0265384,1.3364497,0.5693027,0.24086748,0.18828356,68.75316,-0.08054841,-0.058463253,-1.0892676,-2.3908648,0.09206712,0.56857675,3.8495016,-1.6397544,3.8015769,0.038819194,-0.56626016,0.19187011,1591.8812,0,100.0,0.0,52.3
-1.0002514,0.27961347,1.4839933,-0.35783932,0.19324394,1.1153135,0.04710833,0.80970186,1.5863739,0.617928,-1.179785,-1.372237,1.5642953,0.503676,-0.19449797,-0.87559426,0.32066646,-2.4956992,-0.8960691,0.2831762,-0.20665258,-1.9948145,7.0070696,0.6786272,-1.5276189,9.371788,0.5020809,1.3090869,1.5640134,-2.980475,-1.3724467,0.01199861,30.795298,0.84145916,0.49295676,0.46381798,2.0191822,-0.477975,0.5969313,0.89747965,1.7715644,-5.5702095,-2.4870546,0.08897146,-0.20762272,377.425,1,12.4,1.0,52.0
-0.6117855,9.0393915,1.2830853,0.453548,3.510216,0.3875146,-0.19215259,-0.4754011,1.4984866,1.8395574,-2.9454632,3.5273302,1.7216865,-0.08850698,-0.11470308,1.0603721,-0.71544087,3.353943,1.2183956,-0.11023006,-0.43219447,0.3958262,14.122937,0.54775685,-0.73573077,-3.2961993,-0.09323983,1.290126,-0.7911676,1.24944,-1.5616342,-0.5548465,5.4824843,-0.38022736,0.2342807,-0.14622253,-3.579952,-0.5301005,0.40213323,-1.1647891,0.8991078,-0.9646489,1.9765816,-1.5638741,0.4503623,1114.0125,1,36.6,1.0,100.0
-1.5290319,1.2458804,1.897267,-0.34652874,0.94800746,-3.6834347,-0.82401645,-0.11981614,0.111642934,0.9089045,-2.8952036,2.9570098,2.08197,-0.1264119,0.050909907,-1.6803182,0.14180686,-2.109294,-1.1145061,0.62321347,-0.7681114,-0.6378744,2.1984546,-1.0071899,1.6712785,0.4415133,-1.0921484,-2.15618,-0.45570153,1.4135685,-0.8310953,-0.83248514,-43.476906,0.25223327,0.32068312,-0.97724575,-2.890006,0.36639157,0.098009355,4.359928,-0.29855368,-9.199304,-11.021447,1.4602276,0.0064912965,3043.75,0,100.0,0.0,100.0
2.4372482,-1.493645,-0.68384993,-0.35365137,-2.239647,1.2845646,-0.2175146,-0.33110917,-3.3415577,-1.3433263,1.3714534,0.33720884,-0.80654746,0.20641595,-0.25991997,2.3448687,0.024904178,2.252132,1.2014983,-0.5789017,-0.8015868,-0.9917883,6.012504,-0.69334936,1.2874434,4.31143,0.36929825,1.1624309,1.0990515,0.36313847,-0.6380635,-0.2275239,94.2325,-0.1847629,0.6303247,0.150644,1.476642,-0.36740673,0.63904434,0.577279,-0.28710845,-2.2062678,4.949294,-3.037573,0.16021322,1871.9062,0,80.1,1.0,61.5
2.253564,7.6590104,-1.040041,1.0695455,3.515727,0.36753663,0.8631119,-2.3232055,-1.1280147,0.7181437,-1.9273117,1.9226108,2.9905303,0.48227176,-0.07948853,1.931257,-1.2919946,1.2290478,0.20902897,0.47429383,0.29598504,0.58149177,1.4348552,0.08139419,-1.2708873,9.968701,0.28572026,-1.3264533,0.59331656,-0.9089819,1.0481888,-0.2043914,-35.161903,-0.5087971,-0.45687824,0.24037752,2.28911,-0.078575976,0.3374177,3.8676314,-0.9385839,3.2617648,3.5313792,-4.115559,0.53889966,273.9375,1,9.0,1.0,83.1
-1.0931951,-12.004829,0.34317285,-0.70165324,-0.63637793,-7.0879626,-0.8073002,1.2892057,-0.46371394,-1.3094554,0.46241197,-1.5856539,-3.499765,-0.7258403,0.44806707,0.18087834,-1.2366809,-3.49122,-0.1626944,-0.035582084,-0.059938204,1.6670808,-20.513208,-0.46199083,-0.49864486,-9.904498,0.11959417,-0.032823,-1.9917473,3.1795056,2.3195179,0.56953305,17.264097,-0.06719013,-0.01740147,-0.61590844,-1.6051387,0.37016505,0.31972477,5.0609255,-0.10779578,5.2619896,6.744766,-0.4558652,-0.13962676,435.25626,1,14.3,1.0,100.0
-3.9061832,-2.2038898,0.791631,0.32500264,1.5266325,3.3934577,0.16149881,0.32048994,-1.757316,-1.6087337,-1.9477706,0.7601787,2.2198966,0.11907267,0.11469531,1.0610526,-0.23030499,0.7266785,-0.8384677,0.43905327,0.61405504,-1.1013482,-15.722077,0.069053896,-1.3694111,6.6980944,-0.43201888,-0.038880102,2.5788252,-2.041595,2.3822846,0.5530502,47.31198,-1.152728,-0.9018521,-0.5672161,-3.056533,0.23324633,-0.30638754,2.8693993,-0.6974995,1.0587294,-8.921611,-1.6902205,0.50099516,630.0563,1,20.7,1.0,37.7
0.108678006,-5.6931996,-0.9269511,-0.48656026,-2.2920222,5.7032127,0.5839371,-1.353304,0.4993728,1.4202818,0.0030860389,3.831133,4.299409,0.17820756,-0.10720291,-2.213596,0.2613313,-2.6401556,-0.36714914,-0.16233633,0.03571935,1.3082978,12.48263,0.47154906,-0.4211936,15.963068,0.3009917,-1.1035423,1.5889193,-2.6442583,1.7300254,0.35226145,6.3577547,-1.1714469,-1.1124705,0.09837487,3.0316186,0.37576932,0.30921718,4.2218237,1.5548954,-0.8417451,-3.5945704,-1.1099759,0.5161036,1573.6188,1,51.7,1.0,65.6
0.09190719,14.1117115,1.7972671,0.33346236,2.952726,-0.9988971,0.43563637,-1.8949203,-0.04482422,0.9288057,-2.3669004,1.250723,3.2212021,0.5541593,-0.27326855,0.99104863,-1.789739,-4.322412,-0.19794679,-0.17029211,0.07009149,4.9512935,8.30153,-0.85524213,1.6288284,1.310396,-0.89191234,-0.4309338,0.09569768,2.4937465,-0.052491974,0.8031239,62.676987,-0.7225368,-0.75592995,-0.11901454,-3.6356194,0.16365173,-0.9071076,-2.2440765,-0.5389467,-3.86253,1.2315166,-2.5358253,-0.009339077,1984.5249,0,100.0,0.0,65.2
-1.5442258,-4.0833707,1.4586629,0.24537696,4.174874,-3.8593924,-0.50764495,-0.4298492,-2.1769433,-1.2996943,0.9831954,-2.0431786,-5.6293015,-0.33257717,-0.18935873,0.8900093,-0.074072435,2.3015645,1.0872015,-0.010785043,0.11961637,2.5347934,5.7126317,-0.6119789,0.7534839,7.8424463,0.25772318,3.073317,0.2377157,2.8719416,1.0189327,0.6512636,38.259155,0.99977666,1.209373,-0.75368005,-0.40652823,0.39398906,-0.4676506,1.17665,1.4029886,-9.650522,-4.3366776,-2.0430467,0.2857751,167.40625,1,5.5,1.0,70.1
0.32643995,0.46665758,1.9393202,-0.62468296,-1.8759147,0.80323136,-0.07592605,-0.90192956,-2.2335873,-1.3115401,0.23239505,-0.5504049,-5.4588423,-0.22001788,-0.08456169,1.5862359,-0.8100276,-1.7964544,0.7867377,-0.34804466,-0.66205883,-0.4564254,18.89871,-0.37985486,1.7942522,11.166304,-0.043038048,-4.6752667,-0.12829977,-2.87713,1.3723785,0.13157047,-38.697136,0.85926145,0.41876274,-0.6941228,-4.955836,-0.30825013,-0.06489162,-2.1352644,-0.6150371,7.488424,7.0244956,-1.4579601,0.26315016,943.5625,1,31.0,1.0,77.8
3.4635904,7.866024,0.2742993,0.18614054,0.6711153,1.269489,0.91707104,-0.048431378,0.9696679,-0.25376853,-0.49810073,1.1456655,3.2816584,-0.009374395,0.50710887,-1.0868368,-0.35190198,-0.6152113,1.114116,-0.36980653,1.1302686,2.1772585,-3.5117435,-0.3547303,1.260908,-7.6066027,-0.67106396,-1.1292415,1.7515316,-2.7040758,0.023012374,-0.36261898,34.39447,0.3523942,0.8223531,0.49493,-0.61728626,-0.3177821,-0.19986139,0.2800887,-0.8004608,-2.3075275,-1.2000178,-2.5490391,0.07335974,1147.4938,0,100.0,0.0,37.7
-1.5037183,-11.873585,-2.1238244,-0.06581459,-2.8278258,-1.081104,1.0786992,-1.690006,1.057005,1.4863651,2.4070761,-2.6582854,1.6669356,0.42547083,0.08579677,0.7466877,-0.27422652,-4.777764,-1.2080123,0.2834901,-0.06687308,-2.8790565,-6.9918175,-0.7465361,0.6283953,3.474874,-1.1052204,-3.4129617,-2.0623105,2.773791,-1.1512735,-0.3162829,0.17753135,-0.40318716,-0.16854021,0.5196751,3.3374243,0.73040205,-1.3360151,-4.900805,-1.4979013,1.8975053,-7.472755,5.386849,-0.5932211,1957.1313,0,100.0,0.0,64.3
-0.20694259,2.0235803,-0.9626403,0.71383345,0.7034224,-0.99279064,-0.113260746,2.1207025,2.0571797,0.32485935,0.6175319,-1.7633893,-5.572578,-0.17444916,-0.31376213,-1.9395818,0.19569363,-1.4379271,-0.2581515,0.35643178,0.36414415,1.9190437,10.529866,0.74525344,-0.17220335,-16.72405,-0.98405194,0.074306436,1.7742273,-3.0616977,1.3680639,0.8160134,22.9054,0.8833747,0.39001054,0.397106,0.22808304,-0.032849796,-0.37602672,0.63323516,0.12901923,1.1688013,-6.610275,1.4802079,-0.23034517,155.23125,1,5.1,1.0,6.3
0.12119094,-12.722411,-1.6008561,0.3116583,1.5674645,2.9491315,0.6225888,-1.1148213,1.9957039,1.6477383,1.7937397,1.2713313,1.2082918,-0.22419173,0.112807564,-1.4628506,0.41518185,2.7954016,0.42990783,0.0068355994,-0.9295326,-8.098867,-25.685804,-1.0860147,1.3323159,5.428681,1.118887,2.8796275,1.8254064,-2.6333876,-1.1756271,-0.27704653,-62.191845,1.2762719,1.167056,-0.384157,0.6518113,0.13069205,0.8709792,4.830894,0.33528298,3.2642303,0.70663047,2.8614225,-0.5701363,237.4125,1,7.8,1.0,61.5
2.685184,6.9765325,-1.5224031,1.1546376,3.3928537,0.9438641,1.0357788,0.39415175,2.3089178,0.21656018,3.1536484,-2.921062,-6.310134,-0.71242476,0.24241765,0.5108243,0.4046465,1.5067326,-0.8936671,0.30938163,0.64729875,3.9085386,-12.323702,-1.0336089,0.95886856,-14.983796,-0.47051305,3.1338594,1.9215825,-1.3080509,0.7591827,0.13881785,-40.68072,0.079937056,0.06585775,-0.25619268,-0.68600327,0.7981667,-1.2771055,-4.733809,-0.12019471,-1.9181451,-3.0328329,0.22621256,-0.08894464,2922.0,0,100.0,0.0,96.0
-1.145982,-2.5077026,-1.9651011,0.03741833,-2.4261131,-0.6065356,0.6355807,-2.06846,-1.2444166,0.49108675,0.7383143,-2.3743415,-0.4515952,0.08652588,-0.07916307,1.8006651,-0.31863022,3.3177333,0.71464765,-0.051292934,0.9649325,-1.7125909,-6.917387,0.42735326,-0.18332992,-17.67061,-1.6250068,-0.8757251,-0.17552103,2.2739801,-2.1913621,0.061826307,-5.761904,0.5219752,-0.44528213,0.79650944,4.8266816,0.6162852,0.11104934,2.228369,0.016084513,4.06243,7.2244363,-4.085224,0.606106,739.6312,1,24.3,1.0,100.0
-0.21508372,1.9254546,-0.91827,0.7571439,1.0842974,2.739401,0.96628183,-0.9741018,0.24744485,-0.20854457,1.8229952,0.12850545,-0.84169525,-0.34319654,0.1641282,-1.2412671,0.3748299,-1.4636574,-0.08034958,-0.25154495,0.27656087,1.5754795,5.330862,0.7559065,-0.1629039,-7.89012,-0.04101196,1.828318,1.5779104,-3.1982694,0.117715746,-0.18036251,-21.24456,1.1622355,1.083674,-0.043649487,-0.071485475,0.2637378,-0.20977953,2.0754366,-0.83935714,2.2060165,1.4206991,0.8521,-0.079261534,3043.75,0,100.0,0.0,100.0
-1.7371482,-2.8067636,0.83367604,-0.725115,-2.219444,3.141384,0.69058084,0.6187862,0.5374547,-0.91491234,3.1738322,-3.9665227,-0.6619162,0.10906113,0.31358123,1.4428135,-1.2270952,0.41376653,-0.31242344,0.6576287,0.34582618,0.38269246,-1.7508463,-0.49654692,1.4029586,-5.674308,-0.31376186,2.203559,1.3192366,0.607266,0.8106121,0.9090161,84.781075,-1.1748234,-1.105832,0.3168461,0.5201353,-0.17917486,-0.0981055,1.6465446,0.018033853,1.7328078,5.340891,1.5140932,-0.57548845,97.4,0,12.4,1.0,3.2
0.03342148,1.4777329,-1.1442477,1.0898311,3.3798523,-3.5205932,-0.6481777,0.5951668,-0.77188015,0.14630678,-0.6123446,0.49261728,1.8187144,0.040563896,0.29569742,1.149061,-0.7497733,-0.33475605,0.9138717,-0.6464305,0.087838024,-4.3266997,-8.915045,0.40845338,-0.62726945,5.7576947,1.142561,-0.5431312,-2.8854609,3.0190682,0.6793526,-0.06218494,48.81651,0.06894989,0.953012,-0.14867122,-2.7511857,0.13866778,-1.0269133,-3.313338,1.052,-3.2227154,0.11285473,-0.6438946,0.010471917,173.49374,1,5.7,1.0,48.4
-1.596389,-5.3461547,-1.3512486,0.20304026,-2.2662487,3.8981972,0.9215379,-1.4506725,-1.123484,0.0065005957,0.15242217,-2.2397187,-2.9154541,-0.20647497,0.3639833,-2.5945485,0.31820908,0.1927717,-0.7528661,0.7065471,0.7178051,3.0594878,-0.9091534,-0.29561937,0.46815208,7.0480247,0.8480828,3.0702598,0.12573056,2.499949,0.0021897126,0.8723978,-11.247335,0.9901108,0.1932713,0.5494149,4.542299,-0.086790584,0.55847955,-1.2838591,-0.37396234,6.316087,10.71824,-1.481482,-0.011891723,45.65625,1,1.5,1.0,100.0
-1.3774372,-10.3747425,0.3627884,-0.009138599,3.4465864,4.793979,0.03430293,1.1659402,-0.9852167,-1.0001218,-2.1490762,-0.50137424,-3.241676,-0.4758135,0.4801418,1.7525084,-1.4820551,0.21056825,0.23916024,0.41949886,-0.12559786,-1.6206257,-2.7328675,0.30847487,0.54123044,-0.3357966,1.0457742,0.2186908,-0.0832561,-0.67274797,-0.880579,-0.049360238,-56.774124,0.7110017,-0.21874985,-0.28102344,-3.5255594,0.00020583448,-0.01637472,3.5810704,0.7930846,3.1406722,-4.9529285,2.0159383,0.07378923,54.7875,1,1.8,1.0,66.4
1.1728249,-0.7011202,-3.006608,1.2825373,4.150932,-0.8662747,0.09511596,-1.0170362,-1.5322214,-0.5628319,2.2345233,-3.7449105,-0.8565085,-0.17426574,0.5450174,-0.38017216,-0.3465209,3.0542006,0.22618778,0.28091872,0.0038685019,-5.679266,-2.52842,0.024814181,1.1943252,-14.85349,-1.6030903,-4.2971964,-1.6930554,1.2136662,2.1586823,1.0179813,43.407234,0.7772661,0.57180154,1.3563079,4.7596717,-0.31106624,0.14193866,-3.0434487,1.350542,-1.3448352,5.8659043,1.3848705,-0.37279576,553.9625,1,18.2,1.0,64.0
0.47356302,6.3135715,1.2006263,-0.13683717,2.5750976,0.7042082,0.24036968,0.28021276,2.1235602,1.3371017,-0.24325594,-0.5970267,-0.30360532,-0.6585048,0.5782862,0.11856252,-0.22868311,4.614908,0.91652226,-0.019650072,-0.057676543,-7.6691427,-4.912397,0.9843235,-1.6628493,-5.1913195,-0.1962763,2.018324,1.2710642,-1.6194267,0.51770025,-0.6067123,-140.22775,0.21583052,-0.8389474,-0.40855107,-4.2518115,-0.15843095,-0.4008228,-2.8949354,-0.71426433,6.0925465,14.041729,-2.5862675,-0.04768663,1658.8438,1,54.5,1.0,100.0
-1.7788403,-6.355657,0.5539671,0.12870665,2.3171508,0.5137025,-0.4567188,-0.45626855,-2.8307943,-1.399183,1.2596041,-2.6616352,0.95234,-0.069962285,0.4542101,2.6648993,-0.47125706,3.9444726,-0.14494638,0.6786336,-0.1356053,-0.4342242,0.9582267,-0.18280555,1.589104,-11.591348,-1.6983505,-1.1015251,2.573632,-3.3492327,1.4673858,0.5161638,-12.432831,0.69238484,-0.15410203,0.79149806,-2.933743,-0.44773003,0.39443398,2.805324,1.1351217,-5.8014073,-13.457391,0.63448644,0.4498046,1926.6937,0,92.3,1.0,63.3
3.0504878,1.1647425,0.3780952,-1.170154,-3.6024218,-2.1833625,0.10493275,0.29277754,0.625901,0.35766596,2.4778588,0.4892011,6.3703513,1.0058743,-0.57130444,1.7906233,0.4784804,0.66009694,-0.77530986,0.19913998,-0.1651566,-2.635613,-25.278574,-0.42817974,-0.40239653,-4.5772796,-0.4626654,0.6378574,-1.7398585,2.9178627,-0.9765419,-0.23194575,-89.009995,1.2231793,0.39353535,0.3332577,3.5584657,0.66351205,-0.61015636,-2.4260576,-0.84199786,4.079299,8.719196,-3.2577617,0.4794749,560.05,0,54.1,1.0,18.4
-0.17246403,0.37042186,0.17415525,0.6701564,2.8552256,2.1189873,0.29930636,0.89747965,2.622431,1.6850593,2.5920339,-2.4522395,-4.9323893,-0.099439085,-0.21738638,1.2438276,-0.35039666,-0.4413432,-0.4816073,0.5328656,0.44785005,-3.972431,-3.6445475,-0.047998898,0.79495186,6.49924,0.826818,0.27123106,-0.18210849,-1.1109276,1.8710145,0.61861706,0.6818101,1.2811127,0.95026004,0.3838426,-0.20954128,0.08519525,-0.7301376,-4.4998126,-0.4882925,4.3572493,9.721052,-4.972495,0.6696475,3043.75,0,100.0,0.0,100.0
-0.93267864,-1.6197767,-0.98088247,0.07901322,-1.8407589,-2.1352196,-0.092213295,-0.9142504,0.4220488,1.4966031,-1.1739339,0.30979282,1.8020558,0.48520404,0.01934744,2.2946677,0.29149216,-0.7273121,-1.2678952,0.21297437,-0.11017148,3.683735,-4.219443,-0.91391283,1.2161252,-0.24811727,-0.072802275,2.163391,-0.27927303,1.1847643,-1.7753692,-0.5192265,-22.647364,0.95083994,0.95331484,0.86338127,2.3204274,-0.26969928,-0.52803755,-4.505909,-0.7206458,4.3994765,8.003531,-2.583865,0.257187,2903.7375,1,95.4,1.0,100.0
2.189073,7.2930727,1.377086,0.15073687,1.4068795,0.048868753,-0.68650895,0.34612837,-0.939417,-0.7595196,0.3313303,-0.97535706,-1.2822156,-0.3860636,0.542246,0.031391032,0.78845215,-0.64389414,0.3636884,-0.38071516,1.0433706,7.684244,-1.2081386,-1.2152433,1.3508083,9.929446,1.005904,3.4349754,2.3368084,-1.9007571,2.2922795,0.40384257,17.305882,-0.4353505,-0.08069181,0.07090281,-6.535304,-0.6019887,1.0075881,3.618864,-0.44197482,-1.9262326,-10.404124,2.8746543,-0.12339551,849.20624,1,27.9,1.0,90.3
0.5360815,-0.011476337,0.031030012,0.5425151,1.237716,-4.8083057,-0.91464305,1.0383648,1.8963213,1.1433923,-1.6516232,0.6324601,0.19912946,0.5385233,-0.57881993,-0.36583596,0.60413694,1.3606865,0.21853183,-0.38450465,-0.6100913,-6.7219496,-7.4766746,0.2035966,-0.28663415,-2.4107318,-0.6700691,0.7347163,0.09573491,2.956895,0.3646076,0.7300637,28.48782,0.22404648,-0.22791873,0.5216714,-1.0623158,-0.7734012,0.14766331,-3.3787334,-0.053476952,-0.23249792,-13.267875,1.3508539,0.32787237,1683.1937,1,55.3,1.0,100.0
-3.1044972,-2.2791927,2.2452128,-0.044345,3.1647897,4.7389493,0.22092186,-1.2073092,-1.1405746,0.7255647,0.07173437,0.7831516,6.144378,0.09800734,0.428854,0.0071358373,1.030482,3.0905821,-0.20339751,0.68384945,-0.7395463,-4.396099,2.7753227,-0.20953274,1.6534352,4.7941384,0.61193115,0.17658663,0.46531633,-2.5082042,-1.4499906,0.36103842,134.0126,-0.06502957,1.0074619,-0.6629064,-8.191447,-0.4269386,-0.2867146,-1.4856366,0.18372232,0.7816234,9.760245,-5.7219853,0.60562336,267.85,0,69.1,1.0,8.8
-0.955705,5.0385103,-0.5610379,-0.063401535,-3.0327716,3.2826235,-0.5366838,1.8523364,-0.105991244,-1.2861078,2.0367913,-2.698215,-1.6799762,0.44471037,-0.41790903,-0.7094731,0.33804345,-1.0541196,0.23981372,-0.09234219,0.67068124,3.8755457,22.246244,-0.028394353,1.670113,1.302666,0.50106204,-0.40460297,0.10122031,-0.67122394,-2.1790555,-0.6060863,-40.486034,1.0587372,1.1439223,-0.33180797,-4.7479305,-0.3059158,0.31368762,1.8810927,-0.53834903,7.4823356,-0.17289421,-1.2635217,0.4714839,578.3125,1,19.0,1.0,70.1
1.11177,5.782163,1.5441326,-0.2940045,-0.75810516,0.91544074,0.36351287,-1.6654451,-3.1736326,-0.9527473,2.677739,0.1703653,0.1715542,-0.18023711,-0.15967284,-0.22684714,-1.0992327,-3.7918231,-0.7081463,0.0018291874,0.18048897,-0.08971079,5.6491756,0.94609004,-1.0512528,-1.1196179,0.23543155,0.7840874,1.871808,-2.8711565,0.011554997,0.27005008,25.74041,-1.1614326,-1.036525,0.9148005,1.3694204,-0.6532056,0.18502389,-2.2246468,0.0012034397,-1.5319525,-9.570758,-0.30151054,0.52959,255.67499,1,8.4,1.0,35.9
1.9472275,5.287566,1.5961158,-0.113740295,1.8853855,4.303822,0.91091937,-0.49015293,2.0105534,1.2805643,2.4605236,-2.1682804,-5.590461,-0.8126618,0.35832286,1.0016057,-0.12199429,-3.9094486,-1.3277907,0.34762877,-0.2765763,-3.1424673,6.9718523,-0.16779035,1.8081982,8.8767605,0.9497721,3.662562,1.9711316,-1.6950631,2.2867036,0.4893894,43.855156,-0.46743333,-0.070029415,-0.63020045,-2.1854684,-0.49038708,1.0037363,3.746463,-0.106363066,-4.1582813,1.6821941,-5.31299,0.6289634,922.2562,1,30.3,1.0,100.0
3.1076374,6.233688,1.6911974,-0.5829541,-0.19861132,-0.83246493,0.26029205,-1.1177332,-1.204399,-0.25065243,0.36205354,0.573635,0.05147039,0.083893724,-0.42552823,-2.7917948,0.31364533,-2.3341963,0.6546245,-0.499004,-0.27382898,0.4539622,15.38553,0.29280317,0.73383796,-0.6085371,0.7496182,0.13693279,-2.0409677,1.5570585,-0.01522353,-0.18313695,89.33905,-0.09588184,0.74311364,1.2729249,6.8855906,0.07378216,0.8260954,3.293404,0.7196535,-2.1999342,-6.119364,0.5287912,0.056107745,581.35626,1,19.1,1.0,55.8
0.58271575,-10.582509,-3.006929,0.28931233,-2.2804215,3.3812015,-0.22961317,1.5453594,0.24150693,-1.3636545,-1.1353343,-0.172037,-0.30991042,0.19162242,0.18422043,-0.20573942,0.43721208,0.8711352,0.42242506,-0.0004723233,0.76383096,2.6648066,-13.71113,-0.64487606,0.59673834,13.777455,1.4842263,2.3585737,-1.3448353,3.1437318,-0.10068239,0.39470553,15.98458,0.18904231,0.02663873,0.5772172,6.9828157,0.45853326,0.30391636,2.8439367,-0.8584002,5.1071877,14.966571,-0.24326973,-0.60389906,767.025,1,25.2,1.0,100.0
2.2330472,13.3442,2.1117208,-0.583411,-1.9548073,4.7271714,0.96810377,0.1053463,2.027075,0.57273525,-0.18049894,-1.0540272,-2.5581503,0.44911185,-0.5412255,2.3731277,-1.1801554,-2.6919339,-1.2616047,0.654408,-0.40927005,-2.4073365,-22.734627,-0.77878064,0.35078898,4.771928,0.4895584,2.626789,1.73091,-2.5087297,1.0780956,0.3310236,13.129617,-0.7221651,-0.99007934,1.3871353,0.46465483,-0.7873528,0.9001083,1.8950819,-0.6308687,1.3852974,5.4829774,1.3201152,-0.47942057,1244.8938,0,100.0,0.0,40.9
-0.562704,4.539007,1.5382296,0.012533694,0.20581567,0.13683176,-0.4669542,0.21627934,-0.533865,-0.54848367,0.924868,1.5385356,-0.37642735,-0.20290057,-0.10978633,0.26214355,-0.0264111,1.3824998,0.7466948,-0.5364953,-0.48672396,-1.3580105,5.1630106,-0.48259324,1.5564414,-0.76080656,-0.7043398,1.51266,1.4771231,-1.055006,0.31553957,-0.49588677,-25.17056,0.13910517,0.9488543,0.49151754,-3.52118,-0.5535493,0.79411566,2.2746124,-0.17934036,0.0030084462,-8.505443,4.926039,-0.43322718,216.10625,1,7.1,1.0,65.2
-3.3721578,-9.253949,-0.21314776,0.12417971,2.5619373,-2.6621766,0.67833275,-0.16351809,0.95137775,-0.2731652,0.5981217,-1.8644195,-4.8980017,-0.02185731,-0.5090037,-0.8486417,-0.108478315,0.96491754,-0.2676226,0.6198353,1.0984318,4.3371744,-2.1179917,-0.7736021,1.1958929,3.8516364,-0.92954975,-4.2026978,-1.5954648,0.1481739,2.8745794,0.6066727,-20.61616,1.4713881,1.1504142,0.09025241,-0.14735289,-0.16966805,-0.10975912,-0.963021,-1.1255713,3.5617113,-1.5899794,1.8811117,-0.08458596,782.2438,1,25.7,1.0,26.8
-1.382867,2.4429,0.5815754,0.23670428,0.93622,-4.7343087,-0.39156976,-1.3763216,-1.1324236,0.2889797,-1.4393297,1.6839933,0.3206361,-0.47697642,0.09729098,-1.2452306,-0.7156186,0.5040968,-0.05446425,0.62160873,-0.8374765,-0.65815914,18.307756,0.5336501,-0.21886006,-8.001724,-1.2074267,0.1258179,-0.27216265,2.917234,-0.21439895,-0.75702137,-15.360721,-0.4955921,0.0739674,0.008368073,-0.17544569,0.13115913,-0.8772811,-3.704471,-0.46725672,-0.83622193,-0.2189795,4.460704,-0.5575428,1445.7812,0,100.0,0.0,47.5
-1.4988213,-0.10233629,0.85696584,-0.058227655,-0.7823987,0.9800822,0.40981856,-0.7241034,-1.1891438,-0.08370312,1.6507666,-2.328461,-5.8406014,-0.12135309,-0.21882938,-0.798891,-0.00966741,-0.4000172,0.86188644,-0.65103716,0.7963757,2.4080138,2.8854742,0.497558,-0.3747045,-9.080431,-0.47877097,-0.95080423,0.04210781,-1.6332302,2.0105555,0.42216825,109.13996,-1.4052532,-0.62989956,-0.4016978,1.1504194,0.1081788,-0.099973336,0.53127605,1.444167,0.96629995,3.8972511,1.0015202,0.12390442,2635.8875,1,86.6,1.0,100.0
0.09523039,1.953866,-0.00034131733,0.83680606,3.3926656,-0.3827976,0.12867828,-0.9749568,1.3385154,1.3539764,-1.0036999,1.878459,4.1918783,0.5449591,-0.24414697,-2.035166,0.7518531,-1.4394604,-1.1753178,0.27668023,0.3362082,7.326491,6.735552,-0.38921288,0.36298922,10.107447,1.3829536,1.751056,0.5643837,-1.0838302,-1.5131528,-0.06110275,35.317467,-0.85508364,-0.567345,-0.89887375,-0.8985756,0.5949653,0.4541561,4.9536533,-0.8537492,6.8496566,9.700788,0.23262766,-0.45367163,252.63126,1,8.3,1.0,65.0
0.6690251,-4.7985296,-0.84383905,0.15340817,2.4273674,-0.08867634,-0.40779522,-0.40503407,-2.3094156,-1.770612,-1.3664219,-1.5276458,-2.7193623,-0.45913267,0.3560204,-0.76923424,1.1864965,-1.4455079,-0.30200723,-0.36343175,-0.046400525,0.6016736,6.425731,0.047789074,-0.7071607,1.3524969,-0.35310635,-2.1206646,-0.5627553,1.2183459,-0.6912917,-1.0301849,-6.270797,-1.2392683,-0.5062318,-0.08787693,0.9343463,-0.16133553,-0.5497274,-2.18,-0.82081336,-2.7442238,-2.7865283,-4.619029,0.50429565,487.0,0,75.3,1.0,16.0
2.3433459,3.184323,-0.11153733,-0.73664653,-4.0817404,-0.82358,0.5062869,0.78014195,0.6997348,-0.5728842,1.8928143,-0.38903016,3.0974135,0.4704866,-0.29750967,2.2732165,-1.5993842,-0.5202404,0.9523819,-0.029345108,-0.72811073,0.5604473,-1.8290001,0.15204167,-1.4614127,-6.138992,-0.86995023,-0.4601669,0.8501603,-1.9380499,-1.4303454,-0.5125569,-12.6076975,-0.84552413,-1.0468304,0.23426037,-3.3463228,-0.42735577,0.9125565,2.3208148,-0.019973595,5.562073,-7.257376,3.434923,-0.12883732,3043.75,0,100.0,0.0,100.0
-1.2963338,0.63711935,0.15811089,0.67296886,3.5695674,2.6248884,0.35526,-1.5681751,-3.343133,-1.3638546,0.89743483,-0.57637715,0.64766157,-0.060889,-0.03729829,-0.24242684,0.2628944,4.6280856,0.6434946,0.16913603,0.25422192,-4.1132827,4.3809323,1.0930804,-1.6530432,-4.8663363,-0.20102584,3.7821114,-0.4149546,3.2588654,2.5964,0.5723822,49.240482,-0.9126464,-0.876168,0.7230007,-0.579512,-0.40992406,0.030225247,-2.8621483,-0.33971664,7.132133,8.289526,2.349477,-0.5662087,837.03125,1,27.5,1.0,84.6
-0.74311286,-10.472727,-0.3074244,-1.068515,-3.7475908,1.7652042,-0.33121976,0.6649352,-2.6117787,-1.7555203,0.49497515,0.17709726,-6.013834,-0.27568755,-0.24343449,0.1037545,-1.073175,-3.4850001,0.14864638,-0.5772065,-0.13090773,-1.6664442,8.658667,0.2189371,1.0095356,-1.5382198,0.29627085,-0.16712736,-0.2767385,-2.6912088,0.39681387,0.55040604,47.40124,-0.6816944,-0.6422691,1.1784017,-0.42928395,-0.44122037,-0.37467143,-3.7886684,2.1005754,-3.31296,4.6157303,1.8603277,-0.56634086,420.0375,1,13.8,1.0,90.3
-0.2601799,4.531476,-0.413225,-0.38787547,-3.3757699,2.6654153,0.7230293,-0.013441562,-0.29954037,-0.6420083,-1.996017,2.4760668,4.1898646,0.20755878,0.10229629,-0.069445394,-1.8702642,-2.637137,-0.057954367,0.12476806,0.24283068,6.932579,-4.271277,-0.7008304,0.052659072,-5.464057,-0.7209267,0.5142479,0.61147857,1.030235,-0.12647715,-0.7461127,-2.5911999,-0.64041144,0.29131135,0.6608978,1.2516707,-0.25393745,-0.29982397,-4.977504,-2.273615,9.733926,2.289795,-1.2459992,0.5549874,3043.75,0,100.0,0.0,100.0
-0.15671466,2.523301,1.6774181,-0.9328921,-2.5130277,5.6598334,0.1460094,0.21374318,-1.2337786,-1.1045239,3.0709596,-1.7549628,-2.5414255,-0.40364546,0.21583387,2.056032,-0.723102,-2.210639,-0.033971917,-0.6463032,-0.8179389,-2.4657762,-13.553877,-1.0436909,1.4376595,1.1254146,0.22197755,-0.5940557,1.9637939,-2.9726293,-2.2518294,-0.6301781,-50.281082,-0.27261078,-0.43625045,0.5183508,3.1456552,-0.25009403,-0.17004418,-3.3404212,-0.72506875,8.014348,2.1871653,2.7244802,-0.25277933,511.34998,1,16.8,1.0,100.0
-0.7809484,-4.842087,1.7039131,-1.0840697,-3.2722464,-1.3385227,-0.39694107,2.4280462,1.9681664,-0.009931005,-1.1451391,-2.5709245,-7.0608087,-0.8898332,0.46588534,1.0086265,-0.9446712,-0.49925688,0.5219688,0.010456525,-0.5406195,1.0854893,17.742647,0.33916068,0.62081075,7.2593217,0.6191848,-0.12414061,-1.2600054,3.2282314,-2.8705125,-0.9145828,-17.411152,-0.5415344,-0.07865501,0.44433412,0.19076101,-0.66426283,-0.34883568,-4.9338865,2.303023,0.1116076,2.8315618,3.0609777,-0.17941199,70.00625,1,2.3,1.0,2.3
-0.14519733,-6.2287993,0.7557386,-1.0004972,-2.6991136,0.98499227,0.22942917,0.5079342,2.3496873,1.2068224,-0.67861223,-2.1294556,0.066980995,0.2811238,0.20478928,0.06546726,-1.3121345,-3.0980444,-1.0780894,0.52730316,0.40493342,6.5243793,21.152534,0.41943288,-0.16220489,-12.877606,-0.1896475,3.6466353,2.6615396,-2.481756,1.433132,0.3512212,-20.253468,0.82817495,0.5652591,0.55746835,-4.22883,-0.17659464,-0.94862694,-4.830914,1.241481,-2.124986,4.850235,0.68217564,-0.25694677,2508.05,1,82.4,1.0,98.6
0.7261103,-5.0767527,0.8475707,0.15756479,3.716603,1.8197088,-0.18351369,0.8294441,1.5509022,0.67064893,-3.127513,1.6823239,-3.4950879,-0.47169384,0.08482729,0.41292813,0.5856247,4.6835027,0.9008461,0.103984684,0.41340375,5.503376,-9.927292,-0.5668249,-0.31856814,-0.49304634,-1.2741603,-0.35443246,2.359043,-3.148596,-1.5173713,0.45570907,16.07027,1.5004364,1.0318482,-1.4770709,-3.2944903,-0.190651,-0.27297416,-4.873511,0.26357567,2.4739318,8.14672,-1.6020999,-0.18747714,292.2,0,38.6,1.0,9.6
-0.30520305,4.2326193,1.0601957,-0.87601066,-4.014953,2.379119,0.0877836,0.6008288,2.9553642,0.86257285,-2.7624056,2.0961757,-3.648856,-0.56342095,0.052631058,-1.916778,0.31561425,0.042978,-0.61544687,0.33204475,0.864764,-0.44005188,-5.7085185,0.7060627,-1.2535679,-10.73865,-0.5520504,-1.2484584,0.33177403,-3.1396868,-2.0627093,-0.17775021,-10.298817,-0.86380655,-1.1820031,-0.65493834,0.6055662,-0.012576934,-0.40039846,-4.0545187,-1.0872347,5.837777,0.52959037,1.0983641,0.041574318,1798.8562,1,59.1,1.0,100.0
-1.1693393,-11.095501,-2.3642719,0.045474276,-2.1573355,6.112926,0.19447084,1.279752,2.5097141,1.189303,-0.32222396,0.8814411,5.3310013,0.8160486,-0.41281712,-2.596023,-0.169975,-3.5048919,0.40601513,-0.39299804,0.2747356,2.0180693,11.654831,0.9487742,-0.8807699,1.9138608,0.88599706,0.15207583,-0.7073482,1.2533326,-2.2416162,-0.5148521,-75.42792,0.34394312,-0.48458123,0.041555583,-5.217463,-0.3764765,-0.61021835,-4.1377234,-1.0936632,-5.872853,-5.818258,-2.9278133,0.37570864,569.1813,1,18.7,1.0,92.9
0.87831414,-0.9118453,-2.8565323,0.7311599,0.7120161,-2.0513158,0.14482932,-0.52958655,-2.6806266,-1.4210407,0.31832987,-0.98303276,-0.4529349,0.092693135,0.07162152,-0.93187875,-0.020480946,0.21797352,0.94266427,-0.07131949,-0.8518756,-7.335604,-20.253067,-0.2794114,-0.10899642,-9.921495,-0.9953771,-1.1879632,-0.08138731,2.0460777,-1.5629597,-0.09474841,67.17991,-0.35942325,0.54875594,0.5236082,3.1045523,-0.00975011,0.16604134,-3.3189995,-0.72865367,-0.046276815,-11.327819,5.771939,-0.6017676,2833.7312,1,93.1,1.0,100.0
-2.2472029,-9.714234,-1.3409053,0.106022395,-1.5430301,0.9745383,0.9123213,-1.028386,-0.8739716,-0.85080683,-2.2530873,0.17828697,2.7880673,0.47998872,0.00034462637,-0.41822997,-1.0382549,-1.2636582,0.31013206,0.07526112,-0.16742542,1.9251938,4.3297014,-0.94203347,1.3229616,1.3172219,0.55396587,3.2149868,1.2473571,-1.1124443,-0.07537478,-0.30872205,16.915005,-0.72558534,-0.62568116,0.81393516,1.0058552,0.1227889,-0.901955,-4.236299,-0.95400035,5.675605,8.761249,-0.25991237,-0.30828106,1491.4375,1,49.0,1.0,100.0
-0.35786483,-8.012,-1.3621128,0.5087641,0.46445987,-0.72372663,-0.60326236,-0.47836283,0.3707994,1.5191407,-0.5054623,-2.7403245,-0.34702072,0.079996,0.20858894,0.34475595,0.111573435,4.9848523,1.211158,-0.2472746,0.20826595,2.166385,15.810345,0.14596297,0.48174864,3.9044652,-0.06458768,-1.6349822,-0.94900995,0.649247,-1.1008453,-0.12506124,65.29061,-0.53291917,0.04891485,0.787292,3.3022847,0.27501202,0.68674344,4.959728,0.7992821,0.89079875,-1.0188569,0.4326959,-0.002488903,200.8875,1,6.6,1.0,100.0
-0.9765133,-8.510628,0.2533013,-0.32807657,-0.052786548,4.2934523,0.44223756,-0.09811559,-0.9697577,-1.7360454,0.44196826,-1.9104848,-1.6985903,0.17360958,-0.032626007,3.0870135,-1.4405687,-3.9297876,-1.6671656,0.5635594,-0.97414327,0.08994541,-2.2427282,-0.069612995,-1.532763,-7.508603,0.16993536,2.92957,-0.63714415,2.6522698,0.31040332,-0.64992636,15.111449,0.14575247,1.0738071,0.81267387,0.2992874,-0.23604544,0.085328355,-0.87896556,-1.9568597,6.0824814,1.2929876,-3.4213426,0.6695371,3043.75,0,100.0,0.0,100.0
2.1060464,5.823278,0.9133817,-0.60461503,-3.6437256,-1.735189,-0.13885415,-0.9940434,-2.471273,-0.37433067,-2.2206752,1.1389872,2.3215919,0.35936263,-0.28421867,-2.0928326,0.22620319,-0.74382174,0.3723822,-0.30398124,-0.29166678,-1.8022889,-14.926192,-0.25275618,-0.0066688377,-0.4983851,0.37635568,-3.319884,-0.78511953,-1.3973203,1.7699682,0.24630804,2.683272,0.18365182,0.03534597,-0.15503772,0.21979558,0.26243928,0.2653686,3.3967712,2.1659536,-3.138926,5.9325643,-2.1107488,0.052462548,1327.075,1,43.6,1.0,100.0
-1.6470517,0.7290366,0.29524696,-0.2971591,-2.508142,0.743101,0.5776592,-0.9756561,-1.6658714,-1.1552187,0.28391546,-0.39266884,-0.33240622,0.2150444,-0.35203394,-0.87055403,0.27152342,-1.5177823,-0.5178398,0.13965942,-1.1248481,-4.6672363,-9.684054,-0.28788835,0.16164711,-8.776893,-0.70883375,0.014917938,1.1336778,-2.2361686,-2.369795,-0.49310088,-44.035515,0.49300566,0.5012785,-0.3782954,-0.009085228,0.89764184,-0.2929763,2.040563,1.3302274,1.8333248,4.0097523,2.6875648,-0.60379946,359.1625,1,11.8,1.0,34.0
0.36246496,-4.7038875,-0.5055101,0.09505224,-0.42257243,-2.811549,-0.9415147,0.42951736,-2.170235,-1.3102562,1.7053297,-1.8893448,3.9735234,0.37411064,0.14988543,-0.22853692,-0.78706104,-0.93696195,-0.71863794,0.44668236,0.9572768,1.6300007,-17.207092,-0.50710624,0.22547863,-2.8020265,-0.62539506,-0.5105308,0.5556145,0.8949581,2.1155124,0.7625696,-35.148663,0.7766288,-0.16929819,-0.2084848,-2.1575308,0.41106248,0.21000426,5.063736,0.22031951,-9.421538,-13.028769,-1.1456323,0.61182135,1944.9563,1,63.9,1.0,70.7
-1.5842644,6.165721,2.1642513,-0.93963057,-3.3664892,2.7278204,-0.3009836,-0.16898122,-0.52656645,1.3338546,-1.3347125,-0.12111982,-1.0738525,0.6902016,-0.47214296,1.856078,0.020955987,3.0466294,-0.33401573,0.39348188,-0.35879338,-6.6047435,4.995072,0.97063553,-0.7492569,2.4157705,0.50872326,-0.62149876,-2.9251852,2.9197357,0.6404661,0.10374386,-100.78502,-0.0041761543,-0.82081497,-1.2810179,-1.5309601,0.1502343,-0.5142597,-3.320984,-1.1370943,-2.1774054,-6.754568,-3.267657,0.5790307,432.2125,1,14.2,1.0,100.0
0.11537898,-3.0652125,0.22175969,0.12891236,0.18744071,0.59386736,0.016554572,-0.8209056,-2.2421606,-1.6147774,-0.8885279,0.2943692,-0.34166253,0.8897529,-0.538535,-0.3080213,-0.5855886,3.0342817,0.40788913,0.3953783,0.33958408,6.1243453,14.747524,0.014148046,0.25980544,0.3003654,0.36125714,0.53987056,-0.9485165,0.61193687,-0.797362,-0.30931094,-5.0040936,0.21131068,1.0485096,-0.7174649,-1.288772,0.0413577,-0.47096616,-3.9753366,0.41801348,6.135828,9.556672,1.3704897,-0.6417277,57.83125,1,1.9,1.0,100.0
-0.9998825,3.1801968,2.3671958,-1.1475487,-3.455241,1.2260585,0.45560715,-0.1748708,1.7506486,1.5903753,3.2936752,-0.021771023,2.1178296,0.30815256,-0.3483033,-1.0948573,1.4471595,-0.09083888,-1.2774799,0.35610598,0.03120461,-0.24120015,1.0456073,-0.60236794,0.6258133,4.466466,0.54144686,-0.9467156,-1.5500749,2.4628518,-0.176612,0.23442982,11.348067,-0.81367266,-0.6466691,-0.15813817,2.5259633,-0.33795953,-0.016952282,-2.577894,2.2103546,-7.4217606,-8.496904,-0.5956943,0.39850095,140.0125,1,4.6,1.0,100.0
-1.7822149,-2.326038,-0.28525674,0.8421999,3.8654983,-0.3237521,0.31964338,1.3656895,1.4477223,-0.014118707,2.2164936,-2.212279,-1.3917525,0.5056604,-0.45455632,1.9167207,-0.56273067,-3.478853,-0.04650327,-0.41100687,0.8849043,4.704624,-4.970243,-0.5072109,0.01918175,-4.4442954,-0.39120495,-0.9864161,1.7555757,-3.0975797,-3.2377717,-0.14834782,40.667744,-0.6534868,-0.9974519,1.3906218,8.826153,0.23623285,0.09209238,-1.3987656,-0.40560138,5.7251945,11.515751,0.60854733,-0.4871738,873.5563,0,100.0,0.0,28.7
-1.5513535,1.4470727,2.2056277,0.2571016,3.524606,-0.253178,-0.074725054,-0.4183952,0.030888464,-0.4686094,-1.8442621,1.1059535,0.7990705,-0.17195165,0.4884166,-3.1664968,0.7608989,-2.9000127,-1.2434676,0.29514393,-0.47686124,-4.3698606,-12.237066,-0.35938132,-0.3624805,12.313412,0.7757938,2.0661607,-0.99239933,2.979686,2.3148985,0.8964096,-4.719407,1.1862575,0.4941997,0.541628,3.854229,0.2804506,0.08865601,1.4622294,-0.52682465,2.900723,-2.7444727,4.1143923,-0.30801684,127.837494,1,4.2,1.0,38.0
3.5565236,5.16731,0.7735775,-0.96333504,-3.3969617,-1.1104609,0.42866784,-2.003494,0.25007123,1.6813409,-1.6320962,1.7307798,2.1603084,0.62592083,-0.2808842,-0.14955454,0.17147197,-3.8740828,0.14515299,-0.43997297,0.90043634,6.1005754,14.813603,0.44858786,-0.7953471,-4.4687896,0.30890328,4.02888,-0.24521811,3.0912251,2.3533258,-0.06704837,-26.0782,-0.8639509,-0.7840156,0.06753083,-3.3207738,-0.2798777,-0.08317253,1.1508633,0.2065656,-3.0572116,-7.319955,3.7292814,-0.4733887,3043.75,0,100.0,0.0,100.0
-2.3794358,-6.59884,-0.0683028,-0.69733524,-2.0131226,4.312713,0.6142228,-0.027672745,-0.868078,-0.91815877,0.27144736,0.92584884,0.7577133,-0.19469838,0.059070222,1.4480165,-0.4092209,-0.37006116,-0.23702908,0.042894553,-1.0176662,-3.805076,-12.964656,-0.39918596,-0.6445246,7.741332,1.0407157,4.3147287,0.70905817,1.6436085,0.42897272,0.11472905,-8.112236,0.392766,0.21145211,0.9438795,-0.97177476,0.014517643,-0.9592784,-3.742924,1.7178621,-3.4668434,-2.5932825,0.94085324,0.21342438,225.2375,0,17.9,1.0,7.4
-2.3458683,-0.22209796,2.0577438,-0.22447003,0.64881736,-1.0642031,-0.27980793,1.2631031,3.986964,1.8219416,-0.6284444,-3.2753782,-2.8077693,-0.21112822,0.33621895,-0.21535702,-1.0099705,2.1614363,1.4259889,-0.26319298,-1.1605914,-7.4397507,-6.4783654,0.23570274,-0.033852194,-1.5900421,1.1395444,3.4539444,0.91359967,-0.06921273,2.3076453,0.5871317,30.198448,-0.28236577,-0.40108517,0.28881615,-0.6572042,0.517757,0.1811184,3.8272245,-0.6670349,-0.40490377,-5.3594475,3.778627,-0.4239824,3043.75,0,100.0,0.0,100.0
3.3404706,13.256271,1.4578055,-0.45398554,-2.7075574,-0.21862419,-0.5897164,-0.30422252,-2.2862144,-0.83208114,-0.75195426,2.6063108,-1.6112517,-0.13323021,-0.4063195,-1.8736913,-0.60413504,0.43391243,0.08615493,0.58227617,0.10456341,5.998172,7.398858,-0.27411917,0.27497452,-8.013283,-0.6588617,2.9298177,1.7012162,-0.07808678,2.580719,0.71404123,114.73949,-0.84891826,-0.09016045,0.294068,7.16781,0.0840492,0.6620331,1.2536591,1.921586,-7.737204,0.52654105,-1.5608675,0.019789187,523.525,0,100.0,0.0,17.2
-2.3048258,-10.368612,0.2738054,-0.0992629,2.232813,-0.9728735,0.46376106,-0.40042925,-2.0987942,-1.8208494,-1.9035,1.13054,0.44092777,-0.13726424,0.4756959,0.82197124,-0.40408057,0.42287025,0.19346015,-0.17175853,-0.42528123,-3.1978312,-24.416792,0.1716631,-1.6695808,-4.5727215,1.1262906,0.5166723,-0.4179082,-1.4176515,0.6455978,-0.034895904,-5.5064545,-0.49182683,-0.51131725,-0.5083802,-0.9267904,0.36678198,-0.8027855,-2.4937246,-2.4263728,3.9018471,3.183563,-0.21695806,-0.35799518,88.26875,1,2.9,1.0,81.0
-3.1051733,-8.607028,0.96320623,-1.0905509,-3.3641908,2.559271,0.30526808,0.43636045,0.7636971,0.20514956,0.3818816,0.29511034,0.4915811,0.24897476,0.0354464,-1.2993153,0.75696814,-0.19655173,-0.75783694,0.23125468,-0.47499642,-1.0264666,9.01473,0.6123837,-1.4521202,-5.2624707,-0.62797856,1.2218622,-0.5200128,3.083896,-0.16447398,0.008661914,15.908715,-1.0156636,-0.49491268,-0.32156944,1.8510854,0.23194754,1.062657,4.6139817,-2.0744753,-2.1123912,-5.5416465,-3.1542592,0.4045421,319.59375,1,10.5,1.0,100.0
-1.8651104,-11.093341,-2.1947882,0.61895627,1.1913024,3.557184,0.3586808,0.6359068,1.6493902,1.1788116,0.03507292,0.62874854,-2.9152339,-0.4061292,0.38649184,1.314347,-1.0407039,-1.2920184,0.3810897,-0.23644112,0.42629078,-4.7550135,-15.717477,-0.38051295,0.5619441,-0.40673867,-1.2194256,-1.5135685,-1.6173017,2.8563137,0.67114747,-0.010166326,-63.809273,0.14292549,-0.18849806,0.46851155,3.549813,0.16766365,-0.5297208,-2.8708622,-0.023437666,0.49595973,8.776261,-3.6162724,0.24958837,179.58125,1,5.9,1.0,47.8
0.54579055,0.52252924,-0.31765628,0.265567,2.6754854,5.6394763,0.32402956,1.1909056,2.050892,0.86095375,0.24753165,0.5558596,7.1949863,0.25280613,0.19294617,0.23549746,-0.16334006,-1.5034539,0.026925908,-0.035621718,-0.33823156,0.73181444,-7.521573,0.09927773,-0.71458215,-9.157787,-0.0434033,0.44129878,-2.587191,3.3785436,2.2292259,0.7492447,16.423386,0.58779067,0.5136122,0.040563464,0.66512656,0.5226144,-0.61776376,-0.27870595,0.049566083,3.7242336,3.966186,3.30843,-0.32937694,2657.1938,0,100.0,0.0,87.3
3.5563097,13.365992,0.59601325,0.7734998,2.783183,-0.92101705,-0.27939627,-1.2469116,-2.142617,-0.8474299,0.6723443,1.1326828,6.1579947,-0.20579842,0.5236689,1.6456491,-0.68388885,-1.2380557,-0.6320165,0.20876339,-0.50784916,-4.2000923,-17.97334,0.41540655,-1.5537308,-2.2694774,0.86970025,-1.12623,-1.3571482,0.21010254,-0.54753524,-0.3120935,10.154738,-1.4069118,-0.9649719,0.854053,-0.73774266,0.27145565,-1.2095634,-4.2151456,0.45421308,-1.7926636,6.4866524,0.6990597,-0.3812663,380.46875,0,43.1,1.0,12.5
2.0401716,-1.5150857,-0.9278438,0.2234285,1.8719788,2.9407895,-0.0636383,0.49721357,-1.0840845,-1.7134734,-3.1403446,1.7445436,-2.1872294,-0.70667917,0.547414,-1.140842,0.9797567,5.12258,1.9237896,-0.5897981,0.37319738,3.1630554,8.571322,0.78510326,-1.1229843,-6.8847017,-0.015139098,1.7471962,-0.07499254,3.062479,-0.6038623,-0.23340164,107.714424,-1.126709,-0.24907263,0.03961064,-2.147984,-0.4741534,0.03455427,-3.6348064,0.011002966,1.3257687,10.40095,-0.58763623,-0.52257055,3043.75,0,100.0,0.0,100.0
-1.8093648,-5.193134,-0.5221124,0.6429501,1.9223421,-2.7368374,0.051813215,0.505416,-0.5363361,-1.7215614,2.694196,0.7260872,1.7929018,0.13496128,-0.41209403,-0.62184334,-0.2582692,-0.2566114,0.99638164,-0.6223089,0.40436324,-1.8815948,1.5742192,0.44067582,-0.6830193,-9.536205,-0.6179497,-1.197193,-1.2305955,0.57204604,0.8886581,-0.4651886,-56.64997,-0.15027592,-0.6059643,1.0035044,2.273977,-0.3552868,0.91172606,3.144511,0.4870427,-1.7422136,9.034316,-1.0733117,-0.20424962,1269.2438,0,57.3,1.0,41.7
2.10103,-6.721476,-2.839439,1.0422674,3.1797233,1.0303422,-0.7515394,-0.11833341,-1.8237337,0.10167975,-0.9928327,1.930267,6.034989,0.22689803,0.25715774,-2.7643528,0.2975505,-5.1402054,-1.2044916,0.10496764,0.044975277,1.4041336,-4.152369,-0.51365703,1.0434123,-14.797487,-1.2886083,0.2710277,0.37020856,1.3754748,-2.4785032,-0.65091825,-1.7152632,0.2128081,0.5409976,0.16227984,-0.659906,0.70096916,-0.48661602,1.3214827,-0.2784047,-5.7306333,1.8624238,-2.2464817,-0.07515571,788.33124,1,25.9,1.0,99.2
-0.8808269,2.9757037,0.30025643,0.24349287,-0.91473496,-4.046344,-0.53459984,0.2616178,-1.7555958,-1.3786178,-0.8357411,0.9414068,-2.9256647,-0.21896891,0.08847931,-0.25234056,-1.2559854,-5.435541,0.042567316,-0.6457561,0.617255,0.12296262,-7.6169367,0.33844057,-0.2463402,-0.39466107,-0.02025263,-3.4354684,-0.28116283,-0.6479118,0.35399023,-0.21901035,-82.773415,-0.5826916,-1.0545055,-0.9204313,1.9185123,0.09819296,-0.07689971,-2.6449115,-1.4307133,2.3829615,1.4947659,-2.330349,0.17700149,815.725,1,26.8,1.0,100.0
-3.5461283,-0.48848295,1.9271742,-0.61311185,-2.1179578,4.6755934,0.44564515,1.3293484,0.4649917,-1.1614804,-0.65190667,0.3871547,-5.328443,-0.02678148,-0.33182433,2.273283,-0.07500061,4.220509,1.8580953,-0.52793145,-0.26429287,6.524923,0.8366855,-1.0401531,1.0925714,5.591697,-0.5979043,0.53588355,0.90744,1.5505617,-1.7954105,-0.5339661,-2.2035027,-0.44913393,-0.086860046,-0.64090127,-5.879023,-0.57908154,1.0789076,4.7869973,1.3151157,0.19463159,-3.0025153,3.9702296,-0.5366853,231.325,0,35.8,1.0,7.6
0.8362802,13.550426,0.26680747,1.1866109,4.2594113,2.4482477,0.36552522,-1.4512938,-3.2701805,-1.0947359,2.9254742,-0.35499293,4.72791,0.597947,-0.123775244,1.7557929,-0.21033333,5.148796,0.70882094,0.14961374,-1.0723737,-6.7452536,-14.642255,0.26201087,-1.29974,0.55189246,-0.70609367,-0.65789664,0.410561,1.5876628,1.3854916,-0.22611366,-23.204414,0.6481921,0.8543796,-0.39537635,4.5019684,0.78492695,-0.78942525,-2.417861,-0.24043679,-4.5327625,-15.178236,2.0409207,0.24636428,243.5,0,100.0,0.0,8.0
-0.8497715,-9.237493,-1.6384162,-0.025092572,-0.49719182,-0.99310935,-0.5364457,0.82959306,1.9992641,1.5757482,2.6284568,0.0030054667,-1.3116807,-0.2534209,-0.18126464,2.2513719,-0.17378403,-1.8438479,-1.8672254,0.6450733,0.2306279,-0.8190153,-1.3380437,-0.122511715,-0.672567,0.2437103,0.49244285,2.2631521,0.20256166,2.092401,-1.6991544,-0.59987366,-21.625309,0.3808591,1.0624793,0.87875134,0.22454937,-0.4573978,0.6884834,3.4274426,-0.7085809,-3.3324723,-0.054155383,-4.5756035,0.27069268,140.0125,1,4.6,1.0,18.1
-1.0538268,-2.6545568,-2.3580058,0.17591083,-3.1157415,0.6404052,0.37096578,0.30040935,0.12487422,-1.607921,1.8103732,-1.802136,-4.2604766,-0.04197632,-0.3297253,0.13336866,0.1075937,4.033611,1.1915822,-0.06900603,1.3162518,6.0125895,-6.1939354,-0.38946012,-0.40772337,0.9876485,-0.8919473,-2.5487814,-0.1710519,-1.778646,0.063763626,0.14668183,47.356625,-1.2086765,-0.77019924,-0.5901325,-6.5068874,-0.41930696,0.85408914,3.7466624,1.1525265,-9.305857,-8.721231,0.7520825,-0.07749345,1247.9375,1,41.0,1.0,78.1
0.1847018,0.8926738,1.0838182,0.11197641,-0.2318613,4.4354043,0.62345177,-1.7335513,-1.5063266,-0.22416921,3.4269414,-2.9762917,-3.4272356,-0.10465952,-0.037528638,1.5974425,0.0608408,0.3447142,0.2335693,-0.6702988,-0.34028664,2.1583824,2.5259633,-0.50335926,1.6381888,0.852777,1.2229378,0.24109627,-2.3927252,3.3681333,0.25089765,0.11529812,-42.79593,1.2081697,0.9293855,1.1755058,5.188299,-0.16432922,1.0089366,4.283903,2.2992494,-5.8825555,-3.5840685,-1.7983202,0.45932767,2702.85,0,100.0,0.0,88.8
-0.88384163,-6.897329,-0.9772551,0.77026916,2.2255747,-1.9718318,-0.032483164,-1.9790353,-3.623328,-1.7940807,-0.769006,-0.27866718,3.1575584,0.48860222,-0.3805313,-0.15181775,0.028342491,2.6992705,0.18110906,-0.024755407,0.08484471,-0.29763666,21.739857,0.37276334,0.4131061,4.020984,-0.052978225,0.5721538,0.59322107,-1.8725001,-0.9859067,-0.352875,20.15652,-0.7167673,-0.21451882,0.87784284,4.437948,0.34160644,0.14165542,0.99712366,-0.7164805,2.4854617,1.3062359,3.3458648,-0.5038047,2307.1626,1,75.8,1.0,100.0
-0.87737525,2.826122,0.53843534,0.21976931,1.368004,-5.2929835,-0.1377674,-0.91186446,-1.7697921,-1.5211698,2.9414525,-3.2272422,1.6921766,0.53134686,-0.049008876,2.0348885,-0.716343,-1.3505324,-1.2772328,0.43536586,0.3954906,3.4047117,15.535043,0.5944894,-0.48722523,3.2290254,-0.2188638,-4.371417,-1.6703018,1.1761115,-0.16411148,0.13096148,-78.84868,1.0075579,0.4729334,0.24506417,1.4085239,0.02773737,-0.14196584,-3.9171855,0.48713994,1.1008893,6.961156,-0.08340143,-0.40182248,1001.3938,0,50.8,1.0,32.9
0.87519526,-5.1121674,-0.537914,-0.4732305,-0.46636894,-2.6767874,0.3963761,-1.4340197,0.034478188,0.36046672,1.9143372,0.777685,1.0424527,0.29810724,-0.48008382,2.029305,-0.9128613,-0.86501825,0.03522848,0.17387861,0.48169962,-2.9484553,-13.510493,-0.59890455,1.0595597,11.359509,0.74176234,-1.558926,-2.0259452,0.8935082,-1.0742412,0.09034593,49.165863,0.47074807,0.63421136,-0.9927836,-3.5476356,0.16351154,-0.41842186,-0.565611,-0.022304531,6.6273084,4.3754177,1.0929712,-0.099989936,267.85,1,8.8,1.0,79.4
0.66027063,6.386059,0.38537765,0.5776294,0.5614054,1.5734693,0.36140934,0.17879704,2.77787,0.9898211,-0.20692669,3.599746,2.5598722,-0.6412889,0.5029676,2.261553,-1.0895221,-3.4825695,0.10287821,-0.45452586,0.1066062,2.45384,-7.0473223,0.039750002,-1.5426246,5.0282297,0.5636972,-1.2033691,-0.26326066,-2.0258653,-0.7533368,0.32967064,104.31998,-0.43843076,0.05138742,0.3346542,4.7377567,0.51802427,-0.31183964,1.9053158,-0.28108627,-2.2084923,-11.874306,5.201369,-0.6720195,1031.8313,1,33.9,1.0,100.0
1.5868896,-1.4165589,0.5307648,-0.16078277,0.85595834,3.5592184,0.9057046,0.13028876,0.8245867,-0.7181072,0.28202626,1.07234,7.057685,0.62108743,-0.16588844,-2.5957658,1.9059122,4.6992445,0.8961847,-0.23426549,0.4561373,-1.3105675,-25.065811,-0.2109195,-0.84297675,11.895007,0.5530063,-2.4407673,-2.3906538,1.8801613,-1.2971152,-0.26383618,-62.168045,0.95659363,1.0483038,-0.38358927,-4.243982,-0.055811577,-0.40147972,-0.6636323,-2.0491693,-0.5317152,-6.26122,-1.7565485,0.3188886,15.21875,1,0.5,1.0,100.0
3.2335665,10.64899,1.9084138,-0.66301346,-1.7220302,-0.0024421946,-0.59585583,1.3591064,1.3057199,-0.18932037,0.39301643,0.021728989,-5.6310415,-0.45692945,0.11095996,-0.7946254,0.1296306,0.84006095,0.25000027,0.0821768,0.30814576,2.9381735,16.278635,0.12026414,1.3565662,10.363924,-0.22029221,-1.2818333,0.4714985,-1.1301597,-2.0660398,0.043747805,54.275436,-0.46138954,-0.68831694,-0.293592,0.82838947,-0.15062313,0.44903335,-1.4225371,0.09663083,1.4222394,1.9933842,-2.4081576,0.3083583,36.525,1,1.2,1.0,78.2
-0.7188028,3.970442,0.3278622,0.87454015,2.5962,1.5798254,-0.4425101,1.8063842,2.5180705,0.5259231,-3.5685434,1.809156,3.6979973,0.7038196,-0.21192203,2.645813,-0.6326739,1.198204,0.2590176,0.065267146,0.36299783,3.463116,11.239355,0.40552002,-0.7391512,-10.106304,-0.9544275,-1.9042845,-0.4591701,-0.13345847,-0.14686769,0.06509133,29.061817,-0.9150375,-1.0940949,-1.4149079,-5.0159965,0.39727753,-0.4056565,2.0567374,-1.5612528,-4.1581764,-7.6443124,-3.281538,0.594129,681.8,0,100.0,0.0,22.4
0.6999738,-1.1176058,0.46366918,0.3822542,3.567766,6.136401,-0.32562444,1.8296574,-0.82558984,-1.4646364,-2.7625053,-1.2576507,-5.4232397,-0.6586643,0.5164941,2.1553006,-1.2178779,-2.7162263,-0.80108786,0.5149265,-0.76094747,-0.5006569,12.471033,0.4422429,-0.12764198,13.373979,0.79006636,0.53612846,-1.1641804,1.8941724,-1.0864296,-0.25071707,-10.863399,0.04380263,0.1521919,0.037866242,-6.6850915,-0.49693197,-0.22339118,-3.4671981,-0.6144661,7.2627177,1.7647496,2.3981035,-0.22158384,2319.3374,0,85.9,1.0,76.2
0.19515987,-3.551421,-1.1670951,0.33929545,0.95888823,-5.9718833,0.1572368,-0.67647964,0.67177844,-0.034132715,-0.20668808,0.8944951,-0.036080245,0.107266106,-0.016386352,-1.1949239,0.84599733,4.9263744,1.3953117,-0.21650901,-0.4105131,-1.9087615,-7.9532423,-0.28381962,1.1694736,-3.5344965,-0.9355652,-0.68712205,1.3899288,-0.6417182,1.1061509,-0.036514692,-28.184698,-0.3513112,-0.29217407,1.1467292,0.011874673,-0.30276635,-0.6833238,-2.7542486,0.1361399,1.0560889,4.4649143,-1.0987976,-0.2591474,246.54376,0,56.2,1.0,8.1
-1.1438783,0.5485501,0.08303909,0.087875575,-2.399336,1.5732095,-0.30139533,-0.7611148,-1.4015527,0.35358292,-0.12671275,0.9732182,4.5079875,0.121441536,0.32678944,3.2590609,-1.0416572,-1.4714353,-1.1590831,0.47231224,-0.889125,-5.9420676,-19.518028,-0.9040719,0.72124004,-3.485311,-0.44624355,1.0080659,2.409409,-2.4424796,-0.28118315,-0.3909922,12.261111,-0.6587085,-0.63029355,0.69581115,6.7692943,0.21196438,0.3592756,0.14252846,0.4145131,-9.048559,-8.945098,2.8876033,-0.3391594,894.8625,0,75.1,1.0,29.4
-1.5255405,-7.1241336,-2.4856324,0.5047334,0.6687082,4.0191703,-0.03798385,-0.6878275,-1.5395819,0.48134238,3.5764115,-3.0067253,-4.040947,-0.2621251,0.1289582,-2.3859642,0.2760305,-3.783117,-0.50618285,-0.22013874,0.42942333,3.474938,8.061395,-0.4633152,1.175538,-3.3181815,0.39435706,1.0926818,-0.11993533,-0.06918832,-1.7969966,-0.16441096,94.14166,-0.6582303,-0.010446146,-0.07830555,0.11301529,-0.45677084,0.8109377,3.1880524,0.016198093,4.9048142,6.719058,-4.2028046,0.4448225,222.19376,1,7.3,1.0,100.0
0.007137511,5.221506,-0.89770675,0.39981967,0.2426828,-0.126306,0.06678405,-0.3635986,0.03897864,-0.5133047,-1.0458719,0.8943436,3.9498074,0.39870265,-0.011822544,0.7130889,-0.7078997,2.9301581,1.6784809,-0.49548072,-0.025271054,3.5288768,-2.3829644,-0.4073092,0.33416498,-7.3975005,-1.3124995,0.6912472,2.2043865,-1.5668013,-2.3359485,-0.3241673,-76.5797,1.6234624,0.8933217,-1.1911685,-1.8101135,0.041459627,-0.5676014,-3.8797255,-1.3834783,-3.777073,2.054409,-0.60703945,-0.53055525,2109.3188,0,100.0,0.0,69.3
-1.4625174,-4.928164,0.28573483,0.5581859,3.9763246,4.998696,0.7078596,-0.1616335,-0.7481306,-1.695389,-0.33972582,0.7564636,2.836503,0.081820786,0.2939594,1.7347485,-0.12015042,-2.19417,-1.8550632,0.6928376,0.7932243,2.7877192,-6.170504,0.47129574,-1.6566259,-4.6799374,0.65714294,1.3331033,1.0085052,-2.3609393,-3.0758092,-0.17891194,45.126453,-0.26995227,-0.41032487,0.024632944,-1.4059948,0.5630603,-1.1044643,-2.8367522,1.5686871,-4.5335574,-10.810659,3.3280354,-0.039201505,39.56875,1,1.3,1.0,72.2
0.7640008,1.4061925,-1.1087285,-0.5207812,-3.6896133,-4.3499327,0.016833073,-0.5059691,1.8293792,0.8858147,2.4352188,-3.125632,-2.403909,0.5762141,-0.52005655,2.860039,-0.82038283,-2.1196063,-1.6661032,0.6371511,1.2293643,5.9048924,-5.1499734,-0.081805125,-1.2902858,-0.11975143,0.411207,1.4040205,1.1986967,-2.6963162,1.7338161,0.41240326,24.738237,-0.7370387,-0.5865973,-1.0078846,-2.2312276,-0.3486561,1.1089606,3.9308014,-0.70720017,2.300387,7.884769,-3.3220088,0.026865155,51.74375,1,1.7,1.0,100.0
-1.1178957,-2.8171375,-0.7392165,-0.01731746,1.2257096,3.697205,-0.23457922,0.89297837,0.6647567,0.024278197,1.3173846,0.035656787,-2.7314415,-0.7440015,0.41845334,-2.7332234,1.3346686,-0.43059504,-1.1081309,0.058543094,-0.07229285,2.1901798,-9.39421,0.33850285,-1.6622561,1.0875722,-0.26358938,-1.9775978,-0.8588644,0.38912037,-0.50380296,0.26753545,14.871953,-0.09780566,-0.7854364,-0.3789512,2.074424,-0.026879543,-0.4165236,-4.2698207,-1.1662762,7.1745167,-0.13410713,1.5108099,0.33388174,1387.95,1,45.6,1.0,100.0
2.1802835,3.1364534,-0.46175322,-0.34743696,-2.667437,1.9675446,-0.2406213,0.2985268,2.3303554,1.7952195,-0.42428342,-1.2528236,-3.5905504,0.3075481,-0.5711298,0.35693187,0.8340733,0.13859113,-0.9722292,0.093707964,0.053574175,-3.8738987,-19.24657,-0.51956004,0.08910471,11.760725,0.015220108,-4.2877173,-2.9512527,3.1709902,1.7153888,0.3755359,-55.058067,0.09143116,-1.0778594,-0.27118322,-3.3253765,-0.0052691614,0.48170802,2.2465804,-1.9307891,3.478153,6.6798873,-2.6606817,-0.046472616,919.2125,0,40.9,1.0,30.2
-3.2200959,1.003159,0.7729142,0.45297202,1.6542835,1.7980028,0.5455033,0.6334334,-0.33007303,-1.4598441,0.9954579,-1.7621665,-1.4170903,-0.36081845,0.506929,-0.34152523,1.3056536,-0.25862288,-2.003723,0.6135377,-0.75012594,-0.6698091,1.6699592,-0.65205264,0.3785675,-0.94571084,-1.0384959,-0.18326941,0.84820384,-0.53212166,-1.5093585,-0.11777848,-40.727272,0.6790481,0.57110703,0.5474345,-1.7376955,-0.25354353,0.01709999,1.8073071,1.1335213,5.093893,1.2655945,3.3684049,-0.2416048,642.23126,1,21.1,1.0,96.4
-1.1816574,-5.3415046,-1.0100187,0.06893056,-2.5118344,3.5553782,0.49776727,-0.4832363,-1.4461455,-1.0734107,0.70395964,1.3032366,3.0614648,0.42377275,-0.21017757,-1.8448884,1.3513775,2.4352274,0.5321984,-0.47790277,0.15924837,1.2612253,-0.86684984,-0.26307234,-0.8658653,-9.453116,-0.119223945,2.4620855,1.3865988,-2.4000003,-0.049225166,-0.0052546547,-124.50032,1.2944114,0.76719713,-0.49237847,-3.96243,-0.1501938,0.9220334,4.958506,-0.7086797,-5.4530177,-4.7945232,-0.46397123,0.061575066,133.925,1,4.4,1.0,100.0
-0.65928215,2.380623,-0.19345209,0.4170569,-0.96143883,-5.9166093,-0.8218919,1.0077296,1.5588323,0.52898496,-2.0314476,-0.12956879,0.87283975,0.12010307,0.35070547,-2.850736,0.17782915,-1.6649976,0.9639223,-0.61612844,-0.055471364,6.4466963,25.82615,0.98014724,-0.9985288,3.3079414,0.6031532,1.9423501,2.2725058,-1.9444513,-2.0433996,-0.16879329,71.28154,0.51598203,1.0820148,-1.2280346,-7.2425404,-0.30657995,-0.37132436,-0.63027805,-1.3785033,3.550329,5.6454315,0.15098642,-0.34230044,970.95624,1,31.9,1.0,100.0
1.6721661,-5.6782956,-0.4668219,0.15410677,2.6069186,-1.9745746,-0.8356386,0.79344606,-1.2018389,-0.37041217,-1.8065592,0.27938873,-0.66990227,0.071608715,0.16106777,-0.9160017,-0.49131322,-0.045838073,-1.0615547,0.7011128,0.060241565,-1.5697975,-15.65476,-1.2310294,1.3854834,-2.108894,0.20131144,1.1599821,-0.079830356,1.7122418,-1.667592,-0.42650583,-76.10545,-0.30077073,-1.1548386,0.7829506,-2.0268743,-0.20625362,0.0029350452,1.7306279,-0.9306685,1.0713643,3.774283,-5.0200486,0.59231544,380.46875,1,12.5,1.0,100.0
-0.7573641,3.9700642,0.83254606,0.3644831,0.8576056,-0.3007761,-0.92647815,0.22029008,-2.6230586,-0.91379994,-0.68059695,-2.0034292,-0.16399604,0.4187109,-0.17953262,-0.8918374,-0.6499044,-4.9826455,-1.4111673,0.2609544,1.0059611,-0.1575584,-23.611176,-1.1602027,1.6391126,-4.8961124,0.47286844,0.045047484,-0.86725634,0.20989923,-1.7414386,-0.41522315,-48.316166,0.5407917,0.0867321,0.108308405,6.313646,0.7590893,-0.48854405,1.2726735,1.4223306,-8.043285,-10.420942,4.3400087,-0.45323548,1025.7438,1,33.7,1.0,72.4
-0.16858402,6.3761973,-0.057850953,-0.03909306,-0.80951506,-0.093422115,-0.08463254,1.556655,3.3593469,1.466992,0.63007677,0.22879913,-4.9763103,-0.13182221,-0.33935854,0.13246004,0.35443002,0.6808832,1.0415611,-0.64984214,0.67583674,0.99016565,6.647355,-0.116464436,0.9048255,-4.237456,0.14309585,-2.1661127,-1.5082164,1.1726742,-1.3422966,-0.506504,-30.038292,-0.30723578,-0.50278854,1.0893319,6.626814,0.30081192,-0.8327956,-4.5840726,-1.2253841,7.6635327,-2.4646635,2.0840158,-0.016023898,1820.1625,1,59.8,1.0,100.0
-0.8468027,2.4142926,2.3291435,-0.75044346,-2.1020138,5.738071,-0.102047615,0.78075415,-0.12812899,0.14351524,0.50650376,-2.5298254,-3.2681432,0.02948596,-0.27538893,2.0240257,0.20081607,1.5703782,0.45571306,-0.3036102,0.051722877,-3.0489125,1.2340183,0.669315,-0.8681219,-6.0777025,0.19123371,3.059452,2.0482917,-2.2626898,2.85459,0.9341165,97.70647,0.4138384,1.0340658,0.21458562,1.4208965,-0.6536713,1.2469269,4.0745115,-1.4459026,0.7507105,-8.021493,5.2874703,-0.5781414,779.2,0,100.0,0.0,25.6
1.6649137,-2.5154696,0.3904356,-1.0679035,-3.7623832,0.07934141,-0.3045478,1.898302,2.7498398,0.74922544,-1.2125722,1.280798,3.8097959,-0.20296551,0.53831255,-2.1420302,0.23796435,-1.0286356,0.9684648,-0.56185514,-0.04151195,-1.2671024,-11.000201,0.13977273,-1.3062034,3.28886,0.99742746,-1.5123665,-1.23682,-0.5109135,-0.85278696,-0.7913756,-45.470333,0.08814579,0.4154889,-0.10172368,-0.11862982,0.0891532,0.36925626,2.0611606,-1.3951379,1.764401,-7.5091605,3.9500566,-0.42495912,337.85626,1,11.1,1.0,100.0
2.217591,-3.3726325,0.19886436,-0.5226871,-0.39777744,-1.7245289,-0.3084132,-0.20468692,-1.9357207,-1.4636483,3.1448436,-1.9027073,-4.3413243,-0.044149052,-0.4447851,-0.63208383,-0.25260565,-4.2862563,-1.6466539,0.4550777,-0.3597481,-3.331427,4.2467,0.58856475,-1.0334386,7.2622476,-0.17568491,-2.277094,-2.0103421,1.4635701,-1.9566833,0.08600737,119.58473,-1.0919393,-0.6418865,0.20221815,1.5163482,-0.42216444,0.5715206,0.094833024,0.14121395,-1.4266549,6.501186,-3.6326802,0.48985225,739.6312,1,24.3,1.0,40.6
-0.026084444,3.2258437,-0.48611256,0.7132602,1.9295266,-0.80584145,-0.88837117,2.0580122,-0.05748459,-1.578407,-1.0335835,-0.9358087,1.424337,0.28648767,0.18648888,1.8157316,-0.25675404,0.09684008,-1.4941984,0.5507605,1.0071874,1.6943356,-5.4429173,-0.030901667,0.05934923,-0.75735456,0.10607685,1.6805711,1.1872554,-1.3824205,-1.1896094,-0.42154565,-74.04941,1.131322,0.7503996,-1.2746298,-8.866967,-0.78753865,0.3903752,-0.32377502,-0.22846125,-7.955663,-2.8943856,-3.713313,0.33389968,1923.65,0,100.0,0.0,63.2
-0.009987994,6.7906365,-0.28860426,0.6117637,0.68479663,1.7787366,0.8916661,-0.4293239,3.0090816,1.7666475,0.98517495,-1.7631226,-4.1071453,-0.659539,0.43457446,-0.27356857,-0.31427476,2.3452342,0.2564552,0.11579574,0.06244356,1.4911112,3.2806416,-0.5804613,1.2164059,-6.521299,-0.21120998,-0.55103403,0.26647237,-1.8577296,0.30535823,-0.36974132,24.372536,-0.7927726,0.127996,-0.70021623,-4.3612723,-0.16305771,0.06148273,2.1665452,-1.3172683,8.750437,3.9846292,-2.497581,0.6734532,206.975,1,6.8,1.0,47.6
0.5168435,-6.9541106,-1.9224561,0.6375998,0.5588343,-7.2764664,-1.1091291,2.2999864,0.15869245,-1.6589113,-1.1643187,-2.3013425,-6.639161,-0.7624058,0.33257782,1.0499535,-0.41881415,-4.960856,-0.14398302,-0.5783305,-0.4308326,0.27777275,-0.12881398,0.121274315,0.11678947,-6.8108954,-1.4155889,-3.9511445,-0.19710054,-2.2391112,-2.9211383,-0.69859487,26.185421,0.10334284,1.072823,0.045269236,6.929493,0.4755015,-0.5847099,-2.5600936,0.46644995,-2.5311801,3.2165415,-2.400146,-0.09919624,280.025,0,73.5,1.0,9.2
-2.6147468,-7.146125,-1.1719786,0.5324821,1.5318891,-3.3775084,0.07087123,1.1565757,-0.27372527,-1.6975342,0.21565393,2.7481477,1.3374702,-0.28947285,0.12429885,-1.4743174,-0.011749949,-2.4668727,-0.97745275,0.68539315,0.7084086,0.6465033,10.8035755,0.7805512,-0.6468374,0.13278913,-0.04409826,-1.2463764,1.6975158,-2.4023898,2.7402837,0.34255248,44.925243,-1.7672081,-1.1109068,0.17321068,-5.133562,0.16191104,0.13434143,4.5648127,-0.9151283,1.558414,-5.707135,3.5363064,-0.16801193,706.15,0,60.4,1.0,23.2
1.0623825,-2.840837,-0.55987287,-0.40176418,-1.2166947,-5.0342083,-0.29547444,-1.4954469,-0.52759886,0.74353445,-2.683811,3.5220485,0.027210345,-0.0017725872,-0.38975117,2.0709233,-0.73413366,-3.7347713,-0.27891123,-0.2577293,0.2811545,-2.4799688,-2.3724635,-0.16867921,1.2363647,-4.2661786,-0.08476093,-0.40678975,0.31494,-2.0766268,0.05221402,-0.4150817,-64.37466,0.033564705,-0.03938296,-0.08250658,5.1552386,0.38223267,0.42246497,2.625168,0.09505484,2.7316556,5.7367234,0.46027353,0.001977599,593.53125,0,21.5,1.0,19.5
0.47836432,2.522646,0.93507135,0.105101265,3.6006186,-1.2401015,0.15820606,-1.0348232,1.363736,1.2968436,-0.963587,0.96299374,1.8790767,0.5818682,-0.24611199,0.5123724,-0.486697,-1.0238469,0.78396034,-0.5424301,0.069865726,-1.5099144,-3.3189242,0.43998897,-1.3973987,5.0120206,0.62902737,0.0021093371,-0.66599107,-0.06759249,-1.5985518,-0.6060362,-18.458208,0.19985904,0.61360157,0.16951337,-0.8412986,-0.14621349,0.60143673,0.8885974,-1.2331015,5.5684547,7.646171,-0.54264903,-0.31048274,404.81876,1,13.3,1.0,35.3
-2.7335339,-3.4705522,-0.73116636,0.7841942,3.248669,6.0105753,0.15567513,0.31051937,-1.8546432,-0.91629124,-1.4382328,-1.505733,-3.887199,-0.6140877,0.3991519,2.7027087,-0.32754275,-2.133479,-2.1222358,0.67693704,-0.56565714,2.9322562,17.579748,0.40523002,-0.5743401,-4.43112,0.35751706,2.9011571,-0.802833,2.3701732,-2.0300617,-0.060110148,27.360323,-0.17195016,-0.642487,0.81305707,7.4120245,-0.057930894,-0.065478094,-4.6953983,0.5688929,-1.4315503,-3.6550117,-2.95578,0.36155376,289.15625,1,9.5,1.0,100.0
-0.23807044,4.4403014,-0.7673677,0.93596286,2.1426938,1.2118165,0.45540795,-0.80588317,2.6469388,1.7322873,1.1540924,-0.83621925,2.1589394,0.6519702,-0.30746064,0.72470456,0.15832613,0.3953886,0.95479274,-0.3881678,0.85442895,7.2609715,17.02328,0.44398743,-0.34507397,-1.4640616,-0.6085567,-1.927039,-1.1296471,2.362117,0.26341787,-0.26661137,-70.35432,0.5495634,0.70671856,-0.019611167,0.26547492,0.22833799,-0.660203,-2.0909076,1.8211284,-5.790202,3.737436,-2.8122175,-0.096181355,550.91876,1,18.1,1.0,100.0
-0.88418335,-1.492513,0.7129269,-0.8353683,-2.4506092,-0.67351925,-0.59348994,0.1500977,-1.1280591,0.17265564,-2.3997517,1.6590563,3.6907218,0.26111108,-0.11103108,0.47271898,-0.27765393,0.35337114,1.2025381,-0.14198615,0.18913162,2.6646335,8.099748,0.97398996,-1.750365,7.6180825,-0.7053698,-1.8435215,-1.5993148,3.212958,0.3546897,-0.5306475,-84.40493,1.3004891,1.1953288,0.4068412,2.6875489,0.13905776,0.5009078,3.4473186,-0.20786734,6.2943325,5.353591,-2.3661168,0.282839,462.65,1,15.2,1.0,100.0
-0.4548981,-5.141786,1.115252,0.03215283,3.775707,-1.1000074,-0.16997632,-0.59750956,-0.83112526,-0.34320736,-1.4498744,1.5355005,0.92723525,-0.46730924,0.15783183,-1.7400706,-0.20922878,-0.7707306,0.51067334,0.13170612,0.40666914,5.5853753,15.951365,0.5062861,-1.1235484,8.71624,0.023275146,0.38691306,0.6548894,-0.23511173,0.73649836,-0.34084392,-70.53424,-0.07071582,-0.7779594,-0.58208907,0.2546674,0.75351024,-0.20107262,2.4634738,-0.8411792,-0.66467994,-7.2789645,4.8700004,-0.5701512,3043.75,0,100.0,0.0,100.0
2.436755,-1.8334724,0.59910285,-0.47665495,0.97528297,-4.588447,0.29543868,-0.25623715,-0.13459125,-1.0686345,-0.6104111,-0.52967733,-7.3833795,-0.56551135,0.16480651,-2.2929127,0.4691842,-3.112176,0.13567586,-0.55172825,-0.5656665,-1.9185128,-19.833006,-1.106483,1.1537336,2.395446,-0.51059353,0.96612567,1.3274715,0.5904406,-1.8330886,-0.9656769,-74.024605,-0.8173372,-1.1014985,-0.8624559,-0.9062342,0.44187462,-0.90930164,-1.0788568,-0.175928,-7.3194733,3.0995996,-5.324775,0.49003604,523.525,1,17.2,1.0,30.8
-0.024968142,-0.68708605,0.33435935,-0.034090675,3.0370805,3.178341,0.92295706,-0.480156,1.4109532,0.09972558,-1.7692375,1.5449305,0.28998366,-0.6552577,0.47373217,-1.6979648,0.48685887,1.3556144,-0.13681054,0.59840286,-0.30097517,-1.7038897,14.754547,-0.03616757,1.2413347,8.960363,0.031075127,-3.3125322,0.94363624,-3.400524,0.76000607,-0.17805444,-91.92716,-0.68983305,-1.1971313,1.0720015,2.4376523,-0.34900376,1.0850785,4.202441,0.7282182,-1.1328088,10.4327755,-3.8511364,0.44834492,2084.9688,1,68.5,1.0,100.0
-0.6814435,-4.3462863,-0.07381997,0.789615,3.3922918,1.3489735,0.27589816,0.34333894,0.890401,-0.4026061,-3.5704844,1.039223,-0.7907844,-0.2551191,0.2760679,-0.34086236,-1.1382786,-0.10597743,0.9372934,-0.32867333,0.84188634,-1.74723,-2.0611174,0.22225673,0.31911725,1.0625231,0.2825332,-1.364589,-0.2906344,-2.6972265,1.5027347,0.5072085,26.51712,-0.22581366,-0.677789,-0.9250821,-2.1233413,-0.15862615,0.89182055,2.736287,0.2276168,1.0882827,-0.67280203,3.2265172,-0.049179133,514.39374,0,61.3,1.0,16.9
-3.1590164,1.709387,2.6688454,-1.16094,-4.0817723,1.7709601,-0.07724162,-0.8178949,-0.9839424,0.86523587,2.7435384,-2.7795947,-4.558726,-0.55510813,0.27644643,-1.0132036,0.0018352087,0.30688944,0.30557108,0.45109642,-1.141402,-2.8661957,5.3596277,-0.21813957,1.0112747,1.7396064,0.64368075,2.1841123,2.7014716,-2.5800233,-2.115203,-0.08405212,106.9668,0.18686126,1.136272,0.9636905,8.930743,0.23535894,-0.104835674,-2.9198496,0.57295126,0.43211755,8.332922,0.07150008,-0.33811605,967.9125,1,31.8,1.0,100.0
-0.29708785,-7.0169096,0.15368359,-0.20151272,2.3019423,-3.9693978,-0.5556435,0.8081274,1.3327671,1.1553596,-1.5881318,3.4570975,4.643448,0.5156776,-0.35407805,0.9526357,0.4675881,4.7429237,0.68811005,0.20177203,0.71349865,-1.11828,1.651013,0.56749076,-0.64875376,2.8758287,0.5209229,1.2996373,1.6043028,-1.8724953,-1.1767504,0.03292061,114.60186,0.12718166,1.0001105,-0.10066723,-8.426963,-0.105233364,-1.205725,-4.594319,0.53955734,2.0959897,1.9279966,2.305738,-0.48363185,3043.75,0,100.0,0.0,100.0
-0.943788,-0.5164341,-2.195893,0.1130783,-3.3675435,2.4237,0.70712405,0.6785721,-0.28708518,-1.664671,1.0307369,-0.057122305,3.1894705,0.5815611,-0.4825606,-1.7085027,-0.33192956,-2.7669854,-1.3807273,0.6683236,-0.03237,2.2353659,0.9356055,-0.009255002,-0.5319526,-12.370987,-0.31227568,0.026268002,1.4858664,-3.340194,0.02736693,-0.019293562,-83.9657,0.10993112,-0.7650688,0.5983456,-0.5707296,0.16840191,0.23114665,4.085022,1.7617533,-8.926938,-6.516767,1.9322915,-0.5232328,316.55,1,10.4,1.0,100.0
2.1514542,6.863096,1.3156018,-0.2135825,-0.94605404,1.7610073,0.47062874,-0.35204792,1.3301573,1.4598942,0.73659015,0.5993775,4.0460496,0.0038052532,0.44138435,0.066116,1.4458581,2.9016728,0.98206717,-0.6575609,0.26815912,-1.1718128,12.433664,0.80524397,-0.71927166,1.24621,0.067578785,0.9182981,0.6692716,0.17953897,-0.042852096,-0.108988404,-99.19984,0.6546932,0.24847312,-1.3666846,-4.3584824,-0.3645086,-0.08062375,-3.4594598,0.03827178,8.664803,4.4225073,1.6867349,-0.13251804,386.55624,1,12.7,1.0,100.0
2.8795795,8.351028,-0.6827141,1.0324231,3.7291853,0.8499285,0.47357252,-1.825188,-0.1455229,0.8327323,2.3071706,0.36846125,5.156065,0.73342633,-0.24754436,-0.53387904,-1.2989246,-2.5399652,-0.4002218,0.18025404,0.60080516,1.980145,10.900511,-0.12620406,1.4413196,7.093119,0.1256761,-2.149924,-0.1136455,-0.62866193,2.4081945,0.75074357,51.08933,-0.8668086,-1.008299,-1.4199852,-1.8776059,0.3802625,0.20731641,2.2265959,0.5881218,-0.21809532,10.432931,0.64643794,-0.4894164,1390.9938,0,100.0,0.0,45.7
2.6444793,0.7328449,-1.3354318,-0.471704,-2.9341412,-4.907285,-0.19490963,-0.84080493,0.06812446,0.86973035,3.2682486,-2.57538,-3.7105582,-0.6398784,0.33106506,1.8468359,0.8695161,3.878446,0.99927604,-0.44750288,0.6432472,1.9806192,-14.032279,-0.0049294457,-1.0635649,-10.772345,-0.96530324,0.19463792,2.1945605,-2.6889532,0.44336507,-0.7776896,-63.26545,0.5614218,0.59021324,-1.1780285,-2.4918387,-0.28227162,0.75715744,1.7719916,-0.7714384,11.054986,5.234038,-1.5502094,0.5490551,359.1625,0,35.3,1.0,11.8
2.5111427,0.4236209,-1.6589078,-0.22429325,-3.7373161,4.0368137,0.22139736,0.30357438,-0.37403122,-1.3571036,1.8638865,-0.247127,4.926308,0.5023502,-0.04736076,-1.0728968,-1.0071603,-1.9237796,-0.58816725,0.43413433,-0.18670931,0.28209162,1.1255645,0.027862681,-1.4290098,12.184102,-0.21273434,-3.726304,-0.7122967,-1.0416462,-2.581368,-0.69522434,34.152584,-0.22101378,0.6320923,-0.8573732,0.6347123,0.48355836,-0.77763826,-1.4297112,-0.73636115,0.93331325,1.1247927,0.5896026,-0.21448317,261.7625,0,17.6,1.0,8.6
-0.49999285,-3.151588,-1.0519043,0.6058153,0.5711104,-3.4399874,0.20917232,-1.3247545,-3.4083803,-1.8019133,-1.8393459,2.4530413,3.9652424,0.03549858,0.4140789,1.740023,-0.019598976,-0.291285,0.4919729,-0.41288665,0.28441602,-2.9277506,-19.244394,-0.27271882,-1.0840613,4.0881896,-0.29091975,-0.681277,-0.24349053,-0.48096478,0.73384804,0.54954946,16.81776,0.26965705,0.18874334,0.7991396,-0.49266386,0.23515528,-0.7592134,-0.26615188,-1.6598581,0.29231957,1.9466023,1.3282081,-0.6239448,1667.975,0,62.9,1.0,54.8
-0.016823828,-1.260321,0.5146436,-0.31399462,-3.9157345,-4.317539,-0.6392721,0.68985677,1.97957,0.7816432,2.482787,-1.7517457,-0.94898903,0.21186882,-0.18082964,0.29862073,-1.6041597,-0.11840832,1.1019052,-0.2571827,0.1515963,4.3809004,20.269823,1.0497018,-1.2894849,11.028481,0.6116408,-0.41706607,0.76809436,-1.8615812,-0.30115062,0.04002552,26.08983,0.37250137,1.0820996,0.6285059,0.022579791,-0.1256915,0.15262018,2.1835895,-0.08522326,6.6026087,13.263183,-4.9373465,0.41812134,112.61875,1,3.7,1.0,52.1
0.0031990006,2.424556,1.3526863,0.49244955,3.692359,0.042195115,0.43045095,-0.82949364,2.46785,1.6989472,-2.883532,2.3288693,4.837064,0.11653911,0.26236746,1.1792957,-0.64557046,0.27547526,-1.073018,0.705402,-0.36632863,-1.8936504,11.104538,0.3924533,0.78490424,6.937685,1.4181356,1.2143793,-1.3012842,1.0570995,-1.4745383,-0.044288415,-32.963562,0.0725275,-0.60434204,-0.34135145,0.4861128,-0.21991688,0.9370348,3.2193336,-1.0053838,3.2725682,7.7358937,-2.5674987,0.45799622,264.80624,1,8.7,1.0,54.3
3.0883489,1.0563936,-0.672372,-0.68127984,-3.9907572,-2.6795971,-0.11525157,0.13737254,-0.7468693,-1.6719105,-3.0162268,2.1801198,-2.8218613,-0.09470992,-0.30666584,-1.8775816,0.68428844,0.6961459,-1.4972441,0.6762273,0.09412216,-0.38167906,4.1805773,0.36580035,-0.6427999,1.1923151,-0.5405347,0.24227272,-1.2609869,2.9581957,-1.690932,-0.64961207,-90.29609,1.2718865,1.116025,-0.51842844,-4.0525,-0.3089672,0.10771168,-1.4289658,-1.3466907,9.781613,7.8422594,1.3854393,-0.31159347,529.6125,1,17.4,1.0,100.0
1.4354033,0.20778418,0.3371224,-0.061357673,3.3093395,-5.6761913,-0.8122412,0.5743682,-0.48569036,-0.7009042,0.70848995,1.301229,-1.901453,-0.61692995,0.3568467,3.2297618,-0.47260508,4.0408764,1.2214763,-0.22960648,0.024585577,1.8276393,24.509317,0.21103142,0.6651715,-15.078266,-0.37361702,1.1517359,-0.51773643,0.8223801,0.05227975,0.67802894,62.25575,-1.0406536,-0.68449956,-0.08049749,-1.1818309,-0.23834638,0.7897654,2.881323,-0.7364406,0.9054591,-3.280487,-0.11194431,0.24731536,216.10625,1,7.1,1.0,100.0
0.4042378,6.29536,0.044874787,0.070708744,0.9950513,1.4105676,-0.09983353,-0.0022819694,-0.91611934,-1.6862429,-2.3123763,2.0106063,-1.594835,-0.22643998,-0.06819733,1.3077953,-1.1291571,-1.5037247,0.39555836,-0.37607926,0.45581475,0.36927453,-1.5078578,0.15957159,-0.49423254,7.9666467,0.061099887,-2.0503578,-2.170465,2.6249645,-0.92424107,-0.35384414,-14.791636,-0.47363353,-0.64366996,0.23398462,-2.6137369,-0.5891089,0.953849,3.350713,0.765547,-4.971006,-3.9719892,2.2080252,-0.59436905,112.61875,0,19.9,1.0,3.7
-1.3509786,-5.7054486,-1.1293446,0.6740674,1.5229994,-2.9227078,-0.59432024,1.0498759,0.43776536,0.73200446,-0.008444279,-2.7749326,-1.8619982,-0.054211732,0.37228316,-1.8249495,-0.3863323,-0.41562685,-0.28956077,0.4327321,0.4795586,1.5098764,0.23607531,0.057513636,-0.55045444,-3.5627542,0.6961218,0.46337467,0.007657402,-0.9481644,0.47804612,-0.39219746,-91.12181,0.97263956,0.9604017,0.50312936,4.753939,-0.3129344,0.16675521,-2.9609056,1.0838144,-6.963608,-1.5301659,-1.3605368,-0.22918022,383.5125,1,12.6,1.0,100.0
-2.877298,-2.917513,0.3744588,0.5208949,3.230014,3.538367,0.93270624,-0.58852375,1.344639,0.6117794,-1.3454387,-0.7993572,1.8385969,0.40587655,-0.14397343,-0.33747116,0.94914097,2.371055,-0.065879256,-0.009092766,-0.55757535,-7.4546466,-15.584834,0.33734116,-0.9888922,12.516763,0.8027399,2.2507524,1.5928954,-0.8060831,1.5118033,0.3393964,47.12797,-0.7922951,-0.14241466,-0.3707149,1.4622781,-0.0482149,0.30055296,-1.5346333,-0.035333976,-0.3656287,-4.399993,-0.3715971,0.62481415,273.9375,0,93.7,1.0,9.0
1.5678871,6.630703,0.70599854,0.16366391,1.6380178,-1.6224875,-0.41465402,0.524024,2.8255222,1.631583,3.663433,-0.1764995,3.480303,-0.2587078,0.41482684,0.68142927,-0.39167485,3.5905452,0.12099689,0.5474709,0.38783655,-3.9847782,-2.4067209,-0.11690821,1.5365576,-7.888687,-1.1568078,-5.0174403,-1.2225487,-0.84274244,2.3398824,0.6539453,-12.197823,1.3812076,0.9729531,0.603699,-0.5674928,-0.25679928,0.19023322,-0.36630073,1.6652834,-6.2591443,-0.956551,-4.1883154,0.61251986,1174.8875,0,100.0,0.0,38.6
-0.83426744,3.2320282,-0.2500148,0.099858634,-3.5707226,0.597674,-0.25012442,-0.20581211,-0.42542037,-0.42455798,2.141703,-1.8343823,1.1581864,0.71333295,-0.4166053,1.066308,-0.32102403,2.5099442,-0.85862535,0.6390054,-0.74963266,-4.4238725,0.26465344,0.46596438,0.0251273,8.661738,-0.40184817,-2.78322,-0.8236951,0.40528402,0.7515538,0.24693963,-39.43484,0.34011978,-0.039492164,-0.76334584,-4.092481,-0.40134814,0.034439206,-4.4419317,0.36609983,-5.283397,2.8349822,-2.7778962,0.19322424,1153.5813,1,37.9,1.0,85.6
0.10973132,-3.663937,-0.081148565,0.02757777,1.3042254,-0.7712616,0.21693426,0.32348314,1.8370799,-0.055340797,-2.0245607,1.973538,1.1233675,0.08288267,-0.41930482,0.31439126,0.29298198,2.6442075,1.1483947,-0.42089856,0.58329296,7.786743,29.156322,0.7634584,-0.20389958,2.7406735,-0.63888884,-2.3121622,-2.5170014,2.7234352,2.1561828,0.11589922,-115.357925,-0.04673801,-1.1789147,-0.040656574,-1.9087433,-0.052679636,-0.8032009,-3.6272237,-1.0875332,1.6972886,-8.963928,-0.82345384,0.5949926,937.475,1,30.8,1.0,100.0
-2.644474,-7.3305016,-0.02712689,-0.23075898,1.327687,1.123873,-0.2637554,1.1394463,0.5891948,0.13726203,-3.2796412,2.3425944,0.5238695,-0.54193616,0.42216066,-0.06177434,-0.07355213,-2.5148485,0.03816205,-0.687403,-0.4523303,1.3130267,7.457837,0.36183083,0.03154326,-1.6774195,0.5567514,1.0375036,1.69492,-2.5805123,-0.35715792,0.18728083,-60.351448,-0.06887189,-0.7374783,0.67427087,7.0671434,0.27354604,-0.5468678,-3.5690007,-0.1604887,-0.8416601,-7.972369,3.7949374,-0.63405573,553.9625,1,18.2,1.0,100.0
-0.63708985,-1.1354074,-1.2247314,0.510184,1.8561968,4.8064914,0.7735459,-1.5461017,-0.3354081,1.364169,0.7427125,-2.070603,1.7047199,-0.19280802,0.5567547,-0.037774477,0.19630721,0.9847644,-0.31242043,0.17484221,-0.1557816,-1.5024799,-21.437147,-1.3710006,1.7771509,2.932091,-0.03299821,0.85328966,2.8730085,-3.315793,0.57413894,0.7960963,21.947412,-0.1772703,-1.0382639,0.18821241,0.25238353,0.5433119,-0.81463706,-2.1334767,-0.10266103,8.299334,7.2208104,1.1978968,-0.15906096,617.8812,1,20.3,1.0,100.0
1.5281341,6.484576,1.1625154,-0.23664947,1.1630124,0.48739117,-0.0009786478,-0.30172452,-1.3889478,0.096690506,0.4213822,0.30144393,1.4664944,-0.3346156,0.07412279,0.12443203,-0.77263784,-2.7350068,-0.7734772,-0.174795,0.18023321,-1.3754154,-19.329866,0.11310527,-1.1475126,14.783208,1.387559,-0.032560196,-0.12307379,-2.9399483,1.3318853,0.2564175,0.0685634,-0.79931074,-0.404095,0.06929495,4.027978,-0.35115162,0.8800519,1.0594999,0.14536281,4.8207583,2.8297331,0.8080017,-0.41379994,304.375,1,10.0,1.0,37.9
3.2394755,5.9542866,1.1520487,-0.27440673,0.9099167,0.20622656,0.5093781,-1.4626341,0.2573702,0.6063234,1.383581,-0.77295196,-5.995779,-0.3315784,-0.16261935,0.9773874,0.54749054,2.4883254,0.95666057,-0.19946294,-0.33339724,2.3653095,12.524329,0.05742492,-0.09384954,4.6799984,0.48438078,-2.0418065,-0.81070477,-0.9783498,-0.009067832,-0.6363253,-132.46614,0.9170579,0.07914654,-0.005257134,-3.088781,-0.32704547,0.7204709,0.026069894,0.1942464,-8.312588,-9.940288,3.532884,-0.43663788,2039.3125,1,67.0,1.0,100.0
-2.357139,-4.4808245,0.24416095,-0.42338106,-3.4387126,0.05278399,0.3076781,-0.46805945,-2.74647,-0.8863307,-0.27047536,1.9576609,0.104655795,-0.54197353,0.14384484,2.404146,-1.2834442,-4.1007752,-2.0085192,0.65233177,-0.39409658,-1.5864646,17.948137,0.4207846,0.003927138,13.151236,1.0323553,1.398332,-0.21381567,0.6761073,0.73186797,-0.10580685,86.83864,-1.5499791,-0.8838629,0.14020859,0.23646733,0.045038357,0.10178733,0.27887613,-0.07655781,7.8871922,9.130426,2.2035072,-0.5065592,894.8625,0,40.4,1.0,29.4
-1.7557628,-10.620278,-2.0787892,0.041642066,-2.2866926,-4.467782,-0.5681217,0.874757,3.3605428,1.7620853,1.7727147,-0.35080054,-0.07971196,0.286045,-0.3987823,0.05579488,-1.0083157,2.0276096,-0.17437708,0.6263293,0.38917145,6.9298806,17.433624,0.38827935,-0.27052537,-6.6987033,-1.5541595,-1.302125,0.23761654,0.8104376,0.8157732,-0.36045894,51.60761,-1.2010751,-0.42771757,-0.2697805,-2.55283,-0.87096924,0.46863088,-1.6261437,0.053783897,1.0986347,3.5931816,-1.3941029,0.008690561,176.5375,1,5.8,1.0,100.0
-0.3229732,2.817762,2.1920278,0.021143874,2.018082,-1.1505518,0.2975137,0.61497706,0.061522327,-1.045672,2.9969504,-0.84899384,3.8974328,0.65340155,-0.3843562,-0.51568305,-0.14258882,1.4668576,1.1115509,-0.6333666,-0.4766594,0.6426688,16.812155,0.9271597,-1.7024354,2.931622,1.3336393,1.2493399,-0.3668271,-0.92830884,0.4912388,0.22880141,-39.207264,0.047842924,-0.9241285,-0.8626915,-2.9120011,0.25366813,0.39090437,3.551156,0.032299615,9.647207,4.547423,0.21655527,0.17299263,1978.4375,1,65.0,1.0,100.0
2.3474655,11.501339,0.49836335,0.7751897,3.7224767,5.4170947,0.38255814,-0.27025357,-1.4319077,-1.0725613,-2.5023115,2.4728515,0.529585,-0.18533841,-0.07532402,-1.1395197,-0.006295959,-5.344065,-0.26722795,-0.49628693,-0.5229794,-4.9533634,-26.463703,-0.98673445,0.9103182,5.122539,1.2626411,0.42116636,0.25441635,-1.5469463,0.92275804,-0.37853268,-0.8440264,-0.3898943,0.002091955,-0.090954974,-7.2007623,-0.20620942,-0.94194394,-3.758582,-0.73599184,-4.325992,-6.000849,-1.5660046,0.38413376,773.1125,0,100.0,0.0,25.4
-2.3210464,1.4170175,2.7298968,-1.0233155,-3.1478899,4.3640394,0.1880602,0.6805296,-0.63559425,-0.5552913,-0.26171765,2.3879898,-1.91557,-0.8197525,0.48928186,0.18034345,-0.009584972,2.060327,0.36152956,-0.009054264,0.22010449,1.6377935,2.3659456,0.22609442,0.08074789,-7.4108586,0.19000132,0.94439465,0.40872538,-1.1582599,-1.7011868,-0.20578234,-33.28808,-0.036067408,-1.1138612,-0.91457695,0.6565171,0.19503559,1.0140669,4.3954988,-0.086276665,3.7253869,-1.4445039,1.7166147,-0.18851276,468.7375,1,15.4,1.0,43.4
-1.3251803,-0.5111409,1.8141221,-0.025238387,3.1063025,-2.1425052,-0.009165987,-1.562867,-0.77870584,0.03750159,-1.6497185,0.1473626,-4.2548747,-0.19458865,0.058760963,-0.59415007,-0.19202955,-3.080655,0.5863526,-0.37293366,-0.86454284,0.36002156,10.353685,-0.64854956,1.506745,-1.6479975,-0.66890216,-0.7892455,-0.16966057,-0.44947043,-1.404076,0.12796034,78.12645,-0.86034113,-0.21325995,0.14438902,-1.3265139,-0.23213895,-0.665814,-3.815489,1.3139592,-8.33927,-4.966677,0.2302648,-0.061043743,532.65625,1,17.5,1.0,100.0
-2.5656862,-7.908239,-1.6677144,0.12560831,-2.157728,-3.417272,0.008426002,-1.1467724,1.2115095,1.427297,-0.7051285,-0.29716524,-0.21395496,-0.3447404,0.11352841,1.4355024,-0.15965289,-1.6286149,-1.059869,0.303683,-0.2727482,0.6396488,4.7368264,1.0389805,-1.5631993,-10.288856,-1.4070113,-2.7846203,-1.9019439,2.7471216,-0.5700503,0.50093615,39.29163,-0.23133653,-0.26674014,-0.30680487,0.6944328,-0.10939684,-0.17441161,-1.8954878,-1.601669,9.961254,7.785478,0.3485559,-0.020558665,3043.75,0,100.0,0.0,100.0
2.4714284,5.482687,0.32299414,0.73185056,3.6784458,-5.444689,-0.2334424,-0.31075135,-0.48427308,-0.3184773,3.4998684,-2.3491006,-0.17299731,-0.29898727,0.36562237,-0.3314098,-0.73079383,-2.367443,0.821955,-0.3477978,-0.48266152,-5.20583,-9.244788,-0.35903886,0.272418,-7.315604,-1.5179913,0.20784564,0.44842803,2.4749436,-1.2318368,0.30512333,48.99435,-0.09489191,-0.51956713,-0.25246227,4.4303417,0.81798875,-0.9421786,-2.0923574,-0.8615453,1.1394356,-1.9482323,-0.29147235,-0.05191402,715.28125,1,23.5,1.0,29.5
-1.8417248,-4.871938,-0.45749775,-0.73927015,-3.9491677,7.224892,-0.079101354,1.4569502,0.57790136,0.23297755,-3.070632,0.34597337,-1.209402,-0.40256009,0.45419487,1.5908991,-1.1888396,1.00231,1.7262974,-0.4600284,-0.12389651,-6.526623,-3.7677653,0.65142995,-0.41700757,-3.3951552,0.36128768,1.9777853,-1.7204223,3.4258947,2.043799,0.54424626,4.4670897,-0.008718901,-0.3705491,-0.7751931,-1.1329105,0.2656351,0.5519421,3.8813584,-0.86914265,6.4196897,14.821056,-5.7684426,0.55028933,450.475,0,88.9,1.0,14.8
1.0634245,5.851839,-0.51633525,0.08884397,-0.9552219,4.2200227,-0.13854918,-0.6616919,-3.9613056,-1.8429567,-0.4309432,0.27595767,2.5954986,-0.13440767,-0.01867842,-0.556439,0.9732093,1.4697586,-0.6676875,0.16144814,0.039234433,2.5976858,5.4705114,-0.88618493,1.5871764,0.20293601,0.0311392,-1.7502003,-2.5085897,2.335739,-0.852605,0.46889699,47.797962,-0.019399732,-0.03760464,0.12977163,-2.8209836,-0.8307921,0.29000014,-2.6359549,0.26467225,5.1806602,9.831889,1.8581648,-0.522086,1098.7937,1,36.1,1.0,88.3
-2.2030406,-3.6042163,-1.1817483,0.053091723,-1.418598,-0.83892643,-0.073597886,1.3580781,-0.2527904,-0.99615973,-0.9624215,2.480182,5.5858583,0.68085074,-0.44721955,0.38798365,-0.09826729,0.4237103,-0.14619628,0.702257,-0.36809328,-5.2251897,-13.196053,-0.6127517,1.2769539,1.9416329,-0.17509788,0.05614342,0.1029006,-1.2168925,-1.5959384,-0.59615785,-81.55678,-0.6351169,-1.041171,0.937636,4.1242733,-0.22113979,1.3048929,4.3149185,2.3197608,-8.886266,-10.591231,3.7453873,-0.33185282,572.225,1,18.8,1.0,49.6
-1.7984114,0.16770655,0.04905701,0.39328542,1.156148,-0.78524953,-0.90266967,0.21351145,0.6283182,1.4716803,2.4825075,0.92798513,6.663313,0.7051227,-0.38247657,-0.26425165,-0.6296049,1.7223407,-0.19646974,0.39447564,-0.032749172,1.7766317,0.47093672,0.309206,-1.1341853,10.482995,-0.2298404,-3.5807884,-2.6271236,2.3947175,-0.37018913,-0.6862971,-85.0847,0.15504342,-0.65971005,0.60116357,5.5465283,0.27031657,-0.17689823,-3.0838852,-0.79877895,0.28534284,-0.42206013,-4.3960257,0.46863508,508.30627,1,16.7,1.0,100.0
1.6224651,3.6329114,-0.2425344,-0.15167354,-2.7564538,0.27225223,0.52188796,-1.1273444,-0.7348381,0.17925064,1.6414185,0.6431654,5.7373285,0.08889875,0.30477715,-1.5524508,0.18550356,-0.7166976,-0.60593534,0.026624614,-0.10902692,-8.157824,-27.133255,-1.2569793,1.6789657,-1.4074959,-0.5374388,-1.9857694,0.6800598,-1.7388879,0.26533318,-0.16021757,-125.414375,0.1364125,-0.7503403,-0.6246228,-3.5688853,0.18420532,0.07472138,1.4287622,0.8707899,-7.8974595,-10.63856,-1.0634831,0.390106,182.625,1,6.0,1.0,29.2
0.01997521,-0.73522246,-1.2568578,0.0718313,0.019540116,-4.2717896,-0.4101322,-0.18919545,0.6541806,0.34203523,-1.103242,1.1643776,2.5994587,0.35407585,0.041460246,0.10622189,-1.1365416,0.60849756,0.53198653,0.28551665,0.69372773,-0.052214954,-27.217491,-1.1058931,1.3374,11.197539,0.8937681,2.0533385,-0.5380178,2.2382736,1.2689666,0.063382536,-72.613785,0.03679239,-0.87774694,-0.39205974,-6.0577044,-0.71293485,0.6769827,2.4749951,-0.06947909,2.9776225,10.332455,-0.7877548,-0.36270574,1725.8063,1,56.7,1.0,100.0
0.29506165,1.5984036,-1.879555,-0.28007305,-3.7517865,-5.2678795,-0.08058878,-0.17456123,0.15167098,-0.4334659,2.6287265,-2.0611877,-4.5960913,-0.05990598,-0.5068961,-0.100774735,-0.56126463,-1.4906595,0.85128886,-0.48749334,-0.31776157,-1.3052075,-2.5389614,0.34609672,-1.4584553,3.3862183,0.3228404,1.9725295,0.8270883,-0.9624495,0.11794731,0.26637754,-79.34653,0.30465952,-0.6879518,0.20066331,1.9341807,-0.048575867,-0.07936293,-1.6874175,-0.50113964,-2.3240771,2.0983171,-3.2352483,0.5822027,319.59375,1,10.5,1.0,100.0
1.3673408,8.895375,2.2528546,-0.81358904,-1.1941485,1.0990331,-0.35678118,-0.24232562,-1.127573,-0.5021786,-0.30164024,0.12875567,-4.0155497,-0.2565995,0.021962846,0.15413363,1.0273652,3.3839862,0.93311816,-0.37538326,-1.264695,-3.2064495,17.268381,0.03652777,1.7140836,-2.5585775,0.28700468,0.551877,-1.7104899,1.6233567,-2.4757602,-0.37963158,-24.132212,-0.5054548,-0.79310584,0.9366865,7.480982,0.6431313,0.26565444,3.9143097,0.012729837,-1.182975,-5.5785565,0.405283,0.58441967,1689.2812,0,70.5,1.0,55.5
-2.9036376,-2.5220525,-0.8490809,0.0019962846,-2.8203998,2.0823734,-0.3639296,-0.35775793,-3.2778463,-1.7370616,-0.92542005,0.75163895,0.71711713,-0.7230548,0.40074822,-0.68737245,-0.08470889,1.4538736,-0.7249569,0.679642,-0.040243287,3.796645,12.759175,0.67946035,-1.2952769,11.12346,-0.34717718,-0.22460142,0.81721044,0.50092566,2.4572227,0.35482553,41.171597,0.42928618,1.0833532,0.8763486,2.6198664,0.014142726,1.0597825,4.932012,-0.30412492,-3.4020948,0.1202608,-3.9181855,0.2531389,967.9125,0,42.5,1.0,31.8
-0.6714318,-1.7144252,-1.0915618,0.13983193,1.024875,0.78920996,0.7846796,-1.0037566,0.5650134,0.17476584,3.2635834,-0.8471421,2.840868,-0.3131106,0.4996519,-1.4991269,-0.26319256,-4.740395,-1.5957882,0.49522302,-0.5263873,-6.6370606,-13.205948,0.21717109,-0.43092325,-3.3312306,1.0602454,1.6016235,0.10378966,-1.5475363,-2.2162607,0.026320115,9.846495,0.9092566,0.616467,0.103925206,-1.2954111,-0.49286425,-0.041726794,-3.2070978,-1.5058897,4.2748346,-2.4651299,3.334574,-0.48623773,380.46875,0,20.0,1.0,12.5
2.6746209,9.613239,1.7212552,-0.6097657,-1.8353422,-4.7673755,-0.0784366,-0.20946433,0.7317836,0.7459275,-2.854163,3.7126553,1.9050248,0.11581277,-0.36739048,0.7870207,-0.34531096,-1.2486635,-0.2507091,0.2954298,-0.45913658,-1.3083364,-8.548567,-0.14795217,-0.9950021,-13.743059,-1.4112602,-1.0000426,0.0412023,1.648803,-1.7864597,-0.941981,-59.95104,0.45712426,0.7166539,-0.3653135,-4.9287086,0.026141725,0.5681529,4.879229,-1.2843262,-2.8420067,-5.5170116,-0.47491038,-0.012146435,328.725,0,48.2,1.0,10.8
1.8230475,7.1634297,0.88676107,0.35539433,2.0830848,2.6205826,0.90542024,-1.5134313,-0.4191631,-0.03982429,2.4778125,-0.6216992,-2.8035161,0.02354343,-0.33794606,-2.1200416,0.16811815,-0.8724244,0.3043804,-0.2482458,-0.48112842,-7.6932487,-6.7840834,0.21737689,0.19034198,11.739943,0.8731439,2.0429685,0.9692411,-0.7724081,-2.7000604,-0.78755355,-92.769966,0.70380205,0.3321052,0.1891087,3.1989615,-0.2645725,0.08907618,-1.8704695,-0.0918303,1.6273186,-0.33002782,1.406492,-0.123462,30.4375,1,1.0,1.0,100.0
1.9569125,-1.2337862,0.9571691,-0.44596985,1.080741,1.2649556,-0.3742279,0.018224388,-1.5660144,-0.3836388,1.3285913,-2.0597878,1.0949959,0.14652807,0.07875437,-1.3386838,-0.045708682,-3.291569,-1.0335588,0.04112109,-0.4282409,-7.070695,-14.565442,-0.07225096,0.03839361,3.4746492,0.52450055,-0.96627504,-2.193526,2.9411314,0.929737,0.11521132,-35.46307,-0.6495092,-1.0815233,1.2028689,5.7045197,0.7557059,-1.1673428,-3.782223,-1.7097046,7.8773017,-2.4617777,4.8286433,-0.492033,304.375,1,10.0,1.0,34.1
-0.41885298,-3.1013367,-0.6690909,0.9040264,1.9441094,-4.2151756,-0.30887032,-0.064058825,-1.3080009,-1.5679182,-1.1901453,0.6498706,3.7946694,0.17634669,-0.0013041388,-0.048681878,-0.07273339,3.8307314,0.07595589,0.2380985,0.4055355,4.648422,4.2582407,-0.27440333,0.013898237,8.754896,0.8274948,4.008415,0.5445427,1.7265267,-1.9393783,0.028077563,-32.82643,0.13712549,-0.9995745,-0.72348493,-1.2238787,0.6970759,-1.430066,-5.035717,-1.4110498,6.37836,-2.0223827,5.257398,-0.550764,611.79376,1,20.1,1.0,100.0
0.23098691,-1.7815279,0.6583114,-0.57463783,-1.9393475,-0.19002607,0.7227628,-0.020739617,-0.7231359,-1.195386,-0.5524617,1.9764395,-0.33215976,-0.4466387,0.30948752,0.23062538,-1.1603564,-1.9611086,0.3285327,-0.22690621,0.08625562,-3.560017,2.7349398,-0.26824176,1.7768455,9.9943905,0.27496523,-0.06808083,0.18337011,-0.44490838,0.0041533997,-0.16412884,11.144284,0.8008707,0.5213164,-0.9955626,-2.3349123,-0.02594295,0.5758934,4.415569,1.099049,-5.9321427,-1.247765,2.8009157,-0.56272763,246.54376,0,100.0,0.0,8.1
-2.1064017,5.3517556,0.8824671,-0.034003906,-1.5849746,0.0509538,0.1848079,-0.3160943,-0.69697046,0.5700877,2.7556603,-1.2544311,-0.9888031,0.17889069,-0.37414467,0.8773484,-1.1516583,0.76598185,0.7371371,0.012499023,0.1384328,-4.0309157,-11.671827,-0.096295096,-0.30121022,-14.130421,-0.015997833,-0.62222713,-0.59472364,-1.8870481,-0.4814051,-0.51413816,31.98109,-1.5885617,-1.1128423,1.0606794,6.162353,-0.048185244,1.2478279,4.6711655,-0.12855917,0.6920956,3.9283972,-0.64958584,0.33707878,885.73126,0,71.3,1.0,29.1
0.45947462,0.64909256,-0.29039937,0.42143017,0.11337162,-3.4237344,0.467597,-1.6706343,0.49140477,1.7762346,-1.49377,-0.041413162,1.6574414,0.44397378,-0.023329096,1.0664799,0.1339698,4.611667,0.18346637,0.5032692,0.54603595,2.0677574,1.1722828,-0.016522342,-0.00017925315,6.3100467,-0.015418674,-0.17450154,-0.9158607,1.4922688,2.842055,0.5116782,59.10821,-1.4664859,-1.0418582,0.0852977,-0.51119745,-0.12382046,-0.067577936,-0.9051994,0.47433972,8.538064,11.334748,-3.5168042,0.4775205,3043.75,0,100.0,0.0,100.0
0.46760005,-9.751307,-1.0653238,-0.5141413,-2.4921746,5.4533825,-0.30853006,1.6559896,0.018559946,-0.8348206,1.1440638,-2.2470438,1.8761982,-0.14898895,0.48127496,-2.597015,0.39239782,1.7601519,0.7912971,0.022647813,0.5544746,-0.3032237,-7.8744793,-0.75847006,0.95329565,-9.795913,-1.2845538,-2.559985,-2.25865,3.0516198,-0.26777107,-0.10303711,-10.195886,-0.54651904,0.3218605,1.0555285,6.7594314,0.16437118,0.90058166,2.93574,1.0697467,-5.344482,-15.224597,4.3656535,-0.28076866,70.00625,0,3.9,1.0,2.3
1.8684332,5.2963967,-0.5212661,0.99251276,3.2953565,1.7152039,0.15895502,-1.4441345,-0.8038576,0.197533,-0.673568,-1.1283658,-4.192371,-0.20090017,-0.09764029,0.08930951,-1.4479206,-3.7394607,-1.1474087,0.39008096,-0.89039356,-1.2094989,12.055147,1.1113071,-1.5387403,-8.200272,-0.46970624,3.6796348,0.3823917,2.6154857,-1.891774,-0.19438106,42.53372,-1.3004682,-1.1497604,0.10813959,-1.8342195,-0.7064439,1.1161891,4.3919096,1.0192612,-5.4627786,-4.985135,-3.2071424,0.638142,231.325,1,7.6,1.0,30.0
-0.25090852,2.455595,0.07902563,0.008744178,-1.7792072,-1.7485222,-0.31674662,-0.44317845,-0.32142282,0.91964555,0.21486767,1.0537083,0.22324747,-0.13107423,0.043972332,1.8411446,-0.4593673,-1.5865722,0.8299366,-0.64618325,0.19753987,-0.4316646,-24.320784,-0.60551935,0.39641497,10.108055,0.6149424,1.2933227,0.67707324,0.82091,-2.4288464,-0.56560105,12.082405,-0.12627652,0.390018,0.29168656,4.614838,-0.22746739,0.73533607,0.12291601,0.10946624,-10.850798,-12.454992,0.42270276,0.21781756,203.93124,1,6.7,1.0,100.0
-2.427866,-1.5753207,-0.36274505,-0.072292544,-3.4122846,-5.6521435,-0.36554515,-1.1430582,-1.9635108,-0.27562797,2.1260765,-0.8179716,1.812195,0.55022496,-0.41912967,1.3096544,-0.46846727,-4.9097238,0.10739274,-0.6762291,-1.0812849,-2.814633,-0.14583305,-0.48159385,1.3076644,10.376248,0.22980629,-0.9808012,-1.8243777,2.6088877,-1.1488237,0.24295504,26.904104,0.11709385,0.26945335,-0.3830271,-2.4272332,-0.34769487,-0.01397062,-4.2966676,-0.50120795,0.97769576,1.9747359,-6.1123796,0.5801412,73.05,1,2.4,1.0,18.0
3.0978582,13.236066,1.514372,0.032203417,0.20457862,5.0769725,1.0013866,-0.27298275,0.039707743,-1.0949365,-0.5251338,-0.7154707,-2.350229,0.02345334,-0.55005807,2.0476055,-0.39729995,1.6404676,1.077622,-0.6831861,-0.19833873,-4.4584436,-2.2965732,0.6316024,-1.1646059,-6.985203,-0.47013506,-0.54113626,-0.36461768,2.5498426,1.2070369,0.3645009,77.955376,-0.054184698,0.26284447,0.068942435,1.1470816,-0.39591005,0.46548238,-1.3728834,0.96587384,3.9000003,0.26963833,2.0909839,0.07094996,1573.6188,1,51.7,1.0,100.0
-0.85533804,-11.029667,-0.11045589,-0.19473487,1.1859623,3.9808817,0.709178,-0.6871247,-0.005543751,-0.3404756,-1.2818856,-0.91103894,3.1050477,0.092748284,0.4322515,-1.7860866,-0.5394815,-0.2573212,1.4575839,-0.336183,0.83823997,0.031222397,-10.096197,0.2818366,-1.2084683,-6.5360756,-1.1239159,-0.9461259,-0.8675347,2.6759295,-0.3873952,0.23456419,112.746635,-0.8323622,-0.31002942,-0.4741353,5.3359847,0.021000117,0.13028155,-3.484674,0.041803934,-0.019860703,2.8996763,-3.5569315,0.15393801,1275.3313,1,41.9,1.0,100.0
0.08052581,-0.518178,0.17167976,0.8247459,2.2097871,-3.675533,0.09047655,0.21564658,1.280261,0.011145007,1.0373448,-1.665761,-5.362252,-0.45714167,-0.024572372,-0.65963835,-0.19278969,3.0678983,0.8309876,-0.14080565,-0.7497575,-0.5329348,18.139921,0.9777326,-1.1638654,5.480909,-0.39937177,-2.4627733,0.7477166,-2.3386848,-0.23130752,-0.63789237,-44.00541,0.47040686,0.10704375,0.3853734,2.0910385,-0.21608679,1.2662971,3.4783218,-0.42118013,-5.57935,-3.0758128,1.6648079,-0.4333045,590.4875,0,100.0,0.0,19.4
-2.5259674,1.194811,1.8950197,-0.3286863,-0.019154828,3.7955327,-0.54604465,0.78385603,-0.88015026,-0.2783241,-1.8520285,1.4203833,0.6449523,0.15337144,-0.36699033,1.0340778,0.9179477,3.4853458,0.20384464,0.06950059,0.23228739,-5.853954,-23.278929,-0.06729402,-1.2271525,3.4291723,-0.16501075,-1.0224566,-1.5425544,2.2875636,2.6092954,0.52802175,-42.67018,0.77953446,0.31872597,0.23363532,-5.4572673,0.022190638,-0.39473292,-0.05387927,0.62250376,-1.8483809,-4.790548,-0.27029407,0.33177292,295.24374,0,27.0,1.0,9.7
-1.1770335,-7.266152,-0.07505221,-0.5411961,0.4091451,0.85465246,0.50783336,-0.016660236,2.213559,0.3481438,-0.3041838,2.6269662,4.563834,-0.43429545,0.54962933,0.052849934,-0.08701161,0.74348396,-0.86136115,0.62729025,-1.2444358,-1.6528827,-4.982726,0.023094635,-1.7278972,-3.971623,-1.3252846,0.6604365,2.3544002,-1.5983632,0.78817856,0.2462823,31.015741,-0.7344262,-1.0715326,-1.0573676,0.117954634,0.13768858,0.8363675,4.005302,1.8172442,-1.456,-4.1525135,1.949723,0.21438608,140.0125,1,4.6,1.0,67.7
-2.1762345,-10.559039,-1.585307,-0.06953003,-0.75722194,-0.781061,0.50679904,-0.07485471,1.4997169,-0.38719323,-1.2933998,0.6690841,-0.75838774,0.030246971,0.11456881,0.60886085,0.53340715,5.1819453,1.6867558,-0.38772848,0.98423576,-0.46903798,4.458462,1.1222179,-1.1356652,1.802025,1.418712,-0.008780772,-1.5062219,0.6838774,1.4368641,0.5471126,0.37420395,0.5128941,0.4096126,0.3167102,2.9614434,-0.005445985,0.34593707,1.8853205,0.25515062,3.1548817,6.430422,-1.9155715,0.2755985,1643.625,1,54.0,1.0,100.0
1.1892391,-5.4616814,0.21096788,-0.55023223,0.25371966,-4.5876203,-0.6037149,-1.1792915,-2.2139647,-0.24773338,2.4718246,-2.6091425,-1.5868148,-0.2537381,0.49722075,-1.7158399,0.2455559,-0.17405023,-1.0100155,0.45222816,-0.026653668,4.7736278,23.112698,0.3878178,0.3455914,-11.584253,-1.2066948,0.44980338,0.21018204,1.8783338,0.31017593,-0.44779035,-42.65714,-0.8743922,-1.1518102,-1.2682526,-2.8020904,0.5267287,-1.0043988,-2.4564538,0.10642395,-1.3248484,-10.090435,1.1709421,0.2523502,471.78125,1,15.5,1.0,33.0
-1.0256968,-6.059969,-1.130845,0.4087262,3.6072578,-4.465858,-0.955062,1.513288,1.1743621,0.5710651,-0.38703933,1.3876975,-0.89323074,-0.12841742,-0.16822416,0.54965764,-0.77900004,0.12636149,-0.2655844,0.054207712,-0.22052304,-0.91523826,-3.7799017,-0.18306102,1.2604257,-3.8073416,-0.32888418,-0.90852123,-0.025458999,-0.29910016,2.3522396,0.69598025,-9.816374,0.44990247,-0.39932382,-0.67130476,-3.6736534,-0.5176168,0.7296723,0.48972103,1.1262009,-6.0563273,-2.456411,0.53336096,0.00037542806,1040.9625,1,34.2,1.0,100.0
-0.2877817,-0.58814734,-1.9048848,-0.3381086,-4.0301223,5.1722517,-0.006694444,0.6464935,0.46975023,1.2084798,-0.3252984,0.03624351,2.2645085,0.50159425,-0.20449047,-1.6988845,-0.36850482,-2.0014334,-0.52701354,0.35504627,-0.34600076,2.1898232,11.8913355,-0.5207708,1.0501775,12.654178,0.66658247,1.7470286,-0.16108353,2.6762168,0.027698569,-0.7779884,-91.190544,-0.16506702,-0.7448991,0.22880311,2.515629,-0.65525866,0.00064083334,-4.617506,-0.78300375,4.461178,4.9933405,-3.335166,0.3757991,350.03125,0,46.6,1.0,11.5
2.4652584,7.7760644,0.2537952,0.9771487,3.4373279,1.1341753,-0.2657267,1.1510348,-0.5593515,-0.43384194,0.5172185,3.3552055,3.528552,-0.41266233,0.4614708,0.40840104,0.68686277,1.461835,-0.61710656,0.11118309,-1.0137643,-7.028081,-0.5074415,0.7368861,-0.9124924,-8.125088,-0.04573546,-1.0781988,-1.6667438,0.6510229,-0.018286524,0.036605112,126.13621,-0.88189876,-0.017701235,-0.23050092,1.4651427,-0.09300345,0.95363086,1.8097484,-1.7283947,1.0310371,7.0832944,-4.3496633,0.21785298,1795.8125,1,59.0,1.0,100.0
-3.1470447,-7.921773,-1.5931674,0.028169662,-2.1630719,-3.7175746,-0.6534465,-0.030418212,-2.256967,-1.2975225,0.11562355,2.063,1.7006454,-0.2208551,-0.03974609,1.6195965,0.05023441,4.671651,0.31308967,0.27795997,-0.11856304,2.4480653,15.464909,1.1275687,-1.5768625,-10.973786,-1.3575004,-1.4585932,0.48407736,0.29166704,-2.7007766,-0.3289884,-62.880177,0.5654194,-0.38928097,-0.12191407,-1.5107608,-0.7815822,0.36344138,-1.9429963,0.20246957,2.6911263,-3.826875,1.5650408,0.20567608,800.5062,1,26.3,1.0,77.2
1.0499517,5.57026,2.836851,-0.3761852,1.4747776,-2.2055526,0.33570373,-0.0008162132,2.1013362,0.06604447,0.28340685,-2.2462373,0.7999944,0.5105471,-0.24995963,2.2327828,-0.20159894,1.5542387,-0.41313958,0.18796356,-0.45615023,2.1118195,-3.3599386,-1.382001,1.8042051,4.671005,0.27696845,2.2425601,-0.07002746,0.57944906,-0.96921813,-0.55670196,-129.40907,-0.17755914,-1.176717,-0.7675152,3.5006661,-0.0019640054,1.0247723,2.6167905,0.16244543,-6.347276,0.7732588,-3.4836168,0.56059235,1135.3187,1,37.3,1.0,53.9
1.1725379,2.0002232,0.23993656,-1.1128184,-4.118362,-1.3135377,-0.19405894,0.012304798,-1.1678702,-0.51210743,0.652038,-1.3321451,-2.8519628,-0.8775438,0.54905885,2.664755,0.004883748,3.5801997,-0.34596804,0.5828488,-0.04911706,-0.1297265,22.617891,0.9276001,-0.8137692,-16.254627,-1.0939586,1.2450119,0.20037606,2.6939294,-0.8950733,0.73384464,90.65577,-1.1542741,-1.1666477,-0.8213174,-5.699218,0.11802336,-0.63611734,-1.4309082,-0.07994369,3.2136128,-1.9822041,3.1655095,-0.06916484,194.8,0,10.6,1.0,6.4
2.1650298,-1.7264882,0.30635625,-0.53403527,0.06813259,5.770792,1.0587131,-1.0786326,0.80095345,0.74079925,-0.6104098,-0.23181358,2.0467954,0.34440818,-0.025032446,-2.8565772,0.7855095,1.9008023,0.2235532,0.33669445,-0.43588942,-3.5474617,0.24169548,0.021399027,0.12781902,4.953653,0.26970473,0.5243085,0.31425413,-2.5656006,-0.66386086,-0.34466276,-74.38703,1.5749884,0.94864947,0.9428648,-0.9227638,-0.6534341,0.815755,2.5822837,-1.340755,4.0400777,-7.592007,4.3429847,-0.21153417,1917.5625,0,92.7,1.0,63.0
1.4107101,11.031772,2.176407,-0.63387376,-2.0909212,4.3118615,0.10323213,-1.26242,-1.6874019,0.35474628,-1.5814676,-1.18601,-0.4197325,0.09924737,0.101269685,0.35088766,-1.5076071,-4.7564297,-1.4872581,0.39624652,0.18478113,-0.1519429,3.8969762,0.67415,-0.027231291,-2.3378644,-0.5198687,-0.06508368,-1.2594644,2.4595392,0.27571657,-0.6001976,-8.821826,-1.2652013,-0.75730467,-0.18681566,-0.6760924,-0.07806761,0.7476733,1.4771625,1.398559,-0.20750687,13.082399,0.7748279,-0.56805885,550.91876,1,18.1,1.0,72.4
0.601212,-4.450894,-1.5373977,0.5513136,-0.1935485,5.855525,0.17881258,-0.60857093,-0.2821607,1.2196368,0.052369494,1.5176831,-0.02505584,-0.34129673,0.51003623,-0.013747752,-0.36066264,-0.6708326,-1.3900994,0.30094206,-0.0031865288,2.060034,1.955126,-0.9870204,1.557428,2.4715745,-1.1750569,-2.5826182,-1.0172879,2.092728,-0.074189425,0.6093434,116.77273,-0.43582916,0.6545528,0.74279964,-1.7025335,-0.19322245,-0.2883546,-0.51768553,-0.056045968,1.7873901,17.05848,-1.4585327,-0.3622084,237.4125,0,19.1,1.0,7.8
-0.18834458,-3.5970252,1.2084693,0.0787076,1.9388424,3.068776,-0.13286291,1.2818445,1.6559485,0.3155242,0.5734283,-2.9504201,-7.1730328,-0.54018176,0.16938908,-2.5489037,0.87280244,3.1519186,1.1404159,-0.3463146,0.7677415,4.5403643,-1.6895937,-0.3810723,0.17757404,-12.525336,-0.89696944,1.5421726,0.7956078,0.5325546,0.8888715,-0.0840321,-91.32345,0.7918253,-0.063330635,-0.15780357,-4.7329035,-0.6505855,1.0776316,2.2653217,-0.25980633,8.357975,-0.23664075,3.9249682,-0.20108506,18.2625,0,9.5,1.0,0.6
-1.4033298,4.452449,0.55694884,-0.38166696,-2.3549764,3.7631185,0.9778611,-0.37619877,1.1737764,0.32622406,-2.3299825,0.8100106,-3.5426106,-0.06253468,-0.3534779,0.84589535,-0.03662467,-1.1064755,-1.6090136,0.3992844,-0.8884416,-2.1655433,14.0314665,0.47089773,-0.1503611,-15.224772,-1.246198,-1.1971023,-0.85312307,2.6727827,0.7986982,-0.0037601725,-55.748608,1.5364302,1.1658466,-0.41508487,-2.8932905,0.39607632,-0.33038694,0.24252558,0.7666337,-1.2694799,5.473815,-3.5326576,0.12797965,490.04376,1,16.1,1.0,67.3
-3.6545074,-13.602543,-2.5379496,1.0779337,3.8974476,-5.079645,0.29380593,-0.0012790778,2.8849628,0.70585454,0.97909796,0.60995895,2.225159,-0.33293927,0.20576778,-0.3841065,0.39536786,4.67816,-0.026580319,0.54648125,-0.639872,-0.2960897,16.837133,0.10408413,0.5338375,8.801588,0.38262174,2.1564972,-0.043805767,3.0739908,0.96753234,0.21380362,46.130756,-0.9373909,-0.87252694,-0.861569,-0.9722693,0.5687753,0.080131285,2.451165,0.045151964,-4.7246184,3.063648,-0.25807056,-0.2567531,298.2875,1,9.8,1.0,100.0
-0.89197946,-1.409342,-0.06696967,-0.71365,-3.7548053,-5.459695,-0.9305637,-0.49864125,-4.1407075,-1.783126,0.54959875,-0.6711945,-3.0250185,-0.40714055,0.26502365,-3.3191,1.0143615,3.0940042,1.3922356,-0.24252632,-1.0951182,-2.936198,10.796304,0.32093236,0.15779392,11.444335,0.5847375,0.53252053,-0.5528117,1.5777643,2.2772982,0.6809471,56.465843,-0.13033159,-0.008997808,0.099060684,-0.680318,-0.47649595,-0.020762205,-2.653323,-1.9484398,-1.3033313,-4.409778,-2.4773211,0.2604495,462.65,0,31.6,1.0,15.2
0.08527248,4.7659907,0.3340706,0.20118204,-1.8469142,-1.0477875,0.23480226,0.544944,2.8755746,1.6472875,3.2851915,-2.5682924,2.003836,0.14713687,0.35048148,-1.2012523,0.680302,5.1971674,1.201503,-0.12084817,-0.66985315,2.4726124,-0.47405332,-1.1379683,1.2619445,-2.4470282,-0.091308996,3.3307288,1.9899719,-2.0267587,-0.05780823,0.12903251,89.97877,-0.85993505,-0.55432916,-0.1932932,-0.7685329,0.20111449,0.19143482,2.163536,-2.0819159,1.8792334,-4.2892985,-3.1988485,0.64444077,3043.75,0,100.0,0.0,100.0
-0.08273817,-7.664319,1.0860848,-0.3096359,2.023973,2.7675934,0.23514616,1.1364241,2.663068,0.6574614,-1.6318979,0.2878889,-1.649432,-0.18779615,-0.11174321,0.55657446,1.1397631,1.6589153,0.34911326,-0.53652215,0.526516,4.5097322,20.03933,0.58268887,-0.15743297,-11.055018,0.048650034,2.0027263,1.7648317,-3.001619,0.7451512,-0.31243166,-110.5513,0.6019435,-0.14314257,-1.0079776,-3.5632212,0.5327181,-0.25215206,2.3038192,-0.26050755,8.451563,9.212,-3.393958,0.30995813,1671.0188,1,54.9,1.0,100.0
-2.070449,-2.1842444,1.4851277,-0.8368117,-4.095142,-1.9677886,-0.4601795,1.2657542,3.6160116,1.4773258,-0.73074067,1.3307635,2.8774445,0.048372563,0.22089165,-1.5530694,0.8840946,-1.7827418,-0.27159414,-0.16771396,-0.37290406,1.5894157,4.3962197,-0.2796751,0.78448474,5.846155,0.6998134,0.4371016,-0.805025,-0.05525853,0.41244242,0.8367705,23.517235,-0.025107956,-0.8059298,1.1977853,7.3006744,0.16780259,0.26976913,-1.0781474,0.1944791,1.2272856,-5.1563025,3.7277813,-0.15459734,48.7,1,1.6,1.0,98.1
2.0496244,0.70971763,-2.369175,-0.04205932,-3.8117855,4.1668453,0.2548586,0.25857022,-0.48934174,-0.12472153,0.48694247,-0.90048635,-1.5942341,-0.47722948,-0.02039265,1.1466755,-0.4800156,-4.6367884,-0.44290885,-0.3340867,0.28397998,4.5975614,6.237583,-0.7378118,1.4700623,6.09399,0.08144119,1.9228269,0.039089363,2.5482237,0.08639456,-0.2928118,39.888348,0.53123254,0.9966085,0.107738085,0.18137416,0.8812051,-1.298578,-3.7013714,0.7825505,-3.0037026,2.1859944,-1.5769603,0.23716123,106.53125,0,73.5,1.0,3.5
-0.9153029,6.1183076,2.5228896,-0.68271977,-0.35593358,2.2700806,0.16795635,-0.10988267,2.0498827,1.2841204,-0.1524576,0.9881568,-1.4942051,-0.56213117,0.088529736,-1.3736427,-0.3597565,-0.8896574,0.9180218,-0.62628573,0.098092176,-0.66551906,-10.219301,-1.2397726,1.7491502,8.215417,0.4991239,1.558443,0.053845316,1.9639372,2.4843657,0.1797019,5.4314365,-0.7760557,-0.20001106,0.7298495,-2.660352,-0.3384616,-0.68093807,-3.948689,-1.8192226,4.6370153,-1.2153542,2.0492473,-0.16144745,523.525,0,53.4,1.0,17.2
-0.7496979,-6.6700306,1.2613616,-0.70152104,-1.3305819,1.8547827,-0.72360754,1.9139282,3.5601249,1.6625057,-1.4487777,1.9013108,1.6815199,-0.20843768,0.140976,-1.1268098,0.95989245,-0.4120273,-1.3960298,0.4157626,-1.0404209,-3.081084,3.2347448,0.46319926,-0.8900273,-1.9197869,-1.0962898,-3.4732132,-2.5331895,2.5139217,-0.072438955,0.54481643,88.218636,-0.8420536,-0.16367957,0.45688948,6.6703825,0.22556119,-0.31303456,-3.9266088,0.015926067,-3.1338918,-12.038784,0.70593077,0.24031128,645.275,1,21.2,1.0,100.0
0.80066234,-4.553805,0.8390172,-0.9378406,-3.3835285,-2.0158749,0.0020205795,0.56141686,3.664004,1.8356597,0.33509347,-2.2716992,-2.3839414,-0.30682224,0.17647246,0.42774755,0.99122834,3.792163,0.09986365,0.28269333,-0.47130686,-5.3935413,-8.70615,-0.6116971,1.241668,-0.69417363,-0.5064723,0.84372914,0.3714565,-0.31546724,2.8200366,0.26862535,-79.42151,0.8394559,0.3757137,0.81880456,4.60388,0.016811356,-0.23458959,-4.1277556,1.4103545,-5.31741,-8.394761,-0.7406207,0.39776778,657.45,0,100.0,0.0,21.6
0.6607715,-1.2289679,-1.2308012,-0.7119557,-3.9314682,-1.9430482,0.3847528,0.33885846,1.2220999,0.42314258,-0.9374618,0.81360537,5.085261,0.23866846,0.2962499,-1.8571258,0.65716624,0.055826858,1.042655,-0.63298965,-0.15645282,0.103336155,-9.632997,0.15376034,-1.167065,1.2113861,0.17091626,0.7756576,0.42953214,-0.8781205,1.9595051,0.08391166,-95.29023,-0.3024822,-1.0907401,0.018030895,0.33046138,0.263411,0.16568519,1.2994927,1.1189986,3.4141557,0.23800266,0.17062433,0.45731422,511.34998,1,16.8,1.0,43.7
-0.71595293,-1.1033504,-0.20193456,-0.15073256,-2.3620534,1.4370545,-0.7831858,0.68223476,1.1533543,1.7045922,-0.771887,1.3637941,0.75482196,-0.0337383,0.10065765,-1.1123811,0.62414426,2.111938,0.9294445,-0.2996652,0.77857935,-1.2610515,-2.2190967,0.46002436,-0.56079084,-7.5105605,-0.6129687,-2.5691845,-0.79545504,0.7122755,-1.1026344,0.48956162,21.294926,0.2676919,-0.32871866,-0.41693258,-0.6144116,0.36877933,-0.7596781,-4.400885,0.51061684,4.0645323,12.593469,1.0252624,-0.6382234,27.39375,1,0.9,1.0,100.0
-3.0736008,-0.296663,-0.060171854,-0.114315696,-3.719759,7.905828,0.81817883,0.2008351,1.7699964,0.60671234,0.19534643,0.92531693,3.2731757,0.16886432,-0.04628691,2.205789,-0.43247524,0.44195032,-0.51182604,0.06021601,-0.20339152,-2.2539103,3.869657,0.9203622,-1.4811008,0.004522074,-0.2854496,1.4200611,1.307851,0.3488757,-0.28300086,-0.026455505,90.837234,-0.98791564,-0.7662907,0.18904972,5.5525565,-0.088996276,0.058925,-2.038667,-1.5586661,5.0341063,8.034787,1.9955739,-0.6553694,3043.75,0,100.0,0.0,100.0
1.9938903,10.19865,-0.2857986,1.0046564,3.4465623,-2.6180797,-0.10876292,-0.692507,-0.13823469,1.0770978,-0.42460355,1.0311147,0.77432257,-0.415627,0.053929936,2.1677558,-0.41946414,0.02792193,0.9798607,-0.6387675,-0.077999696,-2.4535978,10.168297,0.42125937,-0.15776162,-15.5059805,-1.5852544,-1.7519288,-0.86705565,2.7835577,1.168205,0.0047584213,-40.58634,1.4804018,1.0669454,0.78031623,-4.5782037,-0.7474221,-0.15078643,-3.6999903,-1.2637413,-1.045915,-2.3690557,-1.4499786,0.25248843,1856.6875,0,100.0,0.0,61.0
1.768861,2.227749,-0.09940209,-0.69257355,-2.3666475,4.60636,0.82562697,-0.0642151,-0.052474853,-1.2818937,0.2681781,1.2571687,0.47842416,0.2903049,-0.51988214,-1.3233529,0.55417216,0.29178846,0.00039673812,-0.048849877,-0.35414577,-4.3591976,-0.62556005,-0.4332891,1.726326,5.0502124,1.2465682,3.545557,1.426346,-0.7348636,-1.5497465,-1.0352166,-36.88288,-0.6970911,-0.3416775,0.13078347,-2.2757144,-0.6824454,-0.2564984,-3.7808752,-0.67773795,-2.7330194,-6.728892,3.0340884,-0.1371965,903.9938,1,29.7,1.0,100.0
-0.116645284,7.939163,0.022021605,-0.018697716,-1.9590971,-4.2018957,0.36212894,-2.125957,-2.7204506,-0.99907595,-0.26124892,0.43916363,2.8702724,0.0046164943,0.47883898,0.31582424,-0.9576272,0.07633715,-0.043971375,0.5775181,-0.022489933,5.548777,16.159864,0.6636059,-0.41660866,-8.946201,-1.2455176,0.40205464,0.24939013,2.1539433,0.42554873,-0.39970693,-84.81392,0.21013314,-0.3905312,-0.032329995,-0.8649285,-0.47415537,-0.2546713,-4.0053782,-1.8948478,1.15995,1.9134891,-6.364008,0.66246766,158.275,1,5.2,1.0,71.4
0.852419,7.4176264,0.10938597,0.4929427,1.4319577,-1.0241739,-0.4245229,1.2919887,-1.4502501,-1.5369431,-0.08006034,0.106664546,-7.015525,-0.8384527,0.40740898,-1.5336288,0.071094535,-0.20254269,-0.36414486,0.36302432,-0.05513752,-3.6582804,-3.718748,0.78847605,-1.6452802,-16.731037,-0.0887836,3.01099,1.8936857,-3.0575845,-1.7759515,-0.31326482,29.195585,-0.3687881,-0.43467927,-1.0199856,1.5666145,0.80221564,-1.1779224,-4.914945,-1.4202322,-0.630229,4.682689,-0.15923056,-0.62340516,578.3125,1,19.0,1.0,100.0
0.3098623,5.6619163,-0.13045439,0.33776584,0.5671344,-7.9088383,-0.80524117,-0.47073612,-2.333215,-0.7794208,0.19179928,-0.72661763,4.6660175,0.18253405,0.11601525,-1.6380202,0.8784753,0.30070198,0.56687945,-0.30395812,1.1273924,0.3048081,-7.201491,0.046601444,0.2351967,3.9339511,0.9314982,3.3028276,0.3040958,2.4847589,-1.8558916,-0.44665468,-37.793533,0.942702,0.9789552,-0.39412987,3.2221136,0.46910807,-0.062638596,2.7809134,-0.25562152,-6.824457,-8.052824,-2.5824895,0.56173176,861.3812,1,28.3,1.0,86.7
0.3621063,6.8347764,1.2778732,0.47527912,3.1719553,3.1022666,0.5977737,-1.6674453,-3.0086842,-0.9817289,-0.26566732,0.85328853,-3.1447024,-0.535517,0.4680427,-2.0966437,0.32567644,2.4757998,0.604737,0.2645296,0.4624619,-2.25719,-18.004877,0.34528422,-1.3291698,-4.2645063,0.21198775,-0.9109407,1.1572608,-3.347199,2.8274632,0.07839297,-110.18658,0.8979311,0.35613024,1.5503205,6.2751245,0.44426152,0.26161304,4.269029,-0.9606072,3.0576742,-5.106056,-0.39872286,0.5106854,3043.75,0,100.0,0.0,100.0
1.4593077,5.4262743,0.38118818,0.6037316,4.141228,-4.1869617,-0.9232774,0.9799958,0.35112023,0.3952149,0.9380666,-0.45401812,-1.1410353,-0.13961895,-0.3064741,1.3518342,-0.45063925,3.206473,1.7608837,-0.70722103,0.11429834,-4.624678,-12.012971,-0.5679231,1.0492972,3.7970567,-0.8353676,-1.1084305,1.7018867,-2.3053026,-1.1638949,-0.53101224,-74.507515,0.6862993,0.20049842,0.5345879,0.40564838,0.049836785,0.54652643,3.550943,1.2498174,2.166152,-1.0076785,4.9929895,-0.6619305,593.53125,1,19.5,1.0,52.5
-1.8842688,3.4251935,2.0333753,-1.1868726,-3.9169395,0.53638005,0.43458068,-0.7119665,-1.1307302,-1.1343638,0.36363968,0.15276115,1.3280079,0.055948712,0.085935004,-0.7309081,0.4015694,2.2185094,0.18728457,0.28994074,0.12090304,0.68458176,0.44527462,-0.3371925,-0.43221593,5.8427224,-0.460614,0.2813874,-0.007124085,1.3468691,1.272497,0.46110824,-44.93113,0.24627326,-0.514711,-0.14637771,5.4031715,-0.21703647,1.043354,2.1617298,-0.19035356,2.5535467,4.5917478,-4.1287174,0.5332483,468.7375,0,45.6,1.0,15.4
-0.3741823,-2.4728584,0.5330969,0.13036531,0.7596107,-0.058796626,0.50778985,-0.17404251,-0.5444768,-1.246957,1.3649652,-1.1609348,-0.6419069,-0.3310637,0.33334598,-2.3139193,1.0333977,0.008239557,0.15658598,-0.45207778,0.19446717,8.038985,7.891034,-0.029049598,-0.7566288,-11.985839,-0.63338244,1.15813,0.022891475,2.318334,2.760439,0.031714495,-137.59753,1.8312458,1.1794273,-0.39821908,-0.68257105,0.5250121,-0.2668872,1.2588196,-0.19632871,6.2841344,-0.12563667,-1.4886671,0.49018165,343.94376,0,41.4,1.0,11.3
1.3786356,5.8360386,1.265546,0.17579156,2.3030157,2.6965563,0.52274626,-1.1216987,-1.6906606,-0.41996753,-2.4019372,0.920188,-1.1297396,0.3226272,-0.32766372,-1.2050202,0.32023117,-1.3231356,0.6458769,-0.32287785,0.052314125,3.7382145,15.734582,0.46394354,0.3859593,17.081142,0.97882116,1.6462691,-0.83638287,3.355235,0.12933446,-0.32877192,-66.99143,0.16890326,0.25439072,0.27854434,5.100489,0.057735097,-0.05830687,-2.8465066,-0.0015133421,3.8150272,-3.8792126,2.8917346,-0.12859705,1244.8938,1,40.9,1.0,100.0
-2.0553095,-10.835363,-0.74259335,0.20485568,2.4586535,-0.25446844,-0.12554334,0.021093072,0.81557727,-0.2162917,2.7842274,-2.093985,-0.7185626,0.15284193,0.048981458,-0.43150318,1.4482813,0.56020784,-0.09976489,-0.15976256,0.58951026,6.162603,14.557823,-0.023529511,0.49096093,3.370046,0.23667929,-0.03382333,0.4450911,-0.7672485,2.3220155,1.0286168,59.671772,-0.5865961,-0.9432644,-0.7945078,-4.381402,-0.08666536,0.419245,3.3434713,-0.5744076,-5.89675,-13.463033,0.07119538,0.59237295,3043.75,0,100.0,0.0,100.0
-1.435325,-2.5009072,-1.1275761,0.34811816,1.3958555,1.7501056,0.7487738,-0.19674347,-0.19385931,-1.2845365,-0.50420016,1.4570334,1.2792217,-0.048016947,-0.1338886,0.46497804,0.95398325,3.713398,1.1568822,-0.119515434,-0.38533604,1.5830808,-2.8427439,0.037772425,-1.8186249,0.22175923,1.037729,2.8145635,1.7628002,-2.6408956,1.3761338,0.83570164,89.38625,-1.3475401,-1.1708735,-0.263627,-1.5781511,0.27902994,-0.59909236,0.5943511,-0.5200398,0.24734747,-6.7990913,-0.94575566,0.17422022,474.825,1,15.6,1.0,20.4
-0.70507425,0.79278624,2.8403294,-0.14784345,2.7536626,3.2628155,0.87902236,-0.0036135956,0.31442496,-0.7679548,-1.4332575,1.0440651,-2.1107557,-0.6800517,0.24597536,-0.75929433,-0.33563083,-0.5922228,0.5553864,-0.30716065,0.73195773,-2.5940526,-1.2884659,0.61899585,0.01804779,-2.2017202,0.31554133,0.193363,1.5254714,-2.0732079,1.6359541,0.03079849,-43.451756,1.3784751,1.1712574,-0.5518458,-0.7744598,-0.27628943,0.59021276,3.017334,-0.43039435,-4.811147,0.87573504,-2.6898274,0.0109109655,450.475,0,100.0,0.0,14.8
2.3874757,5.4683995,-0.3775337,0.39062518,-0.5557565,-2.0055692,0.38465407,-0.49863628,0.04021512,-0.100025855,0.7274346,-0.10307882,5.5899105,-0.0059130667,0.24252522,-1.085442,0.67792386,4.064308,0.24281251,0.5238302,0.25289938,-1.0225636,15.376251,-0.045671746,1.6622267,-3.725143,-0.81455064,-0.9504486,0.42249113,-0.30084518,-1.007879,-0.8732027,-7.8448014,-1.456175,-0.8704209,-1.2924846,-2.7780678,-0.457171,0.8678464,1.2850249,1.6742687,-7.20344,3.4742775,-2.4628584,0.04295928,1917.5625,1,63.0,1.0,100.0
-2.5122087,-4.773465,-1.2802722,1.0960305,3.2966278,1.7078083,0.875983,0.47419015,2.0368233,0.14720058,-0.719979,2.1026633,-3.6051528,-0.035455786,-0.45866343,-0.39322907,-0.6082936,0.002115329,1.17572,-0.4516524,-0.4751564,-2.994193,6.5807033,0.41047218,0.24307583,2.4526424,0.1262595,3.0322313,-0.31827736,2.9759688,0.3849492,0.15480144,8.899297,-0.4195796,-0.931086,-0.002883962,4.2106676,0.42748526,0.0765606,2.5233798,0.6772935,0.065058984,14.521516,-1.6180438,-0.24538401,54.7875,0,4.6,1.0,1.8
0.80729645,10.126809,0.17148377,0.95602375,3.9328537,-3.8201904,-0.80117726,0.6653958,-1.2538592,-0.73897386,-1.7647377,-1.7730045,-0.8633473,0.48081216,-0.1623917,0.71040726,0.73153675,2.832899,0.65799457,-0.19368966,-0.3325099,-0.8170766,10.004461,0.08965022,1.4167367,-4.309555,-0.23190278,1.7364515,-0.9837063,2.1184962,0.2850176,0.49934793,23.733727,0.49318472,0.89151907,0.9001993,5.149122,0.59737456,-0.074911766,3.3990498,1.8415267,-6.3952713,-0.54613113,-1.1691269,-0.21386059,346.9875,1,11.4,1.0,100.0
-0.5910747,8.57662,2.6764264,-0.44482225,0.89237106,6.9757996,0.40372014,0.99475265,1.4040059,0.21793668,-1.0912555,1.8311069,-0.04819456,-0.4597305,0.12090201,0.58987176,0.20801583,-2.0445602,-1.1780342,0.4333915,0.9770696,0.8157514,-17.747107,-0.97344744,1.6078758,-8.374258,-0.6734333,-4.1686935,-1.6371902,0.558671,-0.11369138,-0.5222695,-4.1962414,0.55970156,0.6665919,-1.3760931,-0.77957565,0.1276886,0.6579399,1.8613584,-0.71792424,3.4916008,8.294745,-4.3211174,0.5971605,2276.725,0,100.0,0.0,74.8
0.74000365,8.081451,2.2473412,-0.82183015,-2.9885242,-3.591912,0.0866391,-1.9992247,-0.32235906,1.5599135,-1.2702838,0.44143474,4.590127,0.0043116114,0.41843227,2.4732552,-1.2752064,-4.233912,-0.23769508,-0.17196286,-0.7658868,-5.466343,-3.5797434,0.38968486,-0.4314958,-0.53213316,-0.13376503,-1.7212499,1.669626,-2.4010756,0.19886857,-0.26388013,4.8127666,-0.6109152,-0.1648034,0.5921494,1.0059987,-0.15982297,1.1537832,4.218634,-0.9006873,6.913642,2.7096367,4.761265,-0.53134733,45.65625,0,65.9,1.0,1.5
0.11401087,4.685366,0.025506873,0.11200701,1.2224452,-1.761577,-0.53344876,-0.37836424,-0.7973496,0.6388671,1.6555413,-2.1867473,1.4129211,0.09922423,0.25084937,-0.14804018,0.18422648,-1.7239368,-1.4559106,0.69088185,0.019596446,-6.233662,-18.047606,-0.84751284,1.4322205,-0.2996303,0.06437317,0.43168595,-1.189281,3.3029034,-0.2732855,-0.58790535,-107.56789,-0.22925244,-1.0369785,-0.016046865,-7.1756864,-0.82958126,1.1173025,4.0616965,1.1526569,3.2915785,12.024887,-1.3266125,-0.29575709,276.98126,0,17.1,1.0,9.1
-2.4663584,-12.013986,-1.0414091,0.45936468,3.197732,-6.9620914,0.06725575,-0.4608482,0.7311008,-0.46297354,-0.28448316,1.7318375,0.19074094,-0.19351317,-0.19850416,-0.2253455,0.71806383,-0.40235496,-0.36102876,-0.40998265,-0.16615072,-4.575458,-19.257524,0.2324273,-1.2666484,-4.8733606,-0.48792255,-1.6479453,-0.045886245,-0.5523593,0.38962826,0.9056161,83.95729,-0.19679815,-0.0826265,-1.2234238,-6.0501842,-0.5577565,-0.048782084,-3.0121975,-0.4008321,1.9269513,14.450663,-1.2928115,-0.20087326,21.30625,1,0.7,1.0,100.0
0.6853916,-6.8669686,-0.18773432,0.0583427,3.6862106,-0.91481674,0.7769984,-1.4626782,-2.5187664,-1.2191877,-2.1246536,1.2670039,1.9609452,-0.36646178,0.42440456,1.1467599,-0.5527511,2.15535,-0.058563065,0.60966796,-0.048875608,-0.6417335,-0.9167452,0.3014083,-1.3835543,0.8063886,0.4453074,-2.2882764,0.13856417,-2.8481784,-0.10795227,-0.27495912,-70.442856,0.21303138,-0.16113059,1.1792376,7.9779263,0.0060333316,1.2808787,5.073715,-0.6977099,2.4701757,-11.626669,4.520132,-0.3393441,794.41876,0,26.9,1.0,26.1
0.7260073,-4.469988,-0.08645119,-0.357385,1.102373,5.1423874,-0.21856672,1.674576,-0.67366767,-1.7360255,-0.61106384,-2.6915689,-4.202433,0.37447014,-0.5776474,0.37664974,0.33833924,0.63167375,0.43342173,-0.44216508,-0.8469395,1.6369197,-0.48242632,-0.083102934,-1.3155097,4.7923985,0.66023624,-2.2121606,-0.054074675,-2.01916,0.99827296,0.09020059,-117.712906,0.9649095,0.24292086,0.114185296,2.5816364,0.67393094,-0.8081055,-3.6123798,0.57067347,0.36298227,-0.54532003,3.293299,-0.60572994,526.5687,1,17.3,1.0,100.0
-0.5069753,1.2261256,1.773907,-0.3319624,1.9178636,-5.4348745,-0.12178021,-0.67409956,-1.7113465,-1.3362778,2.1502988,-1.8735541,1.6950736,0.58417326,-0.4219225,-2.9770496,1.5687866,2.7544582,1.0999622,-0.6064464,0.53955215,4.949985,14.826726,-0.22500761,1.3727243,2.9613724,-0.7035952,-3.278355,0.30833867,-3.035788,0.28953362,-0.12840226,-109.48376,1.2893854,1.0360769,1.3219367,2.4630659,-0.6211682,0.7232093,0.6042617,0.0527562,8.823579,15.065001,-3.6364586,0.15623224,2891.5625,0,100.0,0.0,95.0
-0.68158674,3.3094578,1.4421055,-0.32103023,-0.8179949,6.276712,0.3568528,-0.68789953,-0.0143443765,0.92642695,-0.44050908,3.43836,7.1399803,0.26218244,0.16229479,-0.99086297,0.23023312,-1.25178,-0.0036158855,0.1680704,0.59362626,-0.106260434,-1.3450539,1.2205375,-1.5417176,3.8537748,-0.16179186,3.0617294,1.1910329,0.65185213,-2.3237817,-0.8760735,-101.50131,1.1624731,0.9828976,-1.2313834,-5.942322,-0.37999454,-0.49192867,-4.785123,1.3831326,4.4569993,0.8829547,5.6152415,-0.64698076,663.5375,1,21.8,1.0,100.0
-0.78024256,-2.2996562,1.7188244,-1.2391661,-4.133373,-2.1064646,-0.38983425,-0.49970716,-2.2856522,-1.5349329,1.4007313,-1.810543,2.1491437,0.7062997,-0.24556439,0.5709472,0.638268,6.1972675,1.6839819,-0.40861934,-0.44710097,-2.7781749,-10.558062,-0.19680147,-1.1643246,6.058745,-0.08491263,-2.582283,-1.3975011,2.8413868,0.9195284,-0.079744495,-51.766953,1.2847816,1.2023218,0.15493082,0.40814972,-0.28077734,-0.2915086,-4.233405,1.6455716,4.159812,1.4091247,-0.18807665,0.58877945,3001.1375,1,98.6,1.0,100.0
-0.8624267,4.950533,1.4628942,-1.0146586,-3.085356,-2.5060873,-0.6599104,1.1660459,-0.64851457,-1.2152643,1.907222,-3.3001454,-3.1030512,-0.28325102,0.3876846,-1.2543993,-0.10506692,-3.7728848,-0.531517,-0.32467994,-0.1588483,5.1487966,19.5243,-0.2861742,1.8274765,9.235107,0.5154981,-0.89460117,-2.786953,3.2797308,-1.3639455,-0.04688853,79.06305,-0.680885,-0.37790856,-0.35402915,4.172115,0.51282066,-0.02746077,0.07444587,0.059582587,-9.718401,-12.547257,3.4142864,-0.22249573,60.875,0,22.3,1.0,2.0
-0.5778952,1.507419,-1.3466328,0.6292416,1.8520528,2.361753,-0.25038904,1.2746495,0.22077243,-1.1611074,-0.7757577,3.1595948,5.2527037,0.04075415,0.2940608,0.57769877,-0.9669494,-4.9396987,-0.5126816,-0.15954205,0.5791466,1.7634255,1.6610444,0.5479919,-1.2705117,-8.587091,0.14511442,-0.54491615,-2.5949144,2.0273402,-1.4912633,0.055690654,14.0215435,-0.09172927,-0.2772037,0.983458,6.0282097,0.69772404,-0.06846581,3.5358984,1.450726,-4.3419175,2.1526785,-3.584723,0.34763563,21.30625,1,0.7,1.0,82.2
1.0020844,2.3705869,0.14219497,0.14622495,-1.1861078,0.5539369,0.7399802,0.21871974,3.2383232,1.4859095,-1.0305188,2.788358,4.5256333,0.33522195,0.0553297,-1.0105494,0.75652266,-0.08117453,0.1782213,-0.44574112,-0.027414408,-5.526792,-11.561418,-0.81627727,1.5876927,-0.8070405,0.78260607,0.28446952,-0.99392897,-0.82038355,-0.46552604,0.24241371,-82.03473,1.5338529,0.9299265,-0.6268584,1.9535033,0.6035391,-0.19481769,1.355028,0.7623774,3.3450804,14.47221,-4.2628813,0.30672124,82.18125,1,2.7,1.0,100.0
-1.960052,-0.23796652,-0.83295184,0.39405903,-0.15276735,7.876159,0.55782306,1.0245419,0.7997653,-0.7942194,-1.8944095,0.82307434,4.490815,0.77497876,-0.36158067,-1.2523463,-0.5984101,1.1580414,1.3890057,-0.22077373,-0.10635743,3.161739,7.882815,0.7072104,-1.4300462,-6.339762,-0.4389818,-1.6302416,-0.26287323,-0.35860324,-0.60562867,0.5667325,115.42856,-1.5767543,-0.90560836,-0.087998666,0.8471026,-0.3778597,1.1112267,4.93284,1.2311432,-8.884028,-2.2998724,-3.3974655,0.25768897,407.8625,1,13.4,1.0,69.8
0.8342731,2.8906083,-0.69317895,0.36651883,-1.2369022,6.009923,0.9051545,-2.1011436,0.10306633,1.7984906,2.8409414,0.7172454,0.95108616,-0.8037863,0.5668018,-1.9660394,-0.019716693,0.5749527,0.08019719,0.23668015,-0.13639787,1.3998387,8.870008,0.13519058,1.2839721,10.608767,0.18183963,-1.7156258,-0.9630515,2.126862,0.780531,0.20300278,56.187992,-0.72279876,-0.20614395,0.5651407,0.0650824,-0.6396063,0.9348337,1.4719343,-1.4088261,2.7878914,6.595295,0.3797031,-0.47099692,1004.4375,1,33.0,1.0,100.0
1.4218695,4.359842,0.3572148,0.7814328,2.9249432,-3.160166,-0.70385593,1.9198538,1.5685536,-0.3755279,1.2853557,-0.54495865,0.9266425,-0.7321498,0.53796464,2.3906863,-0.9310502,1.3401557,0.81839556,-0.01231032,-0.76954424,1.9695385,16.15074,0.15015565,0.47184193,5.5100303,-1.1401746,-1.1345987,1.9418983,-2.1498148,1.8360747,0.10506791,51.72524,-0.55264777,0.50343996,-0.57147825,-4.5992827,-0.06729456,-0.29953185,-2.262542,0.82356554,-5.0930624,1.3652093,-3.0853438,0.13942051,54.7875,0,100.0,0.0,1.8
0.15884499,8.480521,2.4936898,-1.0426514,-2.5960546,-5.684161,-0.23728415,-1.4619423,-2.2525454,-0.8532548,0.6232178,-0.3330718,-3.6176186,-0.13128892,-0.059981722,-1.7868582,0.49481627,1.2531571,-0.38290343,0.27747172,0.8336886,8.335841,20.34269,-0.25081575,1.4456203,10.296291,0.22050545,-2.0898514,-1.2567383,2.2317839,-1.2238549,-0.04132908,-2.9881968,1.4610529,1.0017395,-0.29452205,-5.498647,-0.58038014,1.2558308,3.7534347,1.4892154,3.1690977,2.5842438,-1.4191519,0.5453432,3043.75,0,100.0,0.0,100.0
-0.49235,1.9049472,-0.32810822,0.100128524,-1.3193893,-7.7658963,-0.61200446,-0.5200862,0.9537183,1.5267743,2.568123,-1.297859,1.1161605,0.111671135,-0.12653552,-1.5373144,0.6743766,-0.79989034,1.004672,-0.68432826,-0.12856711,0.8559425,19.987549,0.11291786,1.089252,-4.128041,-0.113650955,1.4911542,2.4495752,-3.2698529,-1.355158,0.04955728,-25.348574,0.3448026,-0.4879398,-0.9826083,1.7045383,-0.08511227,-0.07971013,-4.4456034,-0.15092741,9.006555,8.116659,-2.1816387,0.22087432,91.3125,1,3.0,1.0,17.3
-0.94046366,-10.89917,0.09410266,-0.4844917,0.9610603,-3.1524303,0.29174903,-0.068099,3.219442,1.4300097,2.7965844,-2.8933766,-7.1150374,-0.40211686,-0.013768496,-0.854082,1.0887854,2.2337468,-0.43064645,0.675479,-0.6113605,-1.0045863,1.7853954,-0.7225661,0.7116622,10.2318125,1.4129014,3.7549112,0.14911096,1.8314236,0.3258498,-0.38147596,-40.39982,0.005552744,0.42355317,-0.3484746,-5.174294,-0.9573696,0.77973604,0.5384489,-1.2424685,2.4855196,-5.691293,-2.0324798,0.6089405,1126.1875,1,37.0,1.0,90.5
2.7752638,8.344343,1.605424,-0.9784642,-4.223921,2.0050032,0.8910687,-1.8448204,-0.9437513,0.6976721,1.9808226,-1.1023709,3.4143171,0.32611543,0.14939678,1.4132751,0.026924858,2.313616,0.42088628,-0.2799228,0.22621492,0.3301713,-13.613738,0.35390803,-1.1580613,-4.137942,0.9465981,2.3682163,-1.459524,3.3323302,1.6952896,0.8988805,43.956203,-0.59261066,-0.86569387,-0.05308312,7.0010176,0.31766537,-0.06780975,-0.63761055,-0.30524907,-6.684201,-1.46645,-2.5710027,0.3334131,438.3,1,14.4,1.0,82.4
2.1140258,7.4241085,2.5223138,-0.9784861,-3.0613425,3.9300275,-0.038534697,2.0958858,1.8299366,0.037515234,-0.4039268,-2.484026,-1.26144,0.6409418,-0.41989985,-0.02457429,-1.2174311,-0.070514254,-0.030325644,0.20688348,-0.21986663,-4.6181564,-3.993221,0.48552316,-0.041868206,7.228778,-0.29750705,-3.2080371,-0.9471472,-0.92362165,0.14990075,0.042667907,-63.83323,0.12511575,-0.050587952,-0.12120394,-6.899964,-0.6518473,0.104448706,-1.212667,-0.42694113,-1.0063651,1.8409736,-1.0671655,-0.07027678,27.39375,1,0.9,1.0,24.6
-0.037126124,-4.6606226,-0.10461912,0.4524977,3.2809138,5.326757,-0.05065905,-0.4541518,-0.8722843,0.49538785,-2.8208342,0.61289585,-0.71294165,0.5169874,-0.5275015,1.7772574,-0.024649778,3.1040075,-0.8146607,0.5349825,0.6427395,5.74387,8.936663,-0.34946576,1.0243262,-2.2637322,0.44793183,1.33174,0.15947369,-1.262583,1.8701676,-0.04763773,-136.32356,0.5876625,-0.34292918,-0.6905393,0.58423275,-0.23374091,0.2852672,-2.4405556,0.80552053,5.040921,4.5366883,-0.8199479,0.35721654,855.29376,1,28.1,1.0,77.3
0.28356662,10.658911,0.0064477744,0.3716523,0.2736623,3.7223086,0.017276494,1.3547285,0.43428472,-1.3845745,2.745594,-2.7735252,-3.5254004,-0.3481845,0.2257862,2.3589985,-1.8232093,-2.8887043,-0.27077386,0.14215492,0.09424614,-1.2588993,2.1391878,0.6443773,-0.6333636,7.275367,1.5995779,4.2942,2.442387,-2.6962206,-1.3917642,-0.18591954,-54.01344,-0.1508405,-0.80487615,-1.1690085,-4.110001,0.49170762,-1.4284797,-4.9310455,1.6161197,-5.4444427,-4.805605,-0.29705212,0.33996853,830.9437,1,27.3,1.0,92.3
-1.0257248,0.3506033,0.8185235,0.46932805,1.489078,3.594292,0.46291983,-0.34945634,0.5435575,1.295687,-0.0285735,0.1702251,3.8440583,0.9174251,-0.47440365,-0.07015632,-0.56513786,0.64496434,1.0268743,-0.27240086,1.3015343,4.385245,10.560193,0.634522,-0.45737392,-0.20012146,-0.84018904,-1.7634398,-0.5397628,1.4906256,-0.79221123,-0.566259,-62.104275,1.1835934,0.9719401,-1.0911529,-6.482341,-0.31485406,0.031517725,-0.86375284,-0.36880058,5.2687006,8.65649,1.1811272,-0.43617615,3043.75,0,100.0,0.0,100.0
-0.6306801,-6.5505967,-0.084054254,0.09013575,3.6500733,-5.18434,-0.98162156,0.5097305,0.40233162,0.8926258,-1.7344785,3.907065,4.2298803,-0.37415555,0.45384157,0.48610997,-0.5553931,-2.4406958,0.9131892,-0.5574476,-0.91565096,-4.1055636,6.805808,0.6938912,-0.39861557,3.1757636,-0.13955972,-1.4612956,-1.5873629,2.2892306,1.2212934,0.005845283,-89.549225,0.6863536,-0.12425198,-0.1453596,-0.7001598,-0.35714424,0.102970436,1.7115281,-0.105694115,-9.239056,-8.543299,2.5181468,-0.36640728,3043.75,0,100.0,0.0,100.0
-0.90418106,-4.0574946,-1.2074078,0.7496421,2.2642772,2.3564813,0.7527376,-1.9842254,-2.7993672,-1.0940071,0.18252586,-1.4851072,1.3286985,-0.2673276,0.4016944,2.100126,0.027106857,-1.7945753,-1.894316,0.5636804,0.112037145,-4.274687,-3.9881217,0.23298036,0.25311595,-1.9952948,0.14707574,-3.1985915,-1.6946751,0.9668523,0.11932464,0.39786258,78.642075,-1.1129602,-1.0612361,0.13307099,3.7318697,0.85950613,-0.5925961,0.3423145,-0.38448197,6.4127507,3.56714,1.0582843,0.15558687,2267.5938,1,74.5,1.0,100.0
-3.1758912,-0.56649,1.9904622,-0.37794104,0.4958398,-3.7528641,-0.073121555,-1.1002622,-3.039491,-1.6301152,-2.1362677,2.72276,7.0021553,0.5836269,-0.13106059,2.337788,0.122086465,2.8541992,-0.42595372,0.41618472,0.23079863,-0.84330267,-22.659147,-0.12282399,-1.1666577,10.336356,1.3488864,3.6667202,-0.60006016,3.3142302,0.46546468,0.86772245,124.608734,0.08684836,1.181013,0.44453657,-1.3756127,0.44629785,-0.6668663,0.40807298,0.6150614,-0.50715035,4.329367,-1.907263,0.34009844,1028.7875,0,40.3,1.0,33.8
-2.4757938,-0.19132432,0.3780758,0.20160468,-0.14310046,-3.5858011,-0.42227077,0.661836,2.2378762,0.7625351,-0.03239135,-1.7517335,-2.5321271,0.16863334,-0.07573192,-0.29473925,1.3655508,0.7948395,0.6623664,-0.5842257,0.15749212,2.4539266,-9.113092,-1.0646783,1.3260858,2.8354838,0.017058915,-0.8641886,0.24037121,1.1723629,0.90458715,-0.5148602,7.694174,0.0038448325,1.0429597,-0.8457449,1.2625711,0.37772995,-0.3276185,-3.2902462,2.1456497,-9.480203,-6.941722,-3.5906193,0.6673695,797.4625,1,26.2,1.0,100.0
0.30392238,1.1570876,1.1682702,-0.6803271,-3.713514,1.2108257,-0.8036415,1.7628314,1.8472092,0.39688078,-2.5595624,1.0308617,-0.09404494,-0.024655769,0.225499,2.5476236,-0.34913638,-0.29765195,0.003115197,-0.33919847,0.19458084,0.19946343,2.753544,0.0004201857,-0.01781699,2.014783,-0.0021814068,0.11544783,0.4751564,-1.5219159,1.7363354,0.72618914,17.606407,1.0916563,0.5893819,0.43365467,6.5901203,-0.23678073,0.5745189,-0.45380285,0.64639133,-0.83936244,8.622837,-1.9957718,-0.23331137,310.4625,1,10.2,1.0,100.0
0.86682737,1.4976524,0.7127814,-1.1496999,-4.1587744,5.263817,0.69188,0.04095625,0.37083036,-0.6146325,-1.84436,0.5207631,1.7619328,0.07890203,0.111787155,2.4490738,-1.4398737,-1.2145703,1.2884635,-0.5296457,-0.39637077,-3.191833,-8.751554,-0.28421596,-0.7921136,8.5723,-0.22266531,-3.5059464,-2.1058803,1.747636,-2.8710535,-0.18690653,-2.6589444,0.26243544,-0.2878224,0.16822188,-1.239475,0.0008017066,0.13007988,4.0064583,-0.6285925,3.669953,0.98512816,-0.43719703,0.3781658,1951.0437,1,64.1,1.0,100.0
-0.36838728,-4.97169,-1.1011744,0.14017023,1.7141118,-3.6116192,-0.5811962,1.0559969,-1.5192196,-1.4218298,4.0202146,-0.26678288,1.4367888,-0.20647877,-0.008792994,-0.11676937,-0.48022324,-1.2426077,-0.85956776,0.46754506,0.0160111,-8.393634,-25.067385,-1.2031618,1.7588464,-1.4557445,-0.8549856,-0.5593204,-0.8597856,1.7860372,1.82981,0.65001607,25.564735,-0.13245645,-0.6650898,1.1596421,7.2315707,0.78591824,-0.7740455,-0.8583223,-0.010284644,3.4600646,3.0995002,-1.2380577,0.37134776,3043.75,0,100.0,0.0,100.0
-0.6723503,-1.4361534,-0.13097627,0.06816482,0.49347964,-4.229897,0.099995814,-1.2875922,-0.7960945,-0.15494566,-1.4482535,1.6424847,-4.5155835,-0.15216354,-0.4064293,2.3627548,-0.26163834,-1.7021453,-0.74497855,-0.20232786,0.11427392,6.9708095,17.71681,0.55597144,-0.4755509,3.7951198,-0.14092402,-2.4116497,-1.6346269,1.8990238,-1.3278846,-0.0999058,11.545087,0.055705294,-0.32064173,-0.7025104,-7.2210793,0.1353518,-0.22860914,3.1549459,-2.1326978,-1.0418583,0.79145974,-4.0477624,0.16346526,3043.75,0,100.0,0.0,100.0
3.1499386,-0.41350448,-1.1891502,0.16697492,1.6959046,-3.7071395,0.22124809,-1.0086082,-1.4982704,-0.65838027,-1.0267166,-0.49277502,-2.3477817,-0.1865028,-0.18576548,0.8129594,-0.7365673,-4.794118,-0.752567,-0.15975533,0.0752114,-0.19100516,-11.475756,0.34483558,-0.58984685,-6.5012503,-1.5050341,-3.849973,0.69035673,-3.0520809,-0.012508731,0.259803,53.806545,-0.47801393,-0.13310719,0.34692565,2.5012593,0.12352961,-0.52554274,-4.7263837,2.4403596,-2.7003362,7.1244044,-2.971985,0.3146291,1065.3125,1,35.0,1.0,100.0
-0.900426,-3.5252528,1.5068861,0.29429716,4.1271257,3.0526412,0.4516149,0.04397819,0.12735546,-1.3589383,0.2999964,-0.86798817,3.380516,0.75251997,-0.48537156,-1.4753805,0.4443377,4.254762,1.7073196,-0.4441449,-0.27406296,-1.8067499,4.5636234,0.43152475,-1.376012,-10.66017,0.41276205,1.1069181,-1.5765281,1.4381475,0.24452366,0.43102187,106.92487,-1.4788339,-0.9640589,-0.33327705,-6.8411684,-0.27642837,-0.44018677,-1.2670519,0.08241164,-1.3629832,-2.0067272,-0.5558674,0.34264937,1646.6687,0,89.8,1.0,54.1
0.05743801,8.353744,-0.16951814,0.36772558,-0.9432409,-6.376241,0.2628024,-0.8037783,-1.0720518,-1.5001899,-0.046414796,-0.6243466,-4.351986,-0.124524854,-0.3409797,0.9641418,-0.54130965,-0.61921877,-0.39225292,0.1556282,-0.18976885,-0.29540938,9.420424,0.7757759,-1.5381694,13.944915,0.6373047,-2.1093953,-1.4337071,1.1355214,-1.5247774,-0.17418854,-17.832998,0.5924925,0.09805824,-0.054476995,-1.0391413,-0.39589596,0.6960157,2.994906,1.015966,-1.3438215,10.748321,-4.411477,0.43930432,322.6375,0,17.0,1.0,10.6
-2.0784318,-5.6574326,-1.6774174,0.3807301,0.035233404,5.300331,-0.19207442,2.3751557,1.9095562,0.06792598,-0.087456405,-1.5137366,-1.0726992,0.6778104,-0.50446576,-1.3433069,0.4665313,0.07529244,0.59076023,-0.40010673,-0.22067215,4.053336,8.4312525,0.47911584,-1.6535583,-13.0845585,-0.5850088,1.169132,0.38619772,-0.3893647,1.4113692,0.04761217,-14.676127,-0.8275772,-1.0366993,-1.1657635,-4.544747,-0.5036631,0.8668517,0.9182784,0.7668986,-9.230105,-8.721724,-0.2932902,0.25091064,2812.425,0,100.0,0.0,92.4
-2.7589788,-10.282343,-0.046519164,-0.9034866,-3.6681356,7.633181,-0.11398774,1.9493136,0.8110293,-0.22934434,1.6821066,-2.1622863,-5.1521277,-0.0148850605,-0.3977919,0.25136575,1.4455783,5.3784585,1.6742083,-0.5524034,-1.2397108,-6.188315,8.245422,0.8678504,-0.47450876,8.930619,1.0708026,0.43892288,1.3060161,-2.9305103,-0.8828493,-0.1285581,74.58999,-0.53091633,0.31297436,-0.04874772,-1.3913846,0.20671874,-0.16909565,-0.6296023,1.4370542,-9.338617,0.4023616,-4.239666,0.22042067,118.70625,0,81.1,1.0,3.9
1.8556972,-0.38495818,0.907913,-0.52606845,-0.34041372,-2.191585,0.454908,-0.2981558,-1.4934944,-1.306812,1.0809101,-0.467881,0.34589857,-0.22431019,0.10946311,2.7264276,-1.5036827,-0.078007996,0.9080156,-0.17252058,-1.0238819,-4.4106436,-4.1564217,-0.3235581,0.9261206,-12.134654,-1.4179267,-0.011948939,2.1490135,-1.9808474,-1.1862034,-0.9652056,-96.92081,1.0539749,0.75991976,0.026238795,0.18157537,-0.05833942,0.62080336,2.6159341,-0.47636992,5.106345,7.75595,-2.6451902,0.06650716,617.8812,0,100.0,0.0,20.3
-0.78784204,1.1335572,0.30800813,0.3369955,0.006436418,4.401545,0.96356183,-2.451619,-3.4354608,-1.2171196,-1.3970731,1.0287702,2.2251768,0.6435533,-0.48428738,1.9934001,-0.117318794,-0.21877801,0.39300242,-0.3606754,0.61444783,3.3787608,19.801886,1.1645148,-1.7866395,-7.644498,-0.36983004,-0.24915424,-1.1891611,3.190734,-1.6861366,-0.10588198,75.39191,-1.3406173,-1.0887021,-0.4384822,-9.152957,-0.9245643,0.15288985,-3.5255823,1.878954,-2.7653403,11.982933,-4.7289343,0.35244825,636.14374,1,20.9,1.0,85.5
0.6650553,-0.68433267,-0.25748917,-0.47485998,-2.2720065,-2.3440812,0.47768113,-1.690592,-2.529108,-1.579714,1.5118002,-3.1354125,-5.178292,-0.607108,0.48208112,-0.15366764,1.5949159,3.8617551,-0.66694343,0.6742896,-0.08362005,-2.0307517,-19.85132,-0.29584813,0.060965087,2.3684335,0.41994506,-1.055682,-1.331002,-0.26371148,0.4228337,-0.5105353,-37.379593,-0.15539265,-0.22656392,0.45738336,-2.971215,0.20796992,-1.0419774,-2.03266,0.540203,-4.7900777,-0.64542925,-2.8237283,0.65379196,1287.5062,0,100.0,0.0,42.3
2.3363492,3.0971832,-1.0869755,0.6560604,3.5645814,-0.079874665,-0.9400155,1.0190612,-0.84459734,-0.66247463,-1.8498616,1.5758717,3.5684798,0.66852266,-0.41776586,0.07679094,0.20121092,0.72846246,0.19273834,0.17684184,0.40167606,1.8872815,5.0013976,0.64041066,-0.1080473,-6.866032,-0.08655451,-1.4541444,0.4089555,-1.9287081,0.09432857,-0.3406929,-4.5369806,0.20784055,1.2013564,0.2511427,-0.34441406,-0.38365293,0.22651339,2.5110822,-0.023180176,1.2227844,3.2246547,2.770057,-0.43686095,2252.375,1,74.0,1.0,100.0
0.9759326,7.528208,0.006037383,0.48499998,1.9406102,2.6420016,0.6730973,-0.7904093,-1.2130075,-0.4548898,-2.6575425,-1.024001,-1.4330696,0.22104384,0.12541342,0.79772925,0.66267425,2.497912,-0.17722136,0.3342993,-0.39492053,0.2444313,7.615905,0.8339304,-1.39822,9.37808,1.111202,4.348351,2.1137114,-1.2751244,2.0608253,0.37190667,-33.432426,0.09343808,-0.52366275,0.048730463,7.706193,0.8228652,-0.51224524,1.0192047,-0.90478915,-1.4500346,-5.601579,3.10457,-0.30715364,3043.75,0,100.0,0.0,100.0
0.0695717,-10.512875,-1.2167968,0.43144003,3.172661,-3.3451824,0.3735092,-1.3252943,-2.0208697,-0.91543984,1.1861829,1.5518303,3.6630435,-0.22320129,0.42411503,1.1351757,-0.17058653,-0.018649675,-0.6102599,0.64104146,0.13498236,-0.47922394,-3.1460955,-0.017932763,0.7515687,-8.188238,-0.31436083,-0.85376704,-1.5841297,1.5397112,2.3257172,0.109757446,-115.909645,1.60207,1.0740479,-0.305187,-2.4291875,0.3368942,-0.9775113,-3.8751545,-0.06475335,0.7975239,-4.423501,0.96277136,-0.00033245105,54.7875,0,64.1,1.0,1.8
-0.24734448,-2.7276154,1.1134546,-0.20751816,2.617153,-2.53155,-0.39890334,-1.5955366,-1.6611488,0.22520937,-0.6246202,-0.4428222,-4.4721394,-0.1799572,-0.08416575,2.0510557,-1.2019242,-3.4136276,0.16293426,-0.2817242,-0.88236296,-0.0028497132,13.264555,0.31990236,0.015637593,-1.94786,1.3530877,1.4789983,-1.4963349,2.3335674,0.8709687,-0.06792495,36.956745,-0.23011255,0.41666302,-0.982711,-7.5026073,-0.27113223,-0.8450476,-3.981826,-0.5310374,1.420934,2.799831,2.4153216,-0.18890655,429.16876,0,100.0,0.0,14.1
-0.1345204,7.952668,-0.31001067,-0.18878363,-3.7932298,-1.8221482,-0.19005705,0.95348084,0.74212706,-0.3120547,-0.890632,2.3250172,-0.9163246,0.13117097,-0.5558631,-1.0415308,-0.078443,-2.3256006,-0.08503335,0.063676305,-0.49909487,-6.961085,2.492445,0.21636459,1.2161956,5.2699523,-0.20936213,-0.5724529,0.4106491,1.170926,1.4583315,0.19063823,-1.3019754,1.0600115,1.2080325,-1.0244485,1.7368305,0.9229158,-0.39745352,2.3430557,0.2806915,4.018771,11.136911,-2.3128867,0.07376325,502.21875,1,16.5,1.0,60.6
-1.8927882,-4.8651986,0.005692442,-0.61105376,-1.9328688,2.8738747,0.1482642,-1.1716646,-0.28239968,1.0711135,0.9165233,-1.8789651,0.73604894,-0.24663341,0.42054304,0.43274772,1.1789881,4.8936434,0.9541797,-0.12654191,-0.044292614,5.9902987,12.99525,-0.36805803,1.5601631,-1.7482165,1.4820861,4.397593,0.58532715,1.0528334,-1.9873481,-0.38534364,-5.3966885,0.5433387,0.81605273,-0.7243743,-0.9111409,-0.07108223,-0.20535795,-2.1022243,0.709231,6.270057,11.653536,0.5996147,-0.45276096,389.6,0,15.1,1.0,12.8
-1.6991506,-0.43202668,0.029310819,1.0594076,3.307734,-2.358234,-0.6486936,1.0612917,1.1224293,0.80054927,2.5829508,0.61763066,-0.0053812144,-0.743101,0.25281745,-0.008901604,-0.050402813,-0.808234,-0.7091358,0.5079942,0.8475308,-0.06712959,2.6414974,0.73790556,-0.39738274,-8.188228,0.46775097,3.4501927,-0.82009125,2.7077448,-0.68596846,-0.6180731,-16.37019,-0.03919948,0.04995811,1.1125833,7.204309,0.22716592,0.8886925,4.290933,0.7261593,0.5183217,-5.735595,2.0914805,-0.08321609,1823.2063,0,78.9,1.0,59.9
1.6160268,4.951747,1.1889929,-0.49574468,-3.1604233,4.8920007,0.9889603,-1.4649396,-0.77599275,0.030331954,-0.5128583,0.7332635,3.6003296,-0.2600339,0.5706503,0.94808203,-0.9944832,-4.6351247,-0.37209633,-0.46122438,-0.31134388,-0.4182816,-0.23620759,0.38374898,-0.7200876,11.943468,0.10433707,-3.3817976,-0.43336076,-0.75245124,-0.68861693,0.4164339,-17.786118,0.67939633,0.17882608,-0.076000035,2.1108072,-0.5109229,0.54908967,0.5434368,-1.3220303,8.993211,13.888575,-5.070891,0.39733908,517.4375,1,17.0,1.0,100.0
-2.0241828,-3.0863383,-0.99044037,1.0116389,3.0059156,3.7709465,0.28990856,0.31196687,0.21437559,-0.5368313,0.023202712,-0.6050091,4.767271,0.0007781777,0.38729414,0.40451765,0.054693766,0.2671342,-0.19845872,-0.28286335,-0.39086685,-1.3173703,18.290262,1.2350888,-1.6165984,-1.6411974,0.014088726,-4.0119433,-0.20195445,-2.4327521,-1.8187581,-0.13412268,63.89,-0.07515589,1.0659251,0.21878734,0.8468117,-0.06632092,0.7144661,3.3656535,1.1176603,-10.966576,-16.07556,0.98816824,0.39836663,1284.4625,1,42.2,1.0,100.0
1.4547298,-6.996091,-1.8978192,-0.1261297,-2.0092936,-1.8624276,-0.41597894,-1.4465444,-1.6250877,0.35832268,2.0754342,-1.5898489,-3.8106925,-0.87514025,0.40276036,0.7230493,0.11023761,-4.034545,-1.7607082,0.51977664,0.70983094,-0.2521831,4.156728,0.71240324,-0.7295552,8.059558,0.08828175,-0.072967924,0.14906397,-0.011139097,-1.5296587,-0.89625806,-4.763355,-0.68142664,0.11815758,-0.28837442,-7.3725734,-0.028317554,-0.38119915,1.5467087,-1.2948147,-2.0018184,-5.7176886,1.0650129,-0.07615875,693.975,1,22.8,1.0,84.1
0.75525844,-2.2566195,0.7704589,-1.086959,-4.2599745,0.0481495,-1.0172577,1.6683067,-0.099540114,-0.64808667,0.16819932,-2.2550848,2.2515888,0.46565366,-0.11353833,-1.3182849,0.7144326,4.566149,2.0124326,-0.6893717,0.14002721,-0.2541212,-3.4065263,0.43599212,-1.6355498,-15.119814,-1.3410257,-4.742998,0.08752028,-3.3451512,1.4302309,-0.37835664,-15.414615,-1.3539386,-0.96374893,1.5290619,2.6305852,-0.6537048,1.1398828,3.4293463,1.1713065,-8.669768,-5.978479,-3.1535282,0.45901057,2118.45,1,69.6,1.0,81.7
0.4970941,10.144565,2.2565882,-0.62294,-0.5916306,-2.8919127,-0.18037352,0.41319543,-2.000119,-1.5565622,-0.07309901,-4.141304,0.01828618,0.35448334,0.1753562,-0.06504642,-0.84377617,-4.0477157,-1.6278628,0.5958574,-0.30614084,0.6874804,8.300204,0.5877881,-1.7391797,3.5698154,0.46767855,-0.8577249,1.6976371,-3.3524256,1.3608465,0.03664294,-40.108948,-0.85349727,-1.1477294,0.41240442,6.3967466,0.23537268,0.21900661,-0.5490394,-0.4406476,2.026511,-13.373605,4.345861,-0.25874695,410.90625,1,13.5,1.0,27.8
-1.2786604,6.021406,1.4188206,-0.014813885,1.5205252,-1.6997662,0.0479177,0.008780557,-0.32057583,-1.5417966,1.1248417,-0.29401302,-2.7764037,0.37827295,-0.57513005,2.1229784,-0.80013734,1.7027391,0.40499705,0.4393501,-0.53894573,-4.2314367,-20.07889,-0.196274,-1.0277051,-2.45213,-0.43448988,0.8089317,1.1289483,-2.152551,-1.5287905,-0.6104766,-11.994973,-0.6771029,-0.087198004,0.6072906,-0.6712248,0.44759193,-1.0701623,-2.2585123,-1.2678787,2.157294,-6.439783,-0.7249927,0.61354756,1168.8,1,38.4,1.0,76.2
-2.7243202,-10.60265,-2.914897,0.86399025,1.4392387,2.6790738,0.14113937,0.16644455,-0.3493132,-0.7313278,1.7844764,-2.503765,-2.5291514,-0.322416,0.50896716,-1.1694515,0.7001255,-0.17396119,-0.43036756,-0.32753643,-0.14071532,-1.0624069,-16.1751,0.09057585,-1.5681981,-0.2583636,1.1367896,2.1181893,0.8708514,-2.3891618,-0.061368644,-0.4501259,2.062291,-0.46658736,0.08015925,0.9680189,6.7570353,0.2893362,-0.26584828,-2.6338944,0.13490045,-6.511809,-1.8455359,-4.938131,0.5690972,690.9313,0,33.9,1.0,22.7
1.4531832,7.118653,0.7417794,0.43722737,1.8232731,3.3822398,0.010675363,1.177944,-0.91664314,-1.22101,-0.46226493,0.13514851,6.008807,0.33928463,0.032046527,-0.070312046,-0.78254586,-0.32649252,-0.66081,0.34539992,0.3188494,-0.36360604,-0.5487424,0.70217216,-1.5192127,-14.769158,-1.3777472,-4.1919165,-0.29910418,-2.2334416,1.099582,-0.6230275,-135.13516,0.20548856,-0.75001585,-0.34597853,-1.7145396,0.25818622,0.07586352,0.89568233,0.05341879,-0.2019588,1.4443008,-0.27395692,-0.5122558,620.925,1,20.4,1.0,100.0
-1.7809215,-7.775992,-0.2690908,-0.048105624,2.3217278,3.0445886,0.24148457,-0.96511555,0.15513551,1.4488034,-0.23343341,-2.8119495,-5.1414037,-0.106628634,-0.31241193,0.74853265,0.73818505,2.6945024,-0.21042565,0.52899987,0.58420163,-1.8351071,-18.911171,-0.63604665,-0.16266467,5.398658,-0.05023749,-1.6724677,1.4188035,-1.8661447,-1.1011554,-0.4554208,-85.32664,1.4941443,0.8792994,-0.7828655,-1.8423319,-0.45064768,1.197179,3.8283203,1.4470066,-5.452325,0.26123872,-2.525202,0.07446991,389.6,1,12.8,1.0,100.0
-1.4120512,-7.8911905,-1.003429,-0.06474586,-0.43295145,1.5343971,0.2515744,0.7943126,0.6897463,0.30419344,2.2304125,0.35219452,3.507393,0.08287711,0.17220242,0.27613816,-0.59645617,-0.808049,1.5619984,-0.5502884,-0.21979819,-1.6932015,-4.297258,0.29159907,-1.7803319,-7.5209994,-1.020063,-1.8164244,0.5543713,-0.74171346,-0.1012789,0.87338305,122.721275,0.21135962,1.0838401,-0.057497736,4.735277,0.6376782,-0.9086477,-1.3484613,0.2599355,0.9112896,0.08334458,5.6231365,-0.5688288,63.918747,1,2.1,1.0,58.5
1.1443423,-1.634692,-2.1521795,-0.13062419,-3.4244828,-5.5623007,0.24313529,-0.8821384,-0.31527764,-0.3960739,0.09212277,3.6079366,7.0605173,0.4512058,0.05338449,-2.8147206,0.32679927,-2.8365047,-0.44049522,0.104724996,-0.4126187,-4.723602,7.2585793,0.6157725,-0.07532467,15.019677,0.103308395,-4.009362,-1.0841033,0.022404702,0.50576097,0.37727198,-82.9376,0.46518672,-0.52280974,0.96657616,7.673665,0.5782035,-0.5028187,-1.7907385,0.24291901,1.9631631,7.8211393,-2.8395855,0.24698894,3043.75,0,100.0,0.0,100.0
1.2263178,0.9998125,-0.39174128,-0.24522842,-2.5934365,-0.30976117,-0.35735142,-0.65162635,-3.9287975,-1.7998272,1.9524163,-0.74873036,-0.11954855,0.28758484,-0.2651923,-1.9650736,1.4139158,3.2782679,-0.22673315,0.29202306,0.06572912,0.04394182,12.170586,0.69964814,-1.0100448,-8.630779,-1.3187218,-3.893818,-0.44021004,-0.90744656,-0.014438011,-0.3021354,41.053814,-0.1549176,0.3543298,-0.13110945,-1.5131549,-0.052736986,0.00643188,3.9549212,-1.9399335,6.2742453,8.972069,-0.7271284,-0.37944588,1202.2812,1,39.5,1.0,100.0
-3.4840176,-13.856228,-1.7621442,0.43072188,2.0220938,-1.0020347,-0.087423176,1.4215357,-0.51726496,-1.3054136,-0.8530415,-0.9751813,4.5654716,0.42807925,0.08295827,1.8603988,-0.1496161,-2.2456572,-2.1667662,0.7067876,-0.06200332,3.642548,25.190952,0.72855115,-0.33173266,9.182573,0.36849058,0.41470885,-1.0051492,2.6606548,-1.4072504,-0.6479274,5.039079,-0.60683864,0.152056,-1.3773665,-1.4333827,0.4730322,-0.14664653,0.32767913,-0.6228873,-6.666716,-7.3594074,-0.49668762,0.13151959,2641.975,0,100.0,0.0,86.8
0.051337328,5.335077,-0.008698215,-0.30454087,-4.246542,0.91332793,-0.3937385,2.4082057,0.4296375,-1.2516034,2.23046,-0.086218506,3.1570163,0.2217837,-0.008078579,2.0329206,-0.9043451,1.6419444,0.57786775,0.2445813,-0.13526785,-1.2039307,-12.071066,-0.37858588,1.2445865,-0.78414565,-0.4313623,-0.5876236,-1.9262934,1.9267085,0.753976,-0.33589014,-59.408653,-0.64544564,-1.1764756,-0.17841169,5.888305,0.44342616,-0.17456777,-1.4286864,1.1697394,-5.844008,-14.729822,1.1255102,0.27370453,2657.1938,0,96.9,1.0,87.3
-0.052446827,-3.0765247,-1.561851,-0.10748001,-3.1864226,4.0551,0.2184905,-1.1760015,-1.6109247,0.11997504,-1.0525736,2.0816195,1.1480695,0.23421447,-0.38095412,2.087977,-1.7055787,-4.2697215,-1.5813363,0.64194286,0.27122545,-0.47559392,4.6532145,1.0010774,-1.3441914,-6.861628,-1.3071276,-0.3637855,-0.16759443,2.8788457,-0.30706596,-0.6254844,4.2466097,-1.2056302,-0.98191375,1.262271,3.84718,-0.44805297,0.5282458,-0.7392884,1.2253896,-6.1941605,-8.494722,-0.017625222,0.12858693,800.5062,0,86.4,1.0,26.3
-1.2622313,-10.204231,-1.8859857,0.38719878,0.3008394,1.5179404,0.17258835,1.028451,2.650364,1.6940182,-0.15318164,-2.8536146,-3.8669322,-0.38036627,0.28712115,0.90766686,-0.052218445,-0.96743417,-1.0962869,0.1875758,0.04392431,-6.6526685,-13.083636,0.46162575,-1.6350133,8.563037,0.9710572,0.1787883,-0.65407914,-1.8090786,-2.1960669,-0.5294992,13.177549,-1.0878433,-0.68716973,-0.17955355,3.594035,0.7943028,-0.53622484,1.2960445,0.6252637,0.17526126,-8.423858,5.0121245,-0.3809641,663.5375,1,21.8,1.0,65.1
0.50165063,2.333441,0.771878,-0.4877472,-4.070379,-1.6231787,0.036765274,-1.2162409,-3.027835,-1.6575912,3.4768796,0.04488638,5.2306294,0.63219047,-0.35763922,0.6964954,-0.89004296,-0.9116683,-0.08879628,0.04776792,-0.70840067,-0.9685496,-5.8704967,-0.389632,-0.021112995,-7.6678343,-0.18273185,-1.1309019,-1.9157919,1.1346564,-0.03756327,-0.70384085,-80.86442,-0.60729927,-1.1590216,-0.8811228,-4.002581,0.06917096,-1.1730077,-3.9220104,-0.91765434,-0.19416873,-4.8132434,2.0293944,0.092742026,1345.3375,1,44.2,1.0,100.0
-2.4162366,1.3184421,0.6643706,-0.3199517,-3.3431916,-2.5112436,0.21409824,-1.7670472,-2.8512726,-1.1194608,-0.5704047,2.2069569,6.4042583,0.8036405,-0.5568314,-0.6202325,0.097598635,-2.16901,-0.4173989,0.14832039,0.36799866,-0.48749515,-9.24228,-0.18912761,-0.15658751,3.1475353,-0.5767282,0.7687259,-0.83537436,3.0009327,0.119332165,0.07522315,81.789925,-0.4733454,0.07566493,-0.6166172,-1.1388471,-0.08534679,0.42793056,1.2763882,1.9379867,1.2087731,4.2642727,2.2053788,-0.1395835,532.65625,1,17.5,1.0,100.0
2.2170959,-0.67425895,-2.1182778,1.0691091,3.5665798,-5.27307,0.079749465,0.3512246,0.09782819,-1.4833405,1.6264402,-1.2919289,-0.76721025,0.13582858,-0.08788615,-0.43603903,1.0073212,5.3478765,1.3751116,-0.18991303,-0.88292193,-4.0414968,-10.851042,0.31129518,-1.7629422,-3.0952277,-0.1517998,-1.4445255,1.4287378,-2.5645037,0.02688217,-0.023205522,111.39277,-0.93539435,-0.5171979,0.2790831,-2.7285852,-0.1159111,0.21741855,3.2280474,0.55180883,1.024724,13.237873,-0.83948404,-0.38630205,891.8187,0,100.0,0.0,29.3
1.6508528,4.045126,0.8393841,-0.12281828,0.98889065,1.1188279,-0.3377864,0.9742286,-1.1541595,-1.1302722,0.25507084,-2.8862758,-2.927978,0.3881097,-0.5505611,-1.5171342,-0.4131176,-3.7547328,0.4424352,-0.5700718,-0.26603144,-5.6857967,-1.579077,-0.16903077,1.7567571,6.664914,-0.34330156,-4.30172,-3.0326247,3.3108456,-1.4481385,-0.3588013,27.216396,-0.46057317,0.50425935,0.21379706,-0.44191125,-0.572461,-0.09420346,-4.5335684,-0.28356442,-6.1852384,-13.397003,2.7217903,-0.15173765,173.49374,1,5.7,1.0,21.9
0.3246108,-0.9013908,-0.7225998,-0.38076484,-3.7317784,-5.1513276,-0.43726146,-0.45713705,-1.6469505,-0.24994506,2.2564454,-1.7854707,-3.2420645,-0.24512316,-0.055956367,1.4682709,0.5177369,3.250386,1.2595398,-0.38632214,-0.94146746,1.7201793,12.750265,-0.013136827,-0.15039064,6.6043034,1.2906921,1.3106743,-0.9813797,1.1698309,-2.6034153,0.00861131,81.75624,-0.73539543,-0.8164984,-0.37891725,2.179309,0.03187396,0.09054644,-2.2533739,0.6280706,-0.99738294,-3.7497282,-0.5121966,0.53283656,3043.75,0,100.0,0.0,100.0
1.8841696,-3.026225,-0.9686742,-0.3885424,-1.1270561,-5.2380543,0.036743656,-0.24360453,2.0019822,0.6335149,-2.9176953,0.34107265,0.67500657,0.89037603,-0.417678,0.93806773,0.1393431,2.9320621,0.46051434,0.23349503,-0.4061032,-6.55958,-28.186396,0.022618065,-1.7461071,-3.7152855,0.62881726,2.965648,-0.45081413,1.6242828,-0.07532107,-0.40348616,-115.29504,0.21355899,-0.45416856,-0.075369194,-1.3996462,-0.5890717,0.91164374,1.4116963,-2.4384806,5.009183,-2.5345216,-2.6830957,0.66010195,1272.2875,1,41.8,1.0,70.7
0.8394057,3.5789816,-0.75235826,-0.102238484,-2.3272877,3.8353028,-0.0030611774,1.6184964,-0.27165616,-0.9023808,-1.8763461,2.036927,-0.6631043,-0.39591935,0.09826184,-0.2234652,-0.43440259,-2.3633983,-0.89064884,0.14513025,-0.33075333,-5.6566744,-4.906391,0.47173503,-1.328799,-5.615638,-1.0801342,-1.7503442,-1.3837527,1.8116163,-1.9093993,0.12718467,65.36695,-0.8435172,-1.0867163,-0.1754719,-7.9886675,-0.84125817,0.73440933,0.10701755,1.0541123,-2.6950808,1.0376818,-2.476546,0.29013652,474.825,1,15.6,1.0,89.0
-2.5888922,-1.2846562,-0.0901673,0.021841431,-1.752047,2.7240417,0.8420921,-0.5313254,1.4722087,1.130423,0.66126066,-0.2702981,-4.2258463,-0.21751109,-0.13326833,-0.048596207,-1.2717758,-0.3777488,1.3237189,-0.5633843,0.09408062,-1.5528119,-21.822664,-0.84439635,0.9602455,-0.03584593,-1.0335732,-2.3694968,0.7508185,-1.9309297,2.0386372,0.6415277,9.283254,1.3000926,1.0247357,1.0111701,4.0428042,0.019340245,-0.51899254,-3.2368176,1.3055058,0.6204725,0.6843138,2.0895832,0.1333836,3043.75,0,100.0,0.0,100.0
2.2691054,5.4960203,0.7185533,0.13472946,3.0162222,2.4930964,0.51427406,0.3225461,0.93072146,-0.71483904,0.3485499,2.9770765,-0.21291997,-0.5524913,0.22488973,-1.148277,1.0499653,2.448052,1.14027,-0.50076294,0.6715799,3.7452147,-11.374245,-0.6302806,-0.112411864,-11.692869,-0.59905696,-3.6592658,-1.9533026,0.624734,0.28829023,-0.22222725,-55.219807,0.05300268,-0.22796641,0.088221855,1.5606985,-0.51950294,-0.18759638,-4.4736757,0.34497464,-1.81456,9.693489,0.8178391,-0.5388325,739.6312,1,24.3,1.0,100.0
1.6059139,-1.750821,-2.201733,-0.25679374,-3.5307207,-3.6225631,0.55664045,0.10893715,1.4401599,-0.30875665,1.9070492,-2.5751562,-5.3683677,-0.096941054,-0.3573501,-1.332214,-0.23307136,-5.1683626,-0.16200836,-0.393764,0.32974678,3.545202,26.119066,0.12612328,1.2418658,0.8572877,0.19306898,-2.0582438,-1.0226817,1.3025626,0.3652758,0.1373669,91.00949,-0.25515458,0.76139504,-0.48302338,5.2799044,0.94195783,-0.39081874,1.8145108,-1.6274531,4.5992994,1.7912681,1.242377,-0.251164,36.525,1,1.2,1.0,13.7
-0.79377383,0.4870538,1.0285902,0.56285363,3.3442974,-3.9326258,-0.19610205,-0.5863511,-1.6301725,-1.0906109,1.7636563,-0.355639,-1.6838417,0.1295411,-0.5132643,3.0726705,-1.2141495,-1.5504069,-0.030607471,-0.121616036,0.502409,-2.0990732,-19.64803,-0.0333167,-1.6962475,-3.9862313,-0.15923733,2.4426885,-0.1504727,1.1077332,1.2709204,-0.432121,-47.63649,0.3535838,0.5880672,-0.03716674,-5.1317806,0.34888974,-0.21323419,3.5637364,-0.11680019,-8.24869,-13.862684,3.2187724,-0.15847099,1616.2312,1,53.1,1.0,100.0
-0.921947,-6.132555,-2.404203,0.22751051,-2.1212492,5.108501,-0.013626167,0.82635933,0.048766173,-0.5639582,-1.9568834,1.9591088,2.0842645,0.11817738,-0.20018893,-0.97054094,1.1302062,1.3900477,0.35990268,-0.27174836,-0.9666283,-2.5614467,8.621206,0.5654342,-0.9756639,5.6398697,-0.46635258,0.02711009,0.46671644,1.9179163,0.3111164,-0.14026377,-87.08456,1.0624279,0.44691905,-0.21949644,5.7221584,-0.04112114,0.1732209,-2.0769053,-1.1471577,1.5306176,-2.18699,1.6971556,0.029122831,2943.3062,0,100.0,0.0,96.7
0.6386593,-2.3539116,-0.9879023,0.9138401,2.4809067,-2.363904,-1.0324969,1.8074931,1.3951154,-0.0034340883,-2.8123953,1.8247756,-1.1929541,-0.46428904,0.2622724,-1.5096157,-0.012338261,-2.3713791,-0.7425527,0.5134563,-0.42917517,0.7614981,6.1574607,-0.29579258,0.43655336,2.180197,-0.2797793,2.6196413,0.39358974,1.3011972,-1.3568709,-0.38370052,-83.02081,0.6833455,0.41091084,0.0038974695,2.628635,0.81662256,-0.5600414,-0.15315923,-0.76667595,4.3755016,-2.1159093,0.31285116,0.10724313,3.04375,1,0.1,1.0,18.7
-0.95630616,-11.518128,-1.0917789,-0.43903697,-1.8492308,-5.002875,-1.1416818,0.06640881,-2.782046,-0.88254625,1.691255,-1.4955463,3.1247544,0.6666668,-0.3018884,2.247935,-0.9834472,-1.7335182,-0.899187,0.36739197,-0.048529074,2.2577453,-6.991888,-0.030218165,-0.57827026,0.2247895,0.28037816,0.34993196,-1.4496615,0.6250964,0.94371724,-0.454026,29.311441,-0.0025943525,1.0720639,-0.3007689,-0.16186772,0.31941983,0.12693933,3.9916465,0.12730241,1.5565691,5.6988196,-1.4031457,-0.3763945,3043.75,0,100.0,0.0,100.0
-2.4016654,-5.2815585,-0.64463246,0.2237489,1.2374798,4.933803,-0.2527972,1.2278253,-0.7658587,-1.169924,-1.5703102,1.8784068,-2.635191,-0.34086752,-0.20034954,0.30798164,0.4797213,-1.0183638,-1.3696911,0.5141649,0.83400637,-3.081318,-23.809916,-0.89971185,1.1152153,11.961736,1.0594139,3.7994683,1.5242463,-0.96733624,-0.27785012,-0.84663206,-78.8264,0.37760565,0.38830167,-0.8864508,-1.267258,0.21101786,-0.67046076,-4.01732,-0.23715724,-7.9063764,0.4456671,-0.99564534,-0.2142541,3043.75,0,100.0,0.0,100.0
0.31984478,1.3872368,0.4228089,-0.7895554,-3.677973,2.889111,-0.22788605,-0.8648945,-2.2707183,-0.586474,1.3840586,-0.18061244,3.7960734,-0.3437544,0.4698226,1.9987495,0.06695836,4.227549,0.52172405,-0.0647876,0.25890204,2.10323,6.883456,-0.5068567,0.43639994,-1.2343758,0.10586291,-0.036902655,-0.6969344,-0.8882849,-0.11420474,-0.40111154,-20.60085,-0.4496544,-0.80764514,-0.32134652,3.9369233,0.25786754,-0.29080737,-2.3956585,0.06150597,-9.608895,-9.487869,0.97688293,0.07024826,173.49374,0,100.0,0.0,5.7
0.55881166,-5.3929615,0.5934471,-0.6866026,-0.6441752,4.488887,-0.0020378083,0.03414495,-1.0863299,0.77055585,-1.4959307,0.29547772,-3.0177724,-0.014736081,-0.4641851,1.0231467,1.0325058,1.1582953,-1.3224882,0.6398364,-0.16334178,-5.5289083,-21.560814,-0.15547729,-0.5611247,3.9649591,0.5394839,0.5223313,-0.5424159,2.5533335,-0.658544,-0.44103232,-60.23973,1.5452676,0.8733076,-1.0904522,-6.538714,-0.42588997,0.5158087,3.943961,0.9154557,-2.8657246,-7.7120485,4.91221,-0.37050572,1244.8938,0,45.1,1.0,40.9
-0.081042334,-0.41159752,0.19568564,0.6120982,2.081424,-2.6906962,-0.1309147,-1.2390065,0.6363407,0.9063207,0.7118406,0.15204285,-0.1557871,-0.569381,0.4643674,0.26875016,1.1441252,5.442478,-0.056567818,0.57181066,0.92016745,6.2158413,10.463713,0.63907444,-1.7317567,-9.7314,-0.914214,0.11888263,1.8020879,-0.94498813,0.15769956,0.30619258,-14.450639,0.77222687,1.1748337,1.0847062,4.9778085,0.35114127,-1.0488143,-4.03577,0.8551517,4.889035,4.0844216,4.0141764,-0.575375,307.41876,1,10.1,1.0,61.1
-1.6878479,-2.661751,1.2549232,0.21472791,2.9053159,2.936391,-0.21690767,2.185351,1.2210326,-0.3634848,0.28423515,-0.31216183,-4.4423833,-0.76581806,0.4945775,0.41552836,-0.19711825,-1.7346777,0.07503327,-0.049666926,0.5584058,6.181956,17.548754,0.8736254,-1.2470796,-2.31491,-0.8615564,2.1606505,0.9475182,1.4188113,1.5859137,0.48523894,45.224773,-0.27256122,0.38139346,-0.49010542,-1.2063628,0.048317883,-0.77584416,-2.870764,0.3778,-0.0100434115,9.671138,-0.7026417,-0.19146737,992.26245,1,32.6,1.0,100.0
3.2517967,9.885558,-0.62874895,0.23955819,-2.4918742,2.1480706,0.26629472,-1.0644016,-0.9875541,-0.07184317,0.47007057,-1.0575237,-4.328894,-0.5777844,0.46532407,1.7191882,-0.23620127,-1.0037686,0.1588306,-0.5962559,-0.30644074,-3.291994,-0.12003228,-0.6408141,1.7484787,-3.7232025,-0.05435343,3.0556192,1.7735687,-1.9061401,-1.0391119,-0.07220796,84.4671,-1.1728365,-0.801589,1.0944012,4.8426766,0.4932225,-0.6029378,-1.2508937,-0.41587794,-4.3193393,-13.5455885,3.4480827,-0.1476102,1177.9313,1,38.7,1.0,100.0
0.4835789,10.927903,1.0557404,0.58025396,3.2519698,2.944167,-0.18259577,0.2854122,1.6918614,1.6263301,1.6152182,-3.591307,-0.48610952,0.44781148,-0.07115456,2.450493,-0.46641195,-0.2964738,-0.728072,0.29946205,-0.62211853,-0.59282637,2.3583987,-0.35600138,1.3047085,-13.754822,0.044018663,2.1314015,-1.4058076,3.3335927,0.06220343,-0.09210379,1.1924856,-0.9133563,-0.2684235,-1.1419312,-2.480529,0.37246332,0.31527868,3.4679685,-0.704202,8.035528,10.228702,-3.7830245,0.41965073,39.56875,1,1.3,1.0,67.0
-0.4517267,-6.6413355,-2.412988,0.2149118,-1.5496864,-5.138945,-1.0803659,1.3296704,-1.4584713,-1.518639,1.5235969,-0.1259504,3.9969895,0.31186253,-0.101604305,-2.3066697,1.4498806,3.8132892,-0.017572787,0.18533221,-0.2599603,-3.3326652,-3.7922332,-0.5833113,0.80067664,-5.5166154,-0.30415833,2.2473142,0.511133,1.9039534,0.6559783,0.060354088,69.03417,0.18033274,0.8685337,-0.5070054,1.4386171,-0.0130172735,-0.073250145,-2.835972,-0.123365425,2.7096145,-1.3426489,0.9966588,0.45991358,401.775,1,13.2,1.0,18.5
0.45671943,-9.046266,-2.0558808,0.86263996,2.8301826,-3.1306417,-0.64860314,1.3630738,0.97712195,-0.49194705,0.9812244,0.4000398,5.3184505,0.4658955,-0.07292698,1.2943618,-0.84916496,1.4041967,0.5589049,-0.085790135,-1.1254221,-5.8765903,5.7781343,0.79056853,-0.5773139,6.364886,-0.3739994,-3.0698085,-2.0037887,0.93630016,1.0044799,-0.1535171,-111.74012,0.08714441,-0.67196167,0.4672909,1.0062982,-0.33623838,0.65242237,4.6905046,-0.7516536,1.1228408,3.9069643,-0.26846752,0.14415364,401.775,1,13.2,1.0,86.2
2.5641,-0.79347265,-2.0531921,0.24906372,-1.5360758,-0.9658692,-0.40146372,0.6997803,1.2237079,-0.28453395,-0.17686033,0.81059897,-4.772846,-0.45445716,0.13729385,-0.35115674,0.3513306,2.1094038,0.28122836,-0.07723534,-0.062178057,-3.5338423,4.3977156,-0.39392868,1.6767806,-1.0636051,0.42573327,-0.18978484,0.16368191,-2.6685927,-0.44398755,-0.47590274,-0.48048717,-1.3650496,-1.1865475,0.11073548,2.8554547,0.89171636,-0.2499773,2.3309476,0.9820209,-4.3316584,3.7164595,-1.7940295,-0.25511256,371.3375,0,15.5,1.0,12.2
1.4808475,3.530295,-0.25821194,-0.42214832,-3.989551,4.226563,0.25629726,1.3337153,2.5695112,0.7497893,-0.474406,-0.24417455,2.2338946,0.49515644,-0.2959531,-2.474216,1.5508677,0.31943107,-0.17924146,-0.3503161,0.05852895,-1.1075566,-7.704987,-0.789526,0.69134915,5.4660916,1.2495657,4.016003,1.1671511,0.37841412,-0.037695132,-0.34066764,6.7941213,-0.057271607,1.0130465,-0.41911703,-0.0032141085,0.18285179,0.14620611,4.0007844,1.4721602,-7.87482,-1.3647556,2.0845373,-0.66518,353.075,0,60.8,1.0,11.6
2.945783,-0.52120936,-0.68441916,-0.53951186,-1.9118556,-2.1131258,-0.5600078,0.955315,-0.97103375,-1.1349729,1.1505811,-1.2122185,-1.9694626,0.5098463,-0.49168795,-1.1837475,0.70144683,3.0027711,1.6470925,-0.4203854,0.629009,-1.6040769,-3.2468095,0.9081334,-1.1876445,7.4317813,0.3206952,-0.4967826,1.128213,-1.1123089,-1.7085674,-0.55018985,-20.191208,-1.0362068,-0.45999768,0.55609995,-4.3720183,-0.16536547,-0.5592903,-0.69653064,-0.33704397,2.715596,6.1496096,-3.7111232,0.31193346,94.35625,1,3.1,1.0,100.0
-0.19371524,5.8211308,1.1874464,-0.8507785,-2.585006,0.74453926,-0.595444,0.32586926,-0.575423,-0.4812629,2.798958,-1.0596399,1.1154351,-0.42710894,0.5157255,3.0801554,-0.4908458,-0.86610264,0.17777127,-0.59634525,-0.52285594,4.7666492,25.73266,0.17275394,1.0593817,2.962974,1.1043226,2.7028174,0.32957873,1.5677834,-0.16324016,0.33880708,-26.497171,1.0037227,0.62868327,0.62963694,-0.854737,0.06573998,-0.13265298,0.036178254,0.78172946,-0.49706542,0.9475306,2.5171545,-0.58083224,3043.75,0,100.0,0.0,100.0
0.39829016,-9.991495,0.22063795,-1.2460201,-3.867156,0.40357128,-0.17269544,-0.6363133,-0.36405635,-0.037721805,-0.9264692,1.1873844,-0.5206297,-0.47331887,0.4814399,1.3544824,-1.0449058,-0.4132005,-0.9043265,0.64702415,-0.17527634,4.8928022,9.639638,-0.07447591,-0.38717645,-3.8132246,0.15664291,-0.7264141,-2.1882668,2.402394,-0.5084252,-0.66814685,-48.433727,0.34779045,0.53680146,-0.530847,1.0832579,0.448771,-0.65001917,-2.1502843,0.4896662,4.0953097,0.71060133,1.9687556,0.025679192,2057.575,0,100.0,0.0,67.6
-1.3873891,-9.570875,-1.544182,0.4236568,2.7248287,2.8193038,0.3099023,0.35780576,2.0444002,0.0044119605,-0.4188257,1.0185696,1.4352584,-0.19746092,0.5734956,-1.4343282,0.61556584,1.7870158,0.80711997,-0.11467863,0.035694513,-2.0548906,-24.587294,-0.20224506,-0.7019903,-5.1633306,-0.5889796,-1.8449684,-0.49684823,-0.10000039,-1.5537109,-0.23237415,39.553623,-0.4305742,0.27851442,-0.120935015,-3.99878,-0.26624337,-0.5159755,-2.8880868,-1.6985477,4.0672593,-3.0153906,1.1261642,0.027424084,118.70625,1,3.9,1.0,92.5
-3.0774317,-11.840894,-2.243355,0.5858326,0.8163505,1.2458365,0.39104444,0.053154882,-0.614365,-0.05609133,1.458869,-2.455385,-2.3232594,-0.07407689,-0.06994401,0.45255733,-0.6862749,-2.4858663,-1.8012136,0.56935537,-0.44701645,1.7841675,19.367838,0.5889756,-0.5685913,-5.8004546,0.7493417,1.0449641,-0.3610732,-0.0038861241,0.1283095,-0.44123372,51.198708,-1.0297967,-0.19728743,-0.3508153,4.5519953,0.036514778,-0.06621966,-3.5417626,0.22291508,-3.6064363,5.002887,-4.645745,0.44767696,12.175,1,0.4,1.0,44.8
-1.0053649,-3.4766052,0.16234095,-0.75816596,-2.3360384,-2.4010227,0.072942145,-1.3653105,-0.36510137,1.2972575,2.6032703,-0.16542675,6.825139,0.1313689,0.3059836,-1.4748832,1.5674032,5.006159,1.3367115,-0.18559724,-0.47852656,3.9196806,24.24324,0.49264565,0.31888992,13.483185,1.0598314,3.3179333,1.1609952,0.9934999,2.69275,0.54785633,68.3878,-0.795367,-0.3061623,0.6958515,2.9988415,-0.26008064,-0.16933155,-3.7823837,-0.2166656,-8.644391,-1.0401677,-2.508807,-0.012100135,718.325,0,25.7,1.0,23.6
-1.1289957,-9.893706,-2.705279,1.0292451,3.359396,-5.719478,-0.13010973,-1.4569708,-2.7047818,-1.4353069,-1.8192134,3.8165784,6.64373,-0.114604175,0.57657236,2.767676,-1.1109368,-3.0526228,-0.28042296,-0.2767442,1.0931005,7.0130315,12.835994,-0.3556438,0.9520949,5.6097374,1.1120372,-0.7036926,0.07130196,-2.7354462,1.8549709,0.22759423,22.145542,0.4608637,1.0818146,0.3793226,2.1278317,0.4044233,0.070158854,1.2239306,-1.3310069,1.068773,4.563883,-2.9184966,0.19715677,1117.0563,0,100.0,0.0,36.7
-1.1852602,-0.43116614,1.464571,-0.19108734,2.673673,-4.5176077,-0.38329175,0.26647478,-0.62560344,-0.9547252,-1.5160921,0.74118274,-3.989359,-0.025301922,-0.36744374,0.097489744,0.20734446,-2.7256298,-0.040611688,-0.46167088,0.39730275,0.8842352,-14.824193,-0.5818041,0.18908682,8.611168,1.0829039,3.6158,0.7875383,-0.17202713,0.102324575,0.14253338,17.086193,-0.5169377,-1.0185139,-0.8134391,-3.2768383,-0.65006506,0.9819268,2.0038633,1.3857805,-7.6065083,-8.434202,3.4212046,-0.464849,450.475,1,14.8,1.0,36.2
0.6700267,5.580725,-0.15330987,0.38161114,1.7166936,1.4286087,0.024825113,-0.09657829,-0.115569316,1.2052444,0.5803088,1.4266375,-2.2098227,-0.12872201,-0.3645602,1.4960688,0.30284545,0.012753909,-1.4758207,0.33276966,-0.3992865,0.6063332,6.2570868,0.7005067,-1.669182,12.812026,0.6866276,-2.175906,-2.396718,1.8931538,0.37787458,-0.25782433,-119.43938,1.2982379,0.59225184,0.31956303,2.8043652,0.34183916,-1.0367063,-4.0882645,2.0145688,-7.8033066,1.7786161,-1.9336098,-0.12865856,261.7625,1,8.6,1.0,100.0
0.40612322,1.5143263,-1.2606137,0.52887595,3.0381868,1.9494747,-0.35922006,0.37256166,-2.4633844,-0.8564947,0.05552512,3.2856925,6.1879597,0.32922927,-7.7906916e-05,-1.638585,0.38115185,-1.4398308,0.86463445,-0.7038804,-0.66815704,-7.484267,-21.267471,-0.6353679,0.7083411,-12.8969145,-0.83174425,2.359779,0.65771693,2.0374076,-1.4303781,-0.56553024,31.018414,-0.8259575,-0.046018347,-0.12987602,-2.0600724,0.2639199,0.25701556,2.58389,1.0586176,-4.3061547,-6.1856885,2.5276682,-0.62723166,1336.2063,1,43.9,1.0,100.0
-1.8787656,-2.8929937,1.6136518,-1.0455939,-2.8737245,-1.4787409,-0.4475061,1.982916,2.9045162,0.8973627,-0.56893617,-0.270726,0.4331178,-0.15395868,0.016383786,-0.102591164,-0.03141777,-2.9121163,-0.40441802,-0.42480487,-0.473961,1.726733,5.1801424,-0.24599393,-0.5118379,-1.8177329,-0.95746464,0.9054204,1.6416222,-0.20623045,-2.363763,-0.5900136,1.2498704,-1.2315582,-0.96526504,-0.43520907,0.57695884,0.37291032,0.08190287,3.192622,0.54785967,4.4708633,1.8723452,0.49596608,0.37075892,346.9875,1,11.4,1.0,100.0
1.4996909,6.285215,0.70806926,0.13616006,1.6968081,5.9300895,0.048435934,-0.61801046,-3.902976,-1.7866762,2.3152065,-1.3343917,1.7689776,-0.08041991,0.1524725,1.6229845,-1.0279278,-4.1426644,-1.7875746,0.5223234,0.0061584227,1.772119,5.7681866,-0.2431098,0.26382262,-0.078948915,0.21394634,-1.5768603,-1.8493742,1.0929637,-1.3416779,-0.017652208,94.24545,-1.3744947,-1.1387314,0.5811027,3.1744955,-0.20444742,0.5877866,2.279102,0.33965334,-8.969476,-9.724836,3.1333504,-0.3200942,252.63126,0,100.0,0.0,8.3
-2.1623824,-3.8582506,2.0364313,-0.2712811,2.0562122,1.3976381,-0.16886936,0.6529121,-1.839621,-0.97293216,0.31931925,-1.383098,-3.7474961,0.19353548,-0.3507737,-0.14285468,-1.5670313,-0.35993737,0.25552773,0.2473252,-0.6603127,-5.39416,-13.965726,0.031933706,-1.4141701,3.832758,-1.1401099,-3.2276304,0.97590077,-2.8169715,1.6421875,0.9991558,101.22014,-0.3367407,0.18232255,-0.53520566,1.8137252,0.20798904,0.57574505,1.7712417,-0.05615084,-5.352816,-8.670819,5.327665,-0.52179354,191.75626,1,6.3,1.0,42.1
0.52347165,-2.2924309,-0.4066177,-0.09652452,2.020762,-0.58059853,0.17283319,0.40267923,2.0526407,1.4772699,1.9035276,1.1507206,3.6992176,0.15549162,0.062782444,1.0325251,-0.08572678,5.025434,0.41590866,0.3513942,1.081459,2.7561738,-2.1160753,0.5595041,-1.4990754,-6.1505556,0.65378433,3.7866747,-0.58402455,3.1101642,2.4849453,-0.042469162,-88.51206,-0.026026063,-0.6660263,-0.15447272,-2.0097554,-0.12576579,0.63573354,3.8142974,0.2862181,-2.6593778,-15.501603,4.9204016,-0.37800577,219.15,1,7.2,1.0,100.0
0.9701731,-4.999926,-2.0506022,0.39885607,-0.17243433,0.4639068,0.15018384,-1.2591263,-2.9250438,-0.9856489,-0.53061616,1.7799388,5.3011355,0.7507655,-0.424818,-0.077462055,-0.024474436,0.54728526,1.0310782,-0.12063275,-0.37595916,-2.4426157,-2.9351592,-0.71802276,1.5271044,1.0276024,-0.7548145,-3.5061672,0.37643373,-3.1410208,0.9633022,-0.6638824,-94.90471,-0.3901809,-0.9902262,-1.0374199,1.3064566,0.8234705,-1.1045386,-3.7350314,0.6858677,-3.3981981,4.806256,-0.20264363,-0.49250832,2611.5376,0,100.0,0.0,85.8
2.6124065,-3.2688568,-1.0354432,-0.16108175,0.19896588,1.4198723,0.14564842,0.020414662,1.2432696,0.7104793,1.8751489,-3.5970223,-0.5650063,0.6004916,-0.3407091,0.052087225,0.091307126,-5.2697663,-0.058244716,-0.657404,1.0117508,6.0209475,4.91331,-0.4135671,0.11055473,4.6518397,-0.037389856,-1.6041678,-1.5829147,2.3709884,-0.9589209,-0.27540177,-74.29478,0.22601904,-0.8853729,-1.0271506,-1.9346101,-0.25388026,1.0892453,3.8524787,1.2670077,-7.5391226,-11.033422,4.109488,-0.37488747,167.40625,1,5.5,1.0,100.0
0.40825978,2.7804236,0.5497385,0.71387994,3.1948993,4.332785,0.5535803,-0.81896836,-2.1852217,-1.294425,0.6081936,0.34701645,-1.257875,-0.70304906,0.27805746,0.9127667,-0.18772338,-0.6671748,0.75193655,-0.36908346,0.800185,-0.5214392,-10.504538,0.50257933,-1.538867,-2.6397154,-0.1728676,-1.1608566,-1.546362,2.7708368,-0.90038097,-0.3023666,-58.8374,1.6863989,1.0750052,-0.06231749,-2.037165,-0.39992347,-0.40566903,-2.815865,2.0392084,-4.8764844,-2.3157675,-1.7288582,0.6057864,837.03125,1,27.5,1.0,100.0
-2.263046,-11.505834,0.14352937,-1.0338495,-2.8992262,-3.5380769,-0.30035117,-0.4944388,-0.45893976,0.1760487,-2.4557557,-0.31393108,-1.5367371,0.4468729,-0.20675775,2.541038,0.0008455765,3.6490269,1.2248074,-0.62806845,-0.9224138,-3.3473527,10.786893,-0.086068235,1.5390685,-10.827056,-0.89674705,-1.9035872,1.2186245,-3.0482097,-2.763427,-0.3510773,77.158615,-0.5842476,0.10861822,0.33639514,-1.703867,-0.36198065,0.37316048,-1.2007021,0.36650833,5.7914195,4.967109,2.0481038,-0.22628276,797.4625,1,26.2,1.0,46.5
-1.0089866,-5.420793,-0.22451809,0.016216021,-1.542922,-3.0961707,-0.78683627,0.7728861,-1.1685724,-0.43957913,2.1157072,0.9511331,1.3299328,-0.42330718,0.20482606,0.6730283,0.008644608,1.8785368,1.0099347,-0.024975833,0.30987632,-3.016969,-11.132671,-0.42443797,0.23345238,-1.2102413,0.1299138,3.3152635,1.3121959,-0.44454247,1.3087788,0.55764616,74.69368,-0.9024462,-1.0582106,-1.1124852,0.7548593,0.29051954,-0.50196886,-4.752134,0.61673915,5.2667303,-0.11490653,5.51403,-0.64789754,127.837494,1,4.2,1.0,88.9
0.29735726,13.072029,1.1790099,0.20035385,0.44894674,0.43056658,0.7535475,-1.4649595,-0.024421306,1.41096,2.6582754,-3.5721776,-7.812386,-0.7718696,0.2978875,2.326544,-0.76463425,-1.2664124,0.7570543,-0.7025866,-0.28115663,2.1333346,-6.6286063,-1.0012587,1.565916,-1.8863938,0.2492979,3.67369,-0.28221717,1.9758041,2.4244936,-0.069569916,-94.60116,-0.33084983,-1.2025565,0.12904812,2.7240102,0.4112518,-0.6798954,-0.84568554,-0.46535105,-0.23598212,-1.6484042,-0.82382315,0.6372428,830.9437,1,27.3,1.0,72.6
-0.91025406,3.570844,0.63894767,0.3341098,3.0587046,3.6560318,0.65960604,-1.195059,-2.8619068,-1.7093779,-3.4473572,1.8301176,-0.70479476,-0.13969806,0.12783965,1.2947446,-0.16154584,-1.9159459,-0.88330215,0.046299037,0.6931449,-0.46179485,-13.591686,-0.90569943,1.5758055,-10.145982,0.1111119,0.12774457,0.24815309,-3.3789523,0.39481553,-0.37183312,-20.567595,-0.74002296,-0.2868619,-0.5588744,-2.0036016,-0.5000442,1.1783625,3.6339931,0.3414759,5.8728514,0.23629014,5.2599235,-0.5732489,468.7375,1,15.4,1.0,100.0
1.0941693,10.430673,-0.14011915,0.81089175,2.3672707,-6.2837205,-1.1830391,1.4566705,2.2956762,1.6522143,-2.3277705,2.2330594,5.577485,-0.11604735,0.4150683,1.3155388,-0.7505615,-0.91357833,0.5923675,-0.10708721,-0.19918728,1.2701907,5.9809523,-0.06802137,0.29543945,8.662357,1.0704217,1.378965,-0.5603922,1.0072378,1.6937126,0.02102561,-18.670261,-1.1148657,-1.1866493,-0.10021453,-5.785447,-0.35240763,-0.8040953,-4.8084745,1.022321,-4.155649,-12.402337,3.1496017,-0.116974816,480.9125,1,15.8,1.0,100.0
-0.053735107,-7.3581758,-1.5592417,0.9357066,3.3759217,-1.1673335,0.33124998,0.012009591,1.3654549,-0.07720614,1.1416583,0.73345214,2.3933363,0.4137354,-0.20581579,-0.20357499,-0.8727851,-1.9169123,-1.2321281,0.51075286,0.034722477,0.6137298,20.975033,0.9830294,-1.5205964,6.5285378,1.5550734,2.9062173,-0.6996491,2.2493362,0.3061779,-0.8970078,-54.556793,0.7116055,1.168658,-1.3133562,0.44812584,0.09678209,0.9904467,2.8787677,0.32629174,-2.6904302,9.2922325,-1.1427269,-0.35367778,167.40625,1,5.5,1.0,100.0
-1.8165253,-2.53278,1.2359757,-0.11652836,2.4695516,-0.12916835,1.0841601,-0.51802313,2.221174,0.8545482,0.96788174,0.85566753,5.448591,0.099176586,0.16595483,0.060320567,-0.0034495762,-2.5797634,0.91107416,-0.58687955,-0.08579284,-7.2655926,-12.381231,-0.21795693,0.46473634,0.76570463,-0.9782552,-1.8003408,-1.2763876,2.9988606,-0.110309556,0.16297476,-72.752426,1.144443,0.37624946,0.05290123,6.515819,0.031068623,-0.07506746,-4.492552,1.3872845,-1.695704,7.255325,1.1065377,-0.4864788,179.58125,1,5.9,1.0,94.6
-2.4582856,-3.0740652,1.3600681,-0.47827524,0.9819822,1.205277,0.11336934,-0.87053746,-3.4664237,-1.475462,0.6928434,1.8079801,5.8355727,0.2526728,0.19542737,1.1220134,-0.30993766,1.8232954,-0.081977904,0.19924974,0.77208424,0.69369483,-17.518612,-0.81535846,0.6278922,-7.426693,-0.376902,0.6543859,0.0188401,1.529442,1.2143033,0.49566752,93.33982,-0.39136395,-0.14393766,0.66889554,-1.3136872,-0.3923767,0.2782197,-0.422745,-0.29886913,-0.77286696,-0.23577976,-2.2105865,0.48116255,846.1625,0,50.8,1.0,27.8
-0.683542,2.8159692,0.42007914,-0.24491996,-0.39816666,-0.8138707,-0.39103216,0.26176804,-0.49306682,0.055023037,0.2898089,-0.2527255,-2.309591,-0.28902638,0.49707147,0.21965957,0.14170854,0.7796321,0.10090078,0.046409745,-0.15096381,-5.7857285,4.422292,0.6202925,-0.14727071,-1.8285905,-0.6337407,-1.5076716,-0.032468334,-2.745201,-1.0381767,0.3141532,119.91082,-1.3454506,-0.96599275,0.7391979,4.568906,-0.03863876,0.6879432,3.0565712,1.5002292,-3.3823254,-11.902732,1.8282875,0.2964651,1031.8313,1,33.9,1.0,100.0
1.5440112,1.2867285,1.0605042,0.012902683,2.468729,3.3924074,1.125526,0.21569541,0.7311797,-1.1974065,2.003418,-0.6812603,1.0728942,0.48925868,-0.54416037,-0.17162693,-0.08613824,0.8379504,-0.75419474,0.118346065,-0.75153315,-6.4425898,0.47502232,1.015901,-1.2336606,-9.365336,-1.120383,-2.5722644,-1.795627,2.7015848,0.6840344,0.48124573,64.30757,0.0039438517,-0.055399057,-0.062609725,6.264889,-0.10089192,1.166662,3.7571955,-0.7624896,2.0934455,0.87859744,2.696919,-0.12501037,703.10626,0,24.8,1.0,23.1
1.8789932,1.65857,0.83824205,-1.2425157,-3.8992982,-4.731757,-0.12836109,-1.1820635,0.8667861,1.6727206,-0.07108548,3.540299,5.9009914,-0.14184749,0.46144563,2.5754619,-1.2276695,-1.8230958,0.2857965,-0.1849596,0.0586223,-0.2879079,-20.376364,-0.24007374,-0.082388155,-6.884061,-0.17343505,0.10023008,-0.79763776,0.7446204,2.0757606,0.04924592,-61.011677,-0.33447653,-0.8175772,0.11540341,-0.97869545,0.04081738,-0.17509845,-3.6212206,-0.7049962,3.8841426,2.7287567,1.7713095,-0.58403385,3043.75,0,100.0,0.0,100.0
0.5123149,3.9742522,0.46371114,-0.8600687,-3.4635217,-0.44912136,1.0917432,-1.5045862,-0.4353653,0.09290973,0.07128794,-0.11886717,-0.6884523,-0.096745804,-0.21973215,0.47336033,-0.022258034,0.9702899,1.0621731,-0.49486524,0.4512819,0.13937566,-17.825712,0.05940007,-0.85303193,-13.043757,-0.52332497,-0.84269094,0.84215945,-2.6847281,-0.90723187,0.025563778,53.563446,-0.4181049,-0.6723181,-0.54877436,0.082534544,-0.4917009,0.58394945,0.24204378,-1.8113999,1.904545,-5.435996,-0.79139495,0.3535076,112.61875,1,3.7,1.0,100.0
-0.100999594,-1.3533351,0.19842723,-0.25251165,-0.981004,6.2670407,0.23907684,0.56385946,0.9731349,0.48115575,-0.8718117,-0.8304128,-0.12849657,0.1515432,0.23321351,-3.0753443,0.30170572,-2.608806,-0.84396255,0.30534366,-0.7802139,1.0038242,-1.1350901,-0.11443287,-1.1587819,-6.331535,0.31111354,1.7777125,0.024573112,1.2674222,0.19865511,0.6691175,-2.6085868,1.2574377,0.9456369,-0.017139073,1.308513,0.47287714,-0.6991613,0.31579193,-0.10272985,1.4900907,-1.3466898,-0.5024486,0.04198978,471.78125,0,23.3,1.0,15.5
-1.1649761,-10.324999,-0.20673753,-0.73551285,-1.9660195,1.7604369,-0.7007325,1.2392887,1.4853659,0.68550265,0.22635417,1.9491037,-2.024017,-0.28845754,-0.13806844,-2.8499224,1.6533705,5.6471343,0.7774845,0.18798986,-0.14264475,-1.888831,1.8047295,-0.09774567,0.16278456,-2.4227126,-0.7138764,-0.885763,1.1559825,-1.7343444,1.8602604,0.547963,-45.2751,0.32747826,-0.45732793,0.34661397,8.0010195,0.77097875,-0.70448524,-2.0828464,-1.0866104,-1.8209416,-0.20453812,-4.624392,0.6424107,15.21875,1,0.5,1.0,98.1
2.554582,3.6851459,0.097141795,-0.41526374,-0.51692796,-6.033287,-0.55630267,1.2548115,3.4353461,1.8262064,3.7152865,-0.36078,-1.4990885,-0.35967574,-0.14304975,-0.7079152,-1.1151435,-0.7936578,0.20733938,0.3226543,-0.8343152,-6.710636,-7.393601,0.49867865,-1.1199436,1.292302,0.5248474,-2.0323472,-0.51798606,-1.5370991,0.79658514,0.55346406,67.74695,-1.6920921,-1.1180762,0.88153094,3.375965,0.09255314,0.1779734,1.6761509,-0.47757134,3.416861,12.151051,-0.18074408,-0.39818195,496.13123,0,30.8,1.0,16.3
0.6393505,9.065158,-0.5805212,1.0714518,3.6457634,0.4787769,0.51055723,-1.8757527,-1.54615,0.14599685,-1.5713856,-0.7364474,-3.3985238,0.007064897,-0.2208525,1.791286,0.24077432,4.433755,-0.08579426,0.4986971,1.0071169,0.2396926,-14.0771475,-0.8429038,1.3245524,8.464741,0.73817503,2.8245966,1.8019257,-2.0664656,2.155518,0.7475568,98.50432,-0.6437604,-0.22867881,-0.15273888,-1.6265408,0.5599709,0.12843996,4.6671906,-1.2938597,10.083078,10.154274,1.2539247,-0.51955914,1911.475,1,62.8,1.0,100.0
3.3624036,13.211184,2.1747944,0.30371758,4.210372,-3.9542887,-0.1998538,-1.6061598,-2.2017596,-0.33447772,-0.48129213,2.091917,-1.6918149,-0.5573884,0.3208659,1.4295626,0.10710016,1.7234089,0.95154,-0.408212,-0.11794696,-3.9237585,-13.5250435,-1.0214187,1.7873843,-6.111865,-0.5038834,-2.3060937,0.10256874,-0.18980734,-1.6444207,-0.30639732,-44.657524,1.2265773,0.9947525,-0.33566007,-0.77783525,-0.34862584,-0.108712256,-0.96917146,1.4648056,-6.164244,-4.2117887,-0.15575415,-0.18283905,925.3,1,30.4,1.0,32.2
-0.783586,-6.01054,-1.5445809,0.18571445,0.4506831,-2.673988,-0.118285574,-1.0058901,-0.3567182,0.23969851,-1.3031063,-0.053888205,-3.9974096,0.08082242,-0.40889582,0.43951303,-0.14926806,0.62866527,-0.48120996,0.14251243,1.0285571,3.640813,10.590798,1.1490563,-1.6190913,-0.39870882,0.29011807,2.0142934,2.6169426,-3.2616704,2.2178175,0.41901767,47.77288,-1.2974814,-0.8453692,0.060243316,-4.486882,0.038381685,-1.219196,-4.7590113,-1.3130038,5.805604,2.4681537,1.8503748,-0.16282088,3043.75,0,100.0,0.0,100.0
2.3733878,12.0357895,0.52966636,0.7045669,2.3174863,0.83092153,-0.18712272,-1.421687,0.3740925,1.7399913,0.28927287,2.1789348,1.3024867,-0.091882095,-0.19232447,-0.5771191,-0.006673243,1.7168332,0.22924303,-0.13887532,-0.22218335,1.5829186,2.4090254,0.3820334,-0.6056435,-4.1674604,0.40018597,-0.029358167,-0.89020264,-0.25337434,-1.1930776,-0.5267148,-26.474216,-0.95242983,-0.91447645,-0.45753577,1.249191,0.098134056,-0.5560593,-4.1385465,-1.4759828,-1.0834694,-12.41154,3.2344358,-0.069423124,797.4625,1,26.2,1.0,29.5
-0.061052278,12.466325,2.1060796,-0.99651474,-4.0138674,-2.8709483,0.06913357,-1.0967503,0.12346022,1.2062309,-0.16922702,-0.81556445,-4.119548,-0.23553947,-0.1500585,-0.4217698,-0.77941954,-4.326199,-0.91396016,0.27150798,0.844802,-1.0212907,-14.965875,0.46706527,-1.7108033,-17.376,-0.33090788,2.7072814,0.7540485,-0.07186954,1.1554582,0.10171744,-99.51908,0.2497533,-0.53573203,0.72753674,-0.28907955,-0.18177073,-0.51014936,-1.5186003,0.78706294,-4.518338,-10.7296295,-0.5173901,0.46371815,913.125,1,30.0,1.0,62.0
-0.5725112,-1.510017,-0.57101864,0.25364384,0.8351693,-0.9981365,0.591281,-1.6866813,-2.5663912,-1.0753592,1.2396351,-0.20643352,-3.2410088,-0.20851465,-0.2869057,0.3408812,0.5423966,3.9988313,0.27709875,0.08550215,0.57226294,-1.7559745,-19.897963,-0.7391886,0.18215765,-5.323603,-0.22586957,-0.5525527,0.20054594,0.3177345,-2.3538625,0.2064022,128.86621,-0.80433375,-0.06294606,0.49059066,-0.5956253,-0.35150656,-0.06750096,-3.9451325,1.1075748,0.56075203,15.426599,-6.118065,0.6566526,2827.6438,1,92.9,1.0,100.0
-2.3644807,-12.846771,0.07675967,-0.32722542,1.9205418,0.32843295,0.16281468,-1.2329102,0.71549445,1.3367559,1.6686016,1.4630823,-0.35231218,-0.77339584,0.44404268,2.4601355,-1.4996791,-4.1853824,0.04779134,-0.5543998,0.20032488,3.9836042,1.4822496,-0.99377006,1.7194601,7.2479205,0.24236546,-4.0110917,-2.469173,2.3100715,2.019014,0.46440274,63.108166,-0.53563327,0.5039675,0.03138666,-8.872552,-0.033571325,-0.3180497,2.1572762,1.5618881,-0.86990666,-7.00813,2.5433369,0.15246817,846.1625,0,91.6,1.0,27.8
1.2317448,1.9908414,-0.79427534,-0.3020636,-3.0958385,4.933025,0.8994716,-1.4877449,-1.9250398,-0.7648644,-0.27504027,1.0536162,-4.903834,-0.292812,-0.2524487,-2.01466,1.1447685,4.6774397,2.0922794,-0.7049419,0.118338525,-3.1781442,3.2557561,0.20833325,1.1049569,3.7966733,-0.07493382,-0.5933207,0.8621895,-0.75119114,1.4840311,-0.0312981,-6.6072006,-0.3866297,-0.5043698,0.5506077,1.6326597,-0.31139383,0.67277277,3.571326,0.07746848,-4.536491,3.063304,0.68708026,-0.3886179,3043.75,0,100.0,0.0,100.0
0.118175834,6.0613747,0.9352656,0.008300729,2.9619834,-3.3703942,0.081408165,0.28459486,0.384742,-0.51569104,2.1342137,0.46518943,4.6502695,0.30769184,-0.026269672,1.2934195,0.11593341,-2.4128263,-0.62412333,-0.29050922,0.62717986,2.0063896,6.5924554,0.3248663,-0.14891244,-6.2766557,-0.8254215,0.7901091,2.8178136,-3.2581878,2.0108712,0.027938396,37.318085,-1.0240879,-0.46560705,-1.3956518,-2.0956779,0.15492113,-0.18804993,-1.324665,0.08639618,0.32214847,5.41638,-1.2937019,-0.27710488,6.0875,1,0.2,1.0,100.0
1.8692,0.68224066,-0.5333761,0.11125502,0.33246997,6.81819,0.62922263,-1.2488532,-2.939697,-1.2427579,0.44417563,-1.5673243,-4.7045007,-0.3310682,0.09460541,1.8197459,-0.72114617,-2.6564035,-0.018761365,-0.53664917,-0.07031243,-0.35437363,-3.9274848,-0.2588255,1.3424816,-6.504168,-0.074364565,-0.15208587,-0.7117925,-1.1222373,-0.80761516,0.074192934,-0.37493235,-0.8374107,-1.046089,0.17940632,2.709113,-0.021865726,0.18862547,-2.0362337,-0.7481156,-3.3301952,-12.118545,-0.15685695,0.5815352,1092.7063,1,35.9,1.0,100.0
-2.1387246,-6.9535737,-1.5018688,0.67053604,2.1867626,-6.991897,-0.5652703,0.53763926,0.1532079,-0.5950401,-1.0371009,-0.92487574,-3.8175247,0.27940497,-0.5005986,1.8983798,-1.7677832,-3.892314,-0.535381,0.09569271,0.30343178,2.886103,5.043665,0.6832402,-1.5519907,7.9966946,-0.18680084,-0.23131448,1.6036671,-0.47437322,0.99776787,0.18395878,24.283163,-0.43128276,0.21965338,0.7916496,5.4155216,-0.035847228,0.46964094,0.5246413,-1.331748,6.797091,11.079253,-2.5223117,0.2340272,468.7375,1,15.4,1.0,100.0
-0.4175843,-1.0645607,1.5261289,-0.82716066,-2.9281626,4.1193686,0.39553836,-0.23554751,-2.129185,-1.7798029,0.97505015,1.7655967,1.7434075,-0.5195979,0.35608461,-0.7993662,0.8939577,2.4798646,-0.021239514,0.23182093,0.31317472,5.895018,-3.0017471,-0.96080893,0.91283363,-3.4197977,0.40957087,0.5785399,0.09743014,0.9881668,-1.5896882,-0.35334256,40.105747,-0.3658262,0.48973477,-0.4759345,-2.9529986,0.6284818,-0.62812084,0.6160237,-0.75961185,10.035955,3.4422474,1.1045632,0.041500617,505.2625,1,16.6,1.0,100.0
1.6619633,0.375941,1.1279615,-0.9131786,-2.105941,-3.5860424,-0.5923852,-0.05672777,-1.555541,-0.7462864,2.430633,0.077950574,-1.3953344,-0.29764152,0.026094709,2.1947932,0.13476019,0.47401768,-1.0022943,0.14419879,-0.48652032,3.7539775,3.0730271,-1.0133976,1.4658388,3.8968372,0.5535577,0.08597819,0.31355745,-0.99116737,1.6792712,0.46390596,11.105188,-0.6565007,-1.123953,0.30420792,0.28323966,0.14957428,-0.60102296,-0.7712769,1.311279,-7.2787786,-5.5036607,-0.6756568,0.25264856,508.30627,0,100.0,0.0,16.7
0.043729246,5.085031,0.37483248,0.3452841,-0.15570341,-3.7936337,0.1595181,-1.005902,-1.032664,0.03501986,2.0302644,-3.7988186,-7.115443,-0.24807486,-0.2646761,1.3423489,-0.9331504,-2.57473,-0.72082853,0.5707637,0.33638442,-0.70730835,-16.137392,-0.8003975,1.7786784,16.667536,1.2215635,-0.09947107,-0.061296035,-1.6618739,0.50399715,-0.11962155,-49.27882,0.4863292,0.07813148,0.86615527,8.893188,0.46734694,-0.53668356,-3.635368,-0.6281398,5.3998,1.5320368,-3.890145,0.6398274,1184.0188,1,38.9,1.0,100.0
-0.47532105,-11.740483,-2.4785225,0.3442043,-0.75016046,0.25189433,0.39190727,-0.8212627,-0.565657,0.29678163,0.695365,-2.406317,-5.3744516,-0.7385117,0.40552378,-1.3127363,1.0238826,1.8122438,-0.94239724,0.6408587,-0.88638675,-2.7137144,-11.848778,0.2607051,-1.8265637,-8.002715,-1.1035918,-1.9545068,-0.23526265,-0.8519753,2.9460177,0.900264,15.307323,-0.30639717,-1.1575862,-1.3108177,-0.8695776,0.27535638,-0.57294184,-4.4712553,-0.8910572,4.914461,11.296015,-3.7042956,0.25312716,773.1125,0,45.1,1.0,25.4
-0.5905545,1.697364,1.2239947,-0.5995153,-4.1513586,-2.1444535,-1.0202796,1.0820566,-1.2425619,-0.8768733,-2.3413064,-0.9828277,-1.8907852,-0.291048,0.41529605,0.31631857,-0.46956387,-1.8799715,0.4635523,-0.20620698,-0.83093196,1.642774,22.329287,-0.052050073,1.7297338,-3.1134882,-0.8579694,0.8536224,-0.0069306865,2.0978978,-2.6460946,0.12292976,125.20885,-0.15951854,0.75905806,-0.1727848,1.4462988,0.08885196,-0.38238275,-4.2453036,0.8013578,-0.66633964,11.252404,-3.6833248,0.26336077,806.59375,1,26.5,1.0,100.0
-1.6164966,-2.5623317,-0.40619147,0.38698253,0.71142703,1.6530136,-0.071428284,2.201886,0.82801473,-0.7781103,0.83791167,-0.8508011,0.5204857,-0.33934462,0.35027635,-0.6381597,0.5411212,-1.1415402,-1.1847825,0.25870743,-0.2082172,-1.1501517,-1.9480991,-0.13326031,1.3638968,-2.136195,-0.48680001,-1.0491456,-0.85265595,2.8029397,-1.0257163,-0.07379611,-39.65128,0.8870145,0.31398785,0.20966217,2.1003861,0.28615186,-0.43539208,-0.938388,-1.2679064,8.651638,13.020317,-4.580675,0.4117946,27.39375,1,0.9,1.0,100.0
2.1750946,7.9795756,-0.2194978,0.64371943,0.8440215,-1.0179421,-0.60885584,-0.24834573,-1.6541877,-0.3223151,0.2956773,-1.6264045,-2.504766,-0.4432356,0.53340095,-0.3563252,0.29973388,-3.1596386,-0.5820319,0.08754701,1.092306,5.697448,6.7807035,0.057398222,-0.43265742,0.2559718,0.19392414,3.0770893,-0.56804234,2.5864434,-2.3149886,-0.5750295,-110.68513,1.3969202,0.6348305,0.20032647,1.830315,0.3911068,-0.66135156,-4.942229,1.2895949,-3.1113636,-13.1821375,3.1981313,0.008438981,30.4375,1,1.0,1.0,25.1
-0.73419243,-2.5818334,-0.6418971,0.413511,2.6347222,3.550279,-0.11703874,0.5841546,1.2727904,1.326746,-2.0324092,1.6084064,-0.8824535,-0.57400376,0.53954923,-1.6555384,0.36583847,-0.23739056,0.5937471,-0.011088393,0.661648,0.5568989,-16.18102,-0.07164596,-0.4512412,10.348506,1.0059328,0.6372267,-1.9141957,2.8569782,0.67763335,-0.08368471,22.394436,-0.7287159,-0.45562425,-0.67007005,1.1920965,0.08902307,-0.5442243,-3.3014755,-1.8281316,5.49075,-2.859622,1.4541935,-0.06812498,1205.325,0,100.0,0.0,39.6
1.5620242,1.094219,-0.88314086,-0.53990847,-3.8954582,-4.148547,0.5134519,-0.060547266,1.393229,-0.1626733,-3.1763806,2.743904,5.2362723,0.115745075,0.2225031,0.11362529,0.7095545,5.566392,1.7066654,-0.45896453,0.5350818,-2.6963334,-13.550802,-0.5473255,0.5990373,7.849616,1.1654512,-0.60195094,-0.41372025,-1.6831851,0.14228895,0.15778889,-67.07021,0.7444447,-0.12349462,0.34769878,4.1770883,0.6658524,-0.6917917,-2.854737,-1.7113111,6.7322583,-4.874218,6.013144,-0.64021367,1938.8688,1,63.7,1.0,100.0
2.7409859,2.7665775,-2.2157998,0.40154392,-1.4324486,-6.142652,-0.8315158,0.5583097,1.1212865,0.87446195,-1.960984,-1.3507773,-2.7962961,0.40910098,-0.33522025,1.2168839,0.14980315,-2.0617058,-1.2845212,0.40988332,-0.5778597,-7.4852,-23.719387,0.14428076,-1.5232773,3.0773792,-0.3052044,2.163586,0.50872934,0.84987754,-1.5514406,-0.30468065,37.401314,-0.68549776,-0.28254193,0.45028296,-6.239957,-0.020696657,-0.51895106,1.371173,-0.69141066,5.860035,-1.3757105,6.1736193,-0.61903507,535.7,0,25.1,1.0,17.6
-2.4273016,-0.1199548,0.883218,0.16725123,-0.51343524,2.5849683,1.0017837,-1.2090534,-0.81624573,-0.26299396,0.17862807,-0.030657621,-0.95917624,0.35748845,-0.36553553,1.5441087,-1.055683,-4.6984086,-1.0657508,0.013490006,-0.7666982,-5.258706,-16.843111,-0.38785318,-0.26606888,-6.1447,0.16800508,0.7534693,0.9541871,-1.4265099,0.012079319,0.31480917,0.15007846,1.4815989,0.763949,-0.95715076,-2.7117496,0.17505984,-0.44193205,-2.6402435,0.52797836,3.3622253,12.915176,-2.9616485,0.15896305,590.4875,0,77.2,1.0,19.4
-2.5095828,-6.457853,1.0349426,-0.63260895,-1.07772,3.5935915,-0.06064811,0.48500755,-0.8348376,-0.21453547,3.2270682,-1.2327737,3.8026621,0.72767264,-0.503207,2.071424,0.5175278,1.8399268,-0.31145513,-0.06849279,-0.3919625,-2.2200444,10.849511,0.44372264,0.027416993,-10.684689,0.39741877,2.8083692,1.6599182,-2.120057,-0.2799386,0.49076587,28.735048,0.26660016,0.3508282,-0.702723,0.9975917,0.76459634,-0.531239,-0.42045024,-0.9914374,1.2271802,-6.1063714,3.1366923,-0.17907569,255.67499,1,8.4,1.0,31.5
-1.7439636,-8.497969,-0.0039938856,0.23810863,3.2033794,2.2456126,-0.66939473,-0.18889643,-0.9105517,0.73485744,1.327212,-0.58927447,-0.21288076,0.5355643,-0.5461546,1.3280932,0.7776562,-0.16163239,-1.5433475,0.48817372,0.14401643,3.500724,3.1604853,-0.7484399,1.5089271,7.159114,-0.2514027,-3.3061495,-1.1899073,0.053976316,-2.8707137,-0.25960684,47.369553,-1.2051828,-1.200564,-0.14036205,-5.9307957,-0.01865655,-1.0119565,-2.4533455,1.6464801,1.2407539,13.77256,-2.526691,-0.15830703,709.1937,1,23.3,1.0,100.0
0.5972963,4.249762,1.8483217,-0.42080966,-1.5827264,6.736627,-0.09617642,0.8392055,-2.2842567,-1.7051483,1.0974485,-1.8193517,2.7322686,0.84115183,-0.35847864,-0.39406818,-1.223565,-2.639241,-0.668644,0.18317181,-0.02629896,3.3340788,4.4472528,0.04685281,0.42420733,-2.2437475,-0.98257536,-1.250619,0.92270654,-2.5928695,-2.7108204,-0.1537706,98.79239,-1.1656127,-0.57874125,0.47970206,4.292468,0.14801642,-0.5554797,-4.644041,0.45500273,-9.944716,-4.80705,-4.1902685,0.62092865,188.7125,1,6.2,1.0,31.3
2.5842366,7.04027,1.6435175,-0.4712662,-0.86652446,-1.5850052,0.27478,-1.7044803,-2.707017,-1.2154962,0.19300172,-0.48264596,5.1505733,0.26545802,0.22354233,1.1419542,-0.85972404,0.34350803,0.3110755,0.2898976,0.6761591,1.5332966,7.342528,0.46268675,0.36700776,-2.1780725,0.2048253,-0.44274947,-0.021487573,0.4415647,0.6453369,0.6542505,64.48908,-0.35185683,0.18581887,0.14197332,7.836393,0.88921326,-1.1880541,-3.7014613,1.8776113,-5.5029354,-3.0157304,-0.4019941,0.08231127,173.49374,1,5.7,1.0,68.6
-0.17073588,2.7358823,-0.021019183,0.05462352,-2.0656087,-0.8360163,-0.059621736,0.10936826,-1.3228754,-0.5206992,1.2884516,-3.4415872,-3.0966468,0.02086762,0.12181599,0.66132444,-0.63868135,4.0847406,1.8197843,-0.50521445,-0.59377235,-2.8367045,-9.826375,-0.26455832,0.094591714,-1.2338938,-0.020524979,-2.7972887,-2.0712526,1.8811866,1.3450639,0.43100685,-6.391693,-0.043228846,-0.68819964,1.1175864,2.9202163,0.020151548,-0.6495345,-3.440574,-0.27631846,-1.4525967,-5.0163393,2.0500617,0.20487945,931.3875,1,30.6,1.0,100.0
0.664704,6.502995,1.0775708,0.3658698,1.5513945,0.3851982,-0.11142446,-0.2151481,-0.34601316,0.63325393,0.50045806,0.49994114,1.058244,0.15313667,0.21027689,2.2288096,-0.77098125,2.0346134,1.788019,-0.6838698,0.5308655,6.4702435,-0.40772206,-1.1751415,1.3314286,-15.816523,-0.8903376,-3.2300637,-2.3712153,1.5289106,1.442082,-0.28334743,-56.528862,0.6028448,1.0095904,-0.06530145,4.4911613,-0.17215545,0.30764064,-1.5544969,0.90008897,1.0402176,-0.11996654,4.831784,-0.61627316,383.5125,1,12.6,1.0,66.8
-0.047497705,-10.994887,-2.1386907,0.89338803,2.8422034,-4.692078,-0.66238284,2.0694532,0.4149591,-1.4087528,-2.0452883,1.6733079,4.483151,0.06237488,0.39814356,-1.0561602,0.34827876,2.7852845,1.6916902,-0.5542112,0.60315937,5.499383,8.226465,0.4368196,-1.3315122,-7.9729767,0.18532796,3.4958868,-0.5095043,3.2058074,-1.2661569,0.593454,-4.5332227,0.8924509,-0.06274078,-1.0222497,-0.99315786,0.650066,-0.30303675,0.6519696,1.5445912,-1.8403813,-8.411409,3.383764,-0.023553103,368.29376,1,12.1,1.0,100.0
-1.9868081,4.4861684,0.44014195,-0.020071303,-2.3477802,5.4362698,0.6532186,-1.0601283,-1.5760576,-1.1394604,-1.121715,-0.7722926,-4.594566,-0.55641574,0.12779139,-0.6232613,-1.1203679,-6.056914,-0.30121657,-0.47094497,0.13402684,2.0445533,6.4206324,0.65706706,-0.13190433,4.428317,0.04829962,0.7364816,0.45316884,-0.36398444,1.3202386,-0.2779249,-52.8552,-0.0425641,-0.52113813,0.56509507,0.5038589,0.24909103,-1.2258008,-3.6439917,-0.6772892,4.6873026,1.854531,1.9775501,0.10529411,1214.4563,0,100.0,0.0,39.9
-0.24202888,5.531337,0.38613036,0.43385532,2.3988726,0.6108833,-0.4763538,1.295053,2.157961,1.1944065,-0.24719222,0.029686267,1.35414,0.5450839,-0.11218836,-0.011714981,0.6963585,-0.04694777,-0.32173935,-0.4337523,-1.2244583,-0.18505892,19.943972,0.57270557,-0.63323784,-7.4453335,0.032941636,3.2207305,0.22184223,0.60708433,-2.188384,-0.29156822,-26.217129,1.0996109,0.56484723,0.35085562,3.271917,0.5477123,0.11226704,4.4877286,0.39476246,2.88187,0.51187223,-3.950416,0.6621571,870.5125,1,28.6,1.0,100.0
2.6705592,4.699526,-0.39132708,0.49383652,3.2354755,2.052321,0.49018,-0.73535943,-0.45796287,-0.8664387,0.73647904,-3.240529,0.034517154,0.7709713,-0.36353633,0.5395977,-1.1775674,-3.123685,-0.87058085,0.5345977,0.68430954,-1.8493388,-7.9039435,0.10032977,0.33485138,-2.772818,-0.026930954,-1.0211872,-1.6662376,2.209121,0.22342256,0.32424316,58.06156,-0.01136117,0.87289065,-0.1676118,-0.6244116,0.06072866,0.8721484,3.6394517,-1.4774693,0.5206926,-1.4024545,-1.9838094,-0.10015031,1491.4375,1,49.0,1.0,90.4
0.7300941,-7.3668394,-0.04054318,-0.51211095,-0.3095818,4.3507924,0.2819805,0.83385915,-1.2349803,-1.3856606,-1.0948316,1.7360086,0.9977998,-0.18429463,0.25491464,1.0160769,-0.56996125,-3.5645134,-1.8834614,0.5468758,0.017855242,0.9219028,15.882681,0.07344075,1.5913789,5.9790606,0.46002194,1.5546573,2.5595362,-1.9301846,-0.14415024,0.1327915,55.94712,-0.051906135,0.7451329,0.07952933,5.640492,0.011726673,-0.011477098,-2.8905396,2.3271384,-8.989557,-10.079729,-1.005572,0.51067466,1652.7562,0,72.1,1.0,54.3
3.3671296,3.2579386,-1.7334453,0.7086667,1.984059,5.3556886,0.86420643,-2.4430578,-3.9004102,-1.6999109,-0.124210246,0.29181418,2.4878526,-0.37927854,0.2730846,-0.19431823,-0.35875463,-4.2938056,-1.1586652,0.33821547,-0.63890356,1.4839091,-5.076341,0.12242609,-1.6624148,-12.59159,-0.018992994,0.5956613,1.1690632,-2.9343586,-2.3745906,-0.38634154,15.354631,-0.39675143,0.06640299,-0.68892246,-6.953151,-0.26421297,-0.57341534,-3.2633624,-0.56802577,3.9921322,-2.7226074,3.601246,-0.58062506,12.175,1,0.4,1.0,100.0
-0.063325725,2.3519888,-0.1324797,0.3988128,1.4295459,-0.54101825,0.7745121,-0.6503745,-0.27245864,-0.12960953,-0.6292139,-1.8198853,0.2948202,0.7378556,-0.5169387,-1.882996,0.4944457,0.54986477,-0.2610037,0.07698628,1.3481001,3.8692,-3.1348448,-0.60297644,1.3959554,-3.599043,-0.37150392,-2.362682,-2.0660086,2.6810725,-0.90280163,-0.39962924,-33.860054,0.17249362,-0.5517105,0.82419753,2.9048414,0.12296158,0.42233157,4.282757,-0.16170713,1.8917437,3.5405512,2.496074,-0.37837785,3043.75,0,100.0,0.0,100.0
-0.38488814,4.3811293,-1.2843539,1.0472118,3.3630114,-0.50159633,-0.7920555,1.0651556,-1.0032065,-1.3058913,0.6463934,-1.0940188,1.7466769,0.5638532,-0.2881739,-0.11764712,0.20328438,4.1084,1.2876437,-0.4808724,-0.6330001,-0.5086485,5.932913,0.023786621,0.8050824,10.691244,0.6150446,-2.43423,-2.796447,3.25749,-0.6599178,-0.27207065,43.556137,0.123765625,0.6146929,0.17399374,1.6155103,0.28114995,-0.6181898,-1.0312431,-1.7418777,-1.2560368,-5.7821345,-1.228192,0.10844528,639.1875,0,31.2,1.0,21.0
1.3360295,1.4502319,-0.9141441,0.445267,2.8768358,-5.0820675,-0.28676486,0.121838465,2.0539715,1.8032335,-1.9115363,3.0751507,0.06250671,-0.7096941,0.25717598,-3.4261377,0.05928584,-4.04561,0.23338203,-0.3872145,0.33613187,-3.9088166,-19.926449,0.29201567,-1.4264729,0.76182544,-1.4069252,-2.337831,-0.47373298,0.55435,-0.19307111,0.015964653,1.3742533,0.38043243,-0.68923676,-0.3370362,5.3023877,0.17354701,0.38854337,1.669589,-0.56553555,5.688135,15.527402,-6.08858,0.6677232,465.69376,1,15.3,1.0,48.6
-1.3350729,-2.530582,0.86587834,-0.6698328,-0.9997106,0.45036608,-0.30284446,1.6536299,0.87029904,-0.7832873,-0.3735728,-1.2041473,-1.7337513,0.17402984,-0.45523456,2.8670936,-1.3457099,-0.5739406,0.13934822,0.13832758,0.21775983,-6.2752457,-3.7231507,0.03504,0.8583345,-0.40178698,-1.283508,-2.5904484,-1.8847162,3.0766091,1.8390114,0.5250569,60.743046,-1.2212027,-0.5497897,0.8977815,3.9384212,0.05941543,-0.18136474,0.099212304,-0.6076396,-7.333888,-0.025056897,-4.1191535,0.23783071,2355.8625,0,100.0,0.0,77.4
-1.4334524,-8.349484,-0.13122919,-1.1393453,-4.100842,-4.4769287,-0.48987478,1.2193606,-0.7335741,-1.0758691,-1.3940613,-0.6321583,-5.871688,-0.19664323,-0.055353187,-1.0627943,0.04752455,-0.6193449,-0.3924289,0.17661506,-0.18931048,5.3740273,1.8997511,0.022733478,-1.604117,-6.3903737,0.2555163,2.6750484,2.1540537,-1.1619103,1.2260058,0.16774668,76.64876,-1.5822403,-0.8387725,-0.83322924,-3.2253537,0.060371745,-1.2113322,-5.042977,-1.107457,-3.2057934,-13.3952,3.5405746,-0.116248205,237.4125,1,7.8,1.0,66.6
0.6622207,0.28887388,0.080206946,0.4406584,1.9967397,-0.7245064,-0.53823274,1.6177591,-1.0225383,-1.7198335,-0.6803895,0.87639517,-1.0034022,-0.31162098,0.3675958,-3.2685292,0.7165948,-2.6283126,-0.08810603,-0.36150515,-1.1526858,-8.427687,-1.4895728,0.34209278,0.626134,14.60894,0.71782535,2.0389988,-0.19873518,3.0255833,-0.75515383,-0.106895916,27.880964,0.24509178,0.080172196,-0.30761427,-5.126337,0.09724267,-0.6585989,-1.5187773,-0.20965989,-9.190569,-12.558293,0.09241186,0.32830068,429.16876,1,14.1,1.0,100.0
-0.0008535075,2.0995984,-0.815002,-0.3364968,-2.0590768,-3.3734734,-0.17135933,0.7000788,-0.824743,-1.07276,0.59056586,-2.4283705,-2.4313757,0.1773867,-0.33493668,0.14187624,1.1301103,4.03727,1.1299307,-0.24368365,-0.94350725,-1.0873516,-4.5606575,-0.4708102,-0.03179547,8.044153,0.54472554,0.8960816,0.93391657,-1.8011507,-0.60247046,-0.041771706,-88.64701,1.4059855,0.8201905,0.30574188,1.4993727,0.88078463,-0.5732966,0.6815296,-0.43266502,5.3772497,-0.722791,2.5200486,0.05470856,1753.2,0,100.0,0.0,57.6
0.04822196,-1.626291,0.61783373,0.6089279,3.93429,0.907293,-0.7680231,1.2965065,0.10355048,-0.9406686,0.24947016,2.6879086,4.9069185,0.35333928,-0.1717927,-0.041598316,1.1675191,-2.0202358,-0.443785,-0.37101668,-0.2345907,-1.0296723,5.876897,0.82762736,-0.91885084,10.672924,0.12892076,-0.25123295,1.5334364,-1.8536559,-0.40893131,0.524818,-48.1806,0.81081134,-0.17007816,0.5879582,-0.42231724,0.21773466,0.23175636,4.820653,2.0879369,-0.2654082,4.389319,4.393081,-0.6257315,1591.8812,1,52.3,1.0,100.0
-2.2522674,-1.432567,-0.20753977,0.63730216,0.25714245,1.146961,0.2967693,-0.004661064,0.11197153,0.6497097,0.3641975,2.0159037,5.907339,0.019057708,0.29461476,-0.6118507,-0.58517957,-2.9743419,-1.4757926,0.6088344,-0.3726363,5.504017,11.992736,0.10250649,-0.60090095,-0.13423236,0.87063223,3.771489,-0.22918381,2.131086,2.5349827,0.1072628,-92.911514,1.401465,1.1262593,0.47954386,4.902484,-0.16082345,1.1915603,3.3848245,-0.039044764,-1.762657,3.8745964,-2.7421393,0.5166741,3043.75,0,100.0,0.0,100.0
0.14213176,3.4492362,-0.4461344,0.6333954,0.33007732,-1.3646172,0.53492224,0.3838527,1.2944537,-0.082997374,0.31982133,-3.4361312,-0.5137947,-0.20403619,0.5720288,-0.077252194,-1.0904765,-5.9008555,-0.82346654,-0.07621616,-0.20159435,0.43481857,14.027373,-0.5274266,1.691333,-2.5367715,-0.7101787,-2.4418788,0.56152344,-1.764407,1.914229,0.4500739,2.0316334,-0.40362915,-0.40890348,0.18012695,-0.87442815,-0.068495,-0.4151935,-4.2866178,0.053191815,-10.188241,-9.160623,0.55969304,-0.051684894,870.5125,1,28.6,1.0,100.0
-1.2670033,2.7516,0.5827943,-0.4916334,-2.393278,3.1351292,0.096798345,-0.7873211,-1.5506046,-0.48497123,-0.8181811,0.7182482,4.2442636,0.8080417,-0.5352447,-0.7935002,-0.13055848,-2.2087262,-1.050101,0.10917066,-0.8841632,-1.9236277,10.819073,0.23337491,0.75672007,-6.5924377,-0.4216831,-0.34589437,0.545359,-1.0601623,-0.37488988,0.83427775,113.08553,-0.028514069,0.70823383,1.2056165,6.23041,0.5673614,-0.045799073,1.1278455,-0.044008005,3.4508853,-0.41646168,0.2700102,0.16156536,791.375,1,26.0,1.0,100.0
0.6782166,-1.5762811,-2.1207898,0.8077608,3.1463892,7.685923,0.5756707,-0.645168,0.31033248,1.3335321,-0.86503994,0.032877587,-6.4079156,-0.6438994,0.15039954,2.2827682,-1.1408479,-0.33140674,-0.29236943,0.53367,-0.3796129,-6.5967736,-17.1426,-0.6618331,1.2849568,-4.183248,1.0916327,0.9914425,-0.7550408,-0.088719554,1.8440514,0.4020529,13.578726,-0.09899208,-0.5263529,-0.7089502,-3.586021,0.10998466,-0.30479914,2.6626809,0.31738994,-4.494347,-0.60990477,-1.4847784,0.39731166,1357.5125,1,44.6,1.0,100.0
-3.2131445,-8.345697,0.43447047,-0.358825,0.4842818,3.3400793,0.76512897,-0.268712,1.1618384,0.32171932,1.4104667,1.2341939,3.678579,0.09274723,0.03171218,-0.010972937,-0.4057272,0.42923668,-0.20003864,0.10132017,0.7163967,1.5994173,-4.8635025,-0.43996817,-0.0112018855,-9.400964,-0.89737725,-0.14308462,1.1416868,-0.7057825,1.5799694,-0.43361834,-26.805262,-0.9628775,-0.5369455,0.21384923,6.463453,0.2583261,0.5037201,3.9323301,-0.041148875,-8.363913,-2.2592955,-1.357434,0.00750454,697.01874,1,22.9,1.0,100.0
0.30179077,-10.709039,-2.488831,0.31927928,-1.7860999,0.49489993,0.47319052,0.22900213,-1.9328005,-1.561451,-1.2054728,0.96483743,-1.31058,0.24546523,-0.22575426,-0.24505982,1.3105174,3.7415774,-0.3637776,0.64667827,0.7892606,0.99047875,3.4719255,0.78103423,-1.0527749,-4.7849417,0.6854339,-0.4452012,-0.7543074,-1.8069994,-0.17808592,-0.47346076,-17.840923,-0.0032163742,-0.18089883,-0.27967608,4.780845,0.38779718,-0.56867415,-4.3215785,-0.04685739,-2.0925891,-3.1001449,1.092237,0.20476304,477.86874,1,15.7,1.0,100.0
3.0255601,12.546451,0.9129728,-0.0019450136,-1.1020609,1.8642057,-0.18834582,0.26442158,-2.474846,-1.0065473,-0.2069189,-0.8099258,-6.5211935,-0.539904,0.20870157,0.7596499,0.40513688,3.1199338,0.8470264,0.032940317,0.71769917,7.0265107,3.818616,0.3453423,-1.8353356,8.379726,1.5958984,1.8213074,0.4932075,-1.6712731,1.3199134,0.24980941,-29.673218,-0.52798295,-0.5313384,0.21406645,-1.9538308,0.4248146,-0.9749502,-2.32328,0.9449916,-3.9426322,-4.622212,-0.43739614,-0.10754507,389.6,1,12.8,1.0,100.0
-1.274477,-2.9338741,-0.14345266,0.24781808,0.58874,-1.8283808,-0.009986608,0.4514253,-0.5899271,-1.8077312,2.4003856,-0.29093993,0.022956831,0.06570855,-0.2604324,2.3023915,-1.0900037,-2.681151,0.09139823,-0.31486446,-0.6997861,0.16750902,11.417892,0.6035691,-1.4050256,1.961531,-0.34911937,-2.8122172,-1.8911728,0.6989883,2.639762,0.76233745,-6.1208096,0.99517715,0.543729,-0.1626325,-8.846683,-0.2734076,-0.7645462,-3.3593206,1.6527455,-5.9687443,-10.706198,1.778542,0.17404486,3043.75,0,100.0,0.0,100.0
-2.5250242,0.23179229,2.6351733,-0.36427066,1.7873218,2.3336673,-0.56898546,1.535401,1.4759989,0.4457069,-1.9801904,1.7295212,-1.1830295,-0.47194612,0.14042214,-0.0016406613,-0.8406113,-0.22671719,-0.4018214,0.36591887,-0.39688545,0.20348564,14.869679,-0.55718994,1.6946708,-5.852662,-0.3013857,-1.1878754,-1.9489611,1.6264316,-2.9727504,-0.448906,40.867813,-0.10056305,0.515672,0.017690958,-7.013743,-0.014439604,-0.5176727,-0.47820306,-0.28509587,-5.8825555,-15.659139,4.026986,-0.22206919,977.0437,0,100.0,0.0,32.1
3.259195,8.501034,1.7288258,-0.76128095,-1.9778674,1.4525251,-0.6555258,0.27101675,-0.63775235,-0.24054942,1.0351461,-1.3704618,0.6800704,0.663474,-0.26113725,-2.2522857,0.9756709,-1.787236,-1.5541435,0.564619,0.40231055,4.005815,-0.98832077,-0.077946424,-0.59616244,-8.157304,-0.80495304,-2.463721,0.7917563,-1.6976607,-1.2006253,-0.8391122,-14.307728,-0.09515955,0.5246015,-0.93234396,-1.5404975,0.2117622,-0.3136304,-1.8795444,-0.4565447,3.0169,-2.7550452,1.5695006,-0.19326717,900.95,1,29.6,1.0,100.0
1.3734566,13.826373,2.3587887,-0.27868873,0.78853226,-2.4210508,0.041433617,0.63507324,2.4741256,1.2204207,1.7184848,-0.9287675,1.5774319,0.3477252,-0.32220277,-0.8667973,0.5729275,-0.6776986,-0.32557887,-0.039900642,-0.09205245,-2.0592587,-7.56142,-0.22433622,0.52694905,1.193509,-0.11500325,-0.49437726,-0.16019945,-2.5380697,-1.0988858,-0.09826398,-17.41771,0.19756453,-0.61064535,-0.43084645,6.0739794,0.088768676,0.07260698,-3.3862453,1.2027981,-2.9490187,6.8094587,-3.1158597,0.31044605,216.10625,1,7.1,1.0,100.0
-0.41830933,6.456385,-0.7930736,0.4730798,-0.9207068,-0.32085314,-0.35410872,-1.5406926,-2.9870207,-1.0334526,-0.43107492,0.6673405,-3.4674888,0.003108903,-0.42187583,2.2791967,-1.4948263,0.32933012,-0.14503567,0.5310251,-0.4593695,1.1881942,-5.538851,-0.74767286,0.89689785,0.18260159,-0.67938215,0.036125556,-1.2722076,2.380853,-0.08980539,-0.35243252,61.46404,-0.43727687,0.5582251,-0.5053531,-2.068521,-0.20379499,0.026381971,-3.4957492,1.0933156,-2.0747986,3.5887766,-3.071772,0.41085616,645.275,0,48.4,1.0,21.2
2.1967561,3.368276,-1.5742857,0.30159923,-0.2612961,-4.0309477,-0.1133617,-1.5877324,0.278461,1.5705899,-0.8619242,-3.1816828,-4.967829,-0.29023042,0.15672943,-2.2066374,-0.46646747,-5.820584,-1.7212526,0.49044144,0.18560688,-1.0526938,7.6151056,0.019904291,0.40849054,14.138338,1.1457872,2.8184574,-0.404053,3.3619742,-1.4881353,-1.0016953,-81.36365,0.34754962,0.2083067,0.8373826,5.2882934,0.91433334,-0.6475545,0.44590542,-0.1974839,-1.4523864,-13.789414,2.14023,0.12865582,310.4625,0,19.8,1.0,10.2
0.21261266,0.9623863,1.071027,0.48480862,2.2082353,-7.6206827,-0.5429316,-0.6043531,1.0058973,1.545264,-0.5415678,-0.23890916,-2.6360607,-0.3531332,0.35820273,0.14262596,0.9719797,3.9293036,-0.39883652,0.5291979,0.36271474,4.705051,2.6972566,0.016149893,-0.49802196,0.1712992,-1.3406055,-2.475447,-1.4221479,1.7262967,-0.79431903,0.30522665,55.34984,-0.85883135,-1.0708358,0.29193097,2.6164148,0.55189043,-1.1810652,-3.314198,1.532158,-2.1302388,9.828367,0.26764876,-0.4790593,663.5375,1,21.8,1.0,28.6
-3.8149757,-13.600111,-0.8538464,-0.7036834,-2.7629776,-1.2752237,-0.9414683,0.77026784,-0.54313606,-0.44347754,3.728229,-0.26359943,0.45685375,-0.67084664,0.3647321,-0.28385937,-1.0755935,0.9725783,1.1666287,-0.09763525,0.09872913,0.58069813,-14.854601,0.05974643,-0.8521189,-7.0989404,-0.09303391,4.42983,-0.059745982,3.1911826,-0.19871594,0.6304781,13.856067,-0.36007532,-1.1900535,0.82559574,6.123144,0.12703432,-0.44570363,-4.654785,-1.9679257,5.267452,-6.128742,4.4725904,-0.48745364,70.00625,1,2.3,1.0,100.0
-0.13451299,10.169134,1.5420077,-0.36183184,-2.14147,0.3757689,0.45290998,-0.9100644,-0.83160126,0.02080026,2.8861334,0.86979395,3.1163304,-0.5417101,0.50335836,-0.3302151,-0.51505095,-2.446835,-0.964083,0.66243887,-0.44229394,-2.7414508,-5.435276,-0.29601792,0.5325387,9.749455,0.57737625,0.5335648,-0.926022,0.850226,-1.7190818,0.086712904,95.77627,0.10508276,0.87119603,-0.05291895,-2.8798563,-0.61398274,0.1527437,-3.6258552,-2.0942473,5.688636,-4.7287784,5.629512,-0.53964996,115.6625,1,3.8,1.0,100.0
0.28886214,-11.208784,-1.6352986,0.66110224,3.2631419,1.2362968,0.13286465,-1.3204186,-0.5578046,-0.02119854,1.6565684,-0.024802193,2.6106303,-0.092921816,-0.07431076,0.074462175,-0.11919353,-1.2885069,-0.5306752,0.2845853,-0.011670389,-0.42382658,-12.285705,-0.1225633,-0.74338126,-16.416548,-0.23202357,3.1073575,2.053535,-2.6436048,0.1145548,0.18930742,57.666534,-1.339786,-0.92968494,-0.72345406,-6.516593,-0.19651203,-0.3772197,-0.8412051,1.1481453,-10.243909,-3.325468,-2.2259464,0.15967141,1585.7937,1,52.1,1.0,71.0
-2.5909646,-6.6803217,-1.4947712,0.25850308,-1.1954939,-4.813233,0.01399282,-1.7539523,-0.07924731,0.67696893,1.3966144,-2.5594254,-4.5392065,-0.8813376,0.5414673,-1.1985174,0.50386685,1.67081,-0.2374303,0.69309443,0.32769963,-2.0338964,-1.4708557,0.6252484,-1.2963736,2.9900389,-0.21788935,-0.5609974,-0.3643188,2.94538,-0.48694837,0.47325665,13.610346,0.05000036,-0.15111108,-0.72305423,-1.8850533,0.16632378,0.14713915,2.3863864,1.1558347,-5.983844,-4.2337375,1.0703636,-0.5319566,380.46875,1,12.5,1.0,28.5
-3.0270486,-3.2380908,-0.51721925,0.88927174,3.1476717,0.11961354,-0.23289791,0.14251854,2.5251203,1.4740679,-0.42739862,-0.20804875,-2.5939798,0.22030707,-0.34303886,0.32510445,-0.73399055,-2.4722111,1.2114366,-0.6507445,-0.29435095,-7.410318,-8.769069,-0.40319264,1.3900493,3.8898456,1.5040069,1.6719755,0.7962498,-2.058644,-1.506157,-0.17305236,-59.4849,0.90548515,0.2479531,0.7401593,-1.4197515,-0.3147169,-0.22416267,-2.5048642,0.42474926,-5.346647,-6.4612255,1.1249077,-0.2252664,821.8125,1,27.0,1.0,100.0
-0.53671014,-9.132592,-1.3737962,-0.33807203,-2.3443623,-4.752087,-1.0084006,1.547956,0.03872155,-0.40185297,0.22187166,1.7688673,-0.030046616,-0.7728354,0.39483604,0.89675105,-0.66917795,3.1115804,0.8215426,-0.0636273,-0.28827554,-5.5348268,-16.843678,-0.004872604,-1.5466486,-3.7951934,-0.017543046,-0.62950146,-1.3385938,2.6571083,0.60741335,0.2676082,22.434263,-0.59232676,0.07317029,1.5562184,5.40107,0.247636,0.10681724,2.388235,1.1886183,-0.4224207,5.0841236,0.38721403,-0.38144746,517.4375,1,17.0,1.0,20.8
1.3785353,-6.3645916,-1.1723828,0.38835594,2.874974,-1.7208278,-0.6585066,-0.72772455,-2.6546354,-0.82631797,0.7055059,0.14765282,0.46322453,0.0139360195,0.3373169,0.51042384,-0.030982573,1.6847469,0.3994742,-0.06682034,-0.03044542,7.080807,22.311756,1.0260928,-1.1400328,-6.3980803,-0.32841006,-0.94581217,1.4643638,-2.9078202,1.9691584,-0.23055568,5.264886,-0.0093998145,0.95343,-0.47802153,5.818702,-0.017292218,1.283076,4.3687253,1.5820655,3.2412534,1.0285928,5.220037,-0.6426862,1518.8313,0,100.0,0.0,49.9
0.98288804,-1.2135034,-2.121505,0.7113878,1.7559834,4.2070737,0.15318081,1.663414,3.302853,1.7398103,0.28455827,-2.1314962,-5.6071086,-0.39782476,0.13460374,-0.7687086,0.19824235,-4.5893445,-0.43268815,-0.19986789,-0.7410985,-7.1583424,-8.93097,-0.26803014,0.8752464,-1.1066687,0.34187266,0.9432608,-1.3323554,1.3492585,2.3390226,0.17964277,8.570855,-0.13882726,0.06960909,0.76840496,2.1703162,-0.1137227,0.88703597,4.599934,0.038090844,-5.0692697,2.3993878,-2.2707758,0.16126804,1701.4563,0,100.0,0.0,55.9
1.0269402,-4.968575,-1.1682442,0.27780947,-0.53641164,-1.2088333,0.4974923,-1.1529263,2.0835204,1.8304656,1.4028566,0.3026629,5.7350636,0.7508125,-0.49242482,-0.5347527,0.2335643,3.4307463,0.09108953,0.1843554,0.5984432,6.423944,5.160976,0.2299231,-0.9460736,11.078052,0.8396967,3.435132,2.8465023,-2.466526,1.5563182,0.12896587,-9.529758,-0.24454358,-0.32195315,0.4859124,-1.0758584,-0.17117618,0.48437575,1.1860336,-0.5650776,1.1449025,-12.187346,0.042152163,0.53574264,2200.6313,0,100.0,0.0,72.3
0.99561113,-2.4666336,-1.840117,0.7635949,1.9149554,6.504405,1.0923188,-1.4032707,-0.5360037,-0.063139096,0.93243575,0.49574164,-1.4611056,-0.120297715,-0.04954245,1.5830101,0.024278313,1.3583403,0.8153251,-0.7052018,-1.0452907,-3.364816,0.19353834,-0.015304468,0.41176265,-2.7921786,-0.4011457,-0.18957835,-1.5571676,2.9464962,-0.8307121,-0.5718521,-102.14982,0.036002092,-0.5522225,0.71805435,3.0086107,-0.2390047,-0.06846354,-4.73079,0.72834647,3.712395,14.634077,0.018749204,-0.59017867,992.26245,1,32.6,1.0,100.0
0.1323835,6.24084,0.16593315,-0.63043004,-3.4078913,-5.1270084,-0.60958916,-0.28578275,-1.0833414,-0.080648966,2.4751332,0.2209925,1.322395,-0.39931843,0.363122,1.4290823,-1.5004464,-2.8552985,-1.1318766,0.53780156,-0.5305933,2.166356,15.644588,0.8406218,-1.7039945,-0.27517152,1.3905004,4.199713,1.4092442,-0.663462,-1.0176077,-0.41406724,-22.535046,-0.32604477,-0.8169284,1.5703063,8.859444,0.42678118,0.693212,4.5801997,2.3824666,-7.972079,-5.7285094,-2.015939,0.47533855,1308.8125,0,100.0,0.0,43.0
1.4268861,-8.137195,-2.1393363,-0.032379057,-2.5058966,-0.8573298,-0.041471988,-0.5009479,0.50050217,0.16488303,1.9910147,1.6229805,5.442873,0.31154022,-0.118719004,-0.9074907,-0.1474906,-1.5938028,-0.32609278,-0.25351393,0.65121585,-2.3738613,-16.627056,-0.6719484,1.4776328,14.398413,0.7265926,-0.7989512,-1.6085166,2.7581365,0.08380251,-0.3679582,-27.252142,-0.6307563,-0.6056668,0.79284805,6.567028,0.28044173,0.7584114,4.7588696,1.4749696,-1.1887571,4.3769073,-5.003691,0.6186903,2176.2812,1,71.5,1.0,100.0
0.031353716,-5.553604,-0.030644136,-0.9287791,-1.9933757,1.9476687,0.05922652,-0.14485355,-0.38919693,1.1347709,0.650319,0.11966015,0.036810115,-0.2071188,0.49047428,-0.69328266,0.11488522,-2.5425184,-0.1276009,-0.46599475,-0.30119947,-1.9156212,-12.127651,0.49242753,-1.4763765,5.8681455,-0.50215775,-0.75360054,0.35983038,1.5692025,0.18622123,0.9286989,80.42928,-1.1314449,-1.1551393,-4.8124024e-05,0.9327698,-0.60496414,0.26449716,-2.1553535,-0.32675794,5.344016,1.902537,3.3284633,-0.622987,130.88126,1,4.3,1.0,100.0
0.5560996,1.0008547,-0.9791478,-0.18188848,-1.4869288,2.6273377,0.12309635,-0.91721636,0.12965637,0.9254306,-2.6045666,2.9317162,2.5366087,-0.03323136,0.17365633,0.32294858,0.5145654,-0.5597619,0.20821773,-0.21349819,-0.027748886,0.1429522,-2.272802,0.221475,-1.1252928,-4.9527526,0.20223056,3.7823277,0.34609446,2.2443597,-1.3728725,-0.42157444,-47.675606,-0.7884576,-0.8893328,0.26574317,0.63851297,0.13164558,0.3122041,2.774567,-0.1361075,-1.384127,5.038466,-4.6437454,0.670009,2346.7312,1,77.1,1.0,100.0
-0.9170455,-2.764431,0.33816114,-0.091136955,-0.4647677,-0.23601542,-0.240297,2.1315725,1.850784,-0.122551635,2.4505446,-2.5358934,-0.60466194,0.36062324,-0.10657243,-0.5874877,-1.2825844,-3.3487449,0.10884547,-0.28425488,0.11849303,4.9860616,-8.219771,-0.9749327,0.8293761,7.9552245,-0.12086041,-3.3907492,-1.7061985,1.4541762,-2.7937331,-0.043065205,6.253514,0.6200973,-0.051790126,0.14258312,-0.3969654,-0.49080008,0.71727747,0.6919686,0.05483952,4.021555,6.0451264,-3.2180727,0.27217555,243.5,1,8.0,1.0,63.6
-1.100724,-7.2043705,-1.0461308,-0.052047975,0.3583521,2.6348567,-0.28169623,1.3345318,2.3815465,0.75947493,-0.47293296,2.2774553,-1.0120394,-0.44061416,0.14711976,-2.1549478,1.2387952,-0.71360904,-0.5758263,0.00014744679,-0.9239617,1.326634,8.543693,0.5976032,-1.749617,-5.500785,-0.15466325,-0.17506368,-0.35233137,0.66473114,-0.96039325,-0.84454226,3.6156852,-0.3170083,0.3984062,-0.7200289,-1.0464145,0.65214396,-0.7168325,0.08426689,-1.101109,-2.9300995,-7.8370123,-1.830885,0.62786126,617.8812,0,100.0,0.0,20.3
-1.5682163,5.4308467,-0.1282723,1.0053173,3.182894,2.2478518,-0.17095684,1.9188786,1.567759,-0.16513556,2.376821,-1.0455359,-1.9573113,-0.7266539,0.5536664,0.085990675,-0.28066644,0.10162674,1.5498832,-0.57302856,-0.15890993,3.1862104,15.408025,0.10233834,0.8449755,4.065934,0.31629264,-1.4803174,-0.17567754,-0.18534788,0.083053075,0.27794915,1.7927134,0.85381705,1.0267334,0.7604986,6.0473804,-0.24376526,0.3179054,-1.8911878,1.3432606,-2.6598744,4.2365994,-3.518861,0.36815345,949.65,1,31.2,1.0,31.3
-3.8662536,-3.3236012,1.0744292,0.4983997,4.2332463,-1.4456952,-0.5861066,-1.1923821,-3.8895423,-1.528783,-3.882693,0.114211194,-5.038961,-0.4503244,0.27410278,1.5895787,0.7909115,0.20674479,-0.89916444,-0.06512217,0.78236985,-2.2580953,-7.64614,0.2122207,-0.20929183,15.949449,0.96039593,-1.7158293,-1.3367049,-0.04451242,0.93578357,-0.31700253,15.1053915,-1.2200314,-0.4778453,-0.4839115,0.21931502,-0.46835512,-0.09798365,-4.884953,0.3868088,0.45902807,3.254563,-0.75574815,-0.40913162,413.95,1,13.6,1.0,100.0
0.23568487,3.33629,0.76774615,0.023028957,1.2340018,-2.804664,0.13771918,0.106338456,1.2326897,0.22061256,-2.3222995,1.9962307,2.0983667,-0.26884127,0.2663025,0.11839308,-1.5572,-0.71054506,1.6812203,-0.58579195,0.2272303,-5.2475357,-18.491232,-0.5454708,0.8141581,-7.3814387,-0.024626601,2.814955,0.057210267,2.2344604,-0.29310825,-0.5762242,26.320885,-0.12267335,0.6050587,-0.87239873,-4.262853,-0.6143852,0.63507974,1.0000721,0.8287711,-0.1510588,4.9277396,0.1136842,0.14632918,2711.9812,1,89.1,1.0,100.0
-0.01612603,-4.2736692,0.9371797,-0.38177067,-0.2788284,-1.9005984,-0.103456676,0.26357827,3.1256192,0.93550724,2.8914723,-3.8022413,-6.672591,-0.27094156,-0.073197894,-0.8676296,0.043327216,-0.26207298,-0.85754704,0.6373603,0.087850295,-7.3235135,-8.636654,-0.15595706,0.92225933,6.338272,1.1562791,1.4437876,-0.9020109,1.7704253,0.06006285,-0.06245475,104.823715,-1.4599231,-0.73948383,0.8245806,1.6302536,-0.017402444,-0.13703236,-2.6927736,0.9000077,-8.08723,-3.0519755,-3.6004188,0.30741206,158.275,0,100.0,0.0,5.2
-0.61219174,-5.526846,-0.090629704,-0.6379834,-3.0531986,-0.7020928,1.00179,-0.8840796,-0.96473986,-1.3960447,2.7457051,-3.74872,-1.8897994,0.060675696,0.1420356,-1.6527855,1.0115706,-1.1997744,-0.5054618,-0.05677676,0.07239358,1.4295301,-1.0617381,-0.21850449,0.086810336,11.332811,0.18197569,0.016158758,-0.50279003,1.9726019,1.115928,-0.13582784,-72.75456,-0.457227,-1.0435067,-0.16196455,4.4929786,0.1541492,-0.2709229,-3.239921,0.9228807,-2.1040602,0.91847616,2.1841507,-0.20507918,483.95624,1,15.9,1.0,29.1
3.7900236,6.471772,1.506767,-0.5120605,0.79162157,-0.028073302,0.42517206,-0.9850307,-2.3846667,-0.47545505,0.19984807,2.5431561,5.4251704,0.004267613,0.35230616,-2.3532639,1.4408336,5.470451,0.5605668,0.20262711,-0.28533778,2.1354413,7.3879623,-0.42976668,1.8211373,5.4801874,-0.3349032,-1.2525816,-0.8864159,2.1931515,-0.37566525,0.21555293,10.934107,0.7043208,0.15459205,-0.20720193,2.552132,0.27968335,0.26501104,0.18048096,-0.33769923,6.3439517,-0.037907436,2.5309093,0.13835452,121.75,0,29.2,1.0,4.0
0.24781598,9.064644,0.6080783,0.038115084,-1.0763054,-0.22486056,-0.5861343,1.4100668,0.31069994,-1.2356298,-0.96880937,-0.32363203,-4.384374,-0.41651437,0.20406312,-1.8203075,0.021656537,1.0563526,1.8809369,-0.6737734,-0.4234354,-0.7651329,18.628448,0.43600872,0.17077225,-13.576944,-0.2541159,3.406914,3.1275933,-3.2105355,0.050428938,-0.106077254,-23.107645,-1.284127,-0.9499759,-0.058818694,2.9113224,-0.546563,0.037512735,-3.6749537,-0.9530835,4.9124355,8.96258,-0.21362472,-0.307679,623.96875,1,20.5,1.0,86.9
-0.47689834,4.8872886,1.4813633,-0.82604605,-3.2976704,3.235853,1.1040698,-0.23466656,0.33155778,-0.7786926,3.2252579,-0.4955852,-0.24512032,-0.6605737,0.52263296,1.0598892,0.90446407,2.6287034,0.6058672,-0.3819721,0.3455913,2.6682124,5.3723965,0.85351807,-1.575947,-10.944397,0.08547989,3.5128734,1.0047181,0.37482226,2.6322005,0.30473658,-17.089622,0.851721,1.1298468,0.21105365,1.3485798,-0.4741989,0.21293384,-3.5761192,0.15163799,2.4181468,-1.5107474,-1.729201,0.47175366,2121.4937,1,69.7,1.0,83.3
0.49135256,3.0166447,0.36424023,-0.5867209,-0.6415053,3.3164394,0.2945769,-1.7839916,-1.4308645,0.3392796,-2.5738106,2.8639607,1.1975791,0.17970744,-0.31182942,0.6740004,0.1268926,-0.08331435,0.13063356,-0.19524601,-0.11421779,-3.3690233,-0.7344507,-0.6951521,1.5528576,-10.168718,-0.37432498,0.10965941,1.6332098,-2.2371006,-0.9360032,0.35223696,99.62596,0.3161818,1.1346669,-0.78114337,-3.5868905,-0.035035063,-0.8879444,-2.4316807,0.39836177,2.14995,-1.7821056,2.582995,-0.52849734,398.73126,1,13.1,1.0,13.9
0.54920083,10.5725765,1.8469175,-1.0222474,-3.7489414,1.6729231,0.432222,-1.718586,-3.530982,-1.560392,-0.27167255,0.93503124,-0.9701231,-0.72081494,0.4571218,-0.56125903,0.4547063,1.4621294,0.8170692,0.05354493,0.11748807,5.147128,7.8341627,-0.3722969,1.6043636,-0.0008007483,-0.716335,-2.9232717,-1.8198906,1.9108876,-0.37618476,-0.62025565,-32.15065,-1.1371243,-0.7917505,-1.2039881,-1.3316486,0.72211033,-0.95043397,-2.691564,2.3681293,-5.154957,-2.1047924,0.40951014,0.07033851,468.7375,1,15.4,1.0,100.0
0.19399755,2.774818,-0.5082276,-0.06803567,-1.2404846,-5.255239,-1.0603237,1.7536427,0.0025841047,-0.8734861,-3.1686606,1.1833372,-4.1124268,-0.2290585,-0.2532172,0.8312438,-1.327771,-2.15336,-0.48388913,0.10777603,-0.036726873,0.11750001,-1.1807184,0.32503262,-1.1015433,-8.254038,-1.5463359,-4.585391,-0.33209187,-1.9004127,-0.16324338,-0.6699498,-112.214966,0.87676513,0.15971525,0.27162826,-2.1002018,-0.4391198,0.5403258,0.6329555,-0.25534165,1.9125755,-1.0375508,5.7095995,-0.54754657,219.15,0,100.0,0.0,7.2
0.6551969,-8.378378,-1.6972928,0.5649468,2.8157177,-2.5142467,-0.41142383,1.2917478,1.4106268,0.09365816,3.5725875,-1.2290604,2.1604476,0.20582291,-0.1640807,1.7983494,-0.54052407,-0.8025976,0.7356754,-0.31935045,-0.84886265,-6.76124,-3.056555,0.59933007,-0.14328557,-10.449153,-0.9799209,-2.2833083,-1.7105293,2.9821057,-0.800563,-0.1893622,67.385506,-0.26561654,0.5875162,0.7137374,7.539189,-0.1287508,1.0397651,2.5509448,2.1513844,-2.2279782,1.6774019,3.0779338,-0.44864568,3043.75,0,100.0,0.0,100.0
3.4401145,-0.4199075,-2.727444,0.91952497,2.5164192,0.9918689,0.35368508,-0.9104324,-1.7144151,-0.33744848,-1.2205132,0.385025,-0.4850865,-0.1450833,-0.035779264,0.56212765,0.3438547,1.2162844,0.49444625,-0.6166368,-0.6127968,-2.0744586,6.240837,0.021069294,0.5736423,5.467233,-0.30764621,-0.27932882,0.67778736,-1.6022912,1.7613072,0.3363016,44.919518,0.0116614355,0.7967631,-0.41602606,4.1249046,-0.26314503,0.6320948,-0.31144732,-0.46728534,10.195551,-0.09997886,6.3478312,-0.6577761,977.0437,1,32.1,1.0,100.0
2.3713157,-0.7451159,0.663496,0.13669714,4.1368065,-1.2886682,0.008684054,-0.52912265,-1.3586248,-1.8101766,-1.0635644,-2.0996294,-5.5026493,-0.14011426,-0.102348745,-0.83527875,-0.8777882,-1.1266397,0.37868986,0.09622408,0.39272037,1.9284513,14.046019,0.7714961,-0.8912993,-4.724688,-0.55642456,-2.4012904,-0.95537835,-0.93000233,-0.7464522,-0.54950064,3.857669,-0.4369438,0.42642576,-1.4040027,-5.974545,-0.47779295,0.023588711,-3.3329463,-0.48439443,-2.5616806,-10.542659,1.4777054,0.3191857,337.85626,0,83.8,1.0,11.1
0.90329456,0.48989743,-2.790923,0.7344231,0.9705775,-1.2092797,-0.13905188,0.6862157,2.1012454,0.28081775,2.9421585,-0.2328671,1.3651112,-0.48117155,0.4299126,-0.5954578,-1.133625,-0.7791595,0.77946556,-0.15801439,-0.4468696,-6.442015,-16.958633,-0.09065893,-0.30962735,3.975256,1.1502821,0.6686066,-0.80127555,1.2535851,-1.269381,-0.3453238,84.60072,-0.90266246,-0.08431445,-0.0069190557,-2.4943838,0.5812753,-0.9307874,-1.9804727,-2.2309284,0.6378879,-13.316838,5.265892,-0.48577675,861.3812,0,100.0,0.0,28.3
1.8040767,-5.299482,-0.3642838,-0.83527434,-2.7411337,1.2297941,0.2595061,-1.2021786,1.11339,0.975595,0.16207178,1.333395,3.9182284,-0.21086508,0.49757752,-0.1428562,1.197578,5.723346,1.4238932,-0.22032404,-0.34121963,0.8540235,13.574429,0.7565774,-1.1131477,4.227208,0.4610818,-1.7983949,-2.4646587,2.542734,1.272383,0.39888847,73.094826,0.53468364,1.1034995,-0.13844357,-3.3322399,-0.97314155,0.7624935,0.23065214,0.23411667,-8.800521,-2.471901,0.59830505,-0.51775897,3043.75,0,100.0,0.0,100.0
-1.4190832,-0.11286847,-0.3368998,0.117495336,-1.6443943,-3.8767474,-0.7675409,0.4512699,-2.5687764,-1.4926066,1.7667056,-1.8297389,0.7098201,-0.039470673,0.5451877,0.17443913,-1.280415,-2.5626636,0.2349198,-0.327393,-0.295988,-4.637238,-26.211508,-1.0333697,0.9671263,-2.7534986,-0.6504887,-0.6246543,-0.5862346,0.6907115,2.1228695,0.29985052,6.722005,0.7925201,1.0748225,0.4405077,3.581687,0.39934534,-0.14917795,0.33178324,0.9391658,1.124689,-6.378258,-0.34316972,0.61062765,700.0625,1,23.0,1.0,23.0
-2.8022337,-8.74476,-0.14079079,-0.2689792,0.38712198,1.9406021,-0.043631423,0.75001425,0.9715497,0.75858563,-0.22961934,0.63548976,1.0468976,-0.13004142,0.4655976,0.67609245,1.2705238,1.5747963,-1.4213783,0.635326,-0.07888108,-1.2570906,-15.363532,-0.082400195,-1.2321413,-3.6003983,0.7290543,2.9149544,2.0723424,-1.8532009,-1.37806,-0.37628984,41.56062,-0.9983764,-0.6490146,1.0685903,-2.3630745,-0.5159441,0.06435621,-0.5765315,-0.93980676,5.060689,-0.9233294,-2.6330469,0.5454569,788.33124,0,100.0,0.0,25.9
2.4811604,2.4821992,-1.7655901,0.096629925,-3.6181593,1.3039093,0.6412,0.46709713,3.0326843,1.4293983,0.7216621,1.0250196,3.8864293,0.018722052,0.32827258,-1.2718732,0.87737685,2.95061,0.9807331,-0.5874718,0.73868203,-0.06500222,-10.329163,-0.57186115,1.1839826,2.8684988,0.9344387,3.3182738,2.939352,-2.8302934,-0.17990597,0.025349414,-96.92046,-0.1468202,-0.9894041,0.64368767,5.99564,0.35888287,-0.47677997,-2.9941266,-0.60809106,3.3996022,-10.060847,2.6859891,0.03123271,371.3375,1,12.2,1.0,15.7
-0.5697406,-1.7635839,0.76808614,0.3952279,3.3655536,1.9337497,0.34785992,-1.8916196,-3.3947709,-1.3653033,-1.4097608,3.3019025,3.6762297,0.33176374,-0.43028548,3.0317547,-0.07796478,0.9790796,-1.4443994,0.5228992,0.63886356,-0.49205774,-3.663388,-0.43462244,1.1666806,-0.6722679,-0.22124442,0.4146408,-1.235752,1.5912938,0.23489381,0.27263677,89.443405,0.43373653,1.2038965,1.1414647,3.227979,-0.52530307,0.03454663,-4.0367765,-1.6487352,1.0943501,3.1326876,-0.75036174,-0.46036303,27.39375,1,0.9,1.0,100.0
-1.6273682,1.8447224,-0.3397136,0.52056473,0.7685097,-0.37746665,-0.35469148,0.92751974,-0.49398407,-1.5170538,2.2387776,-2.6388178,0.74688995,0.3354053,-0.053533096,-1.0217229,1.6551386,0.8411232,-0.43074217,-0.17064561,0.5805966,-0.49598104,12.832318,0.77761436,-0.34736437,5.6356397,-0.17150195,-0.4520905,2.2704806,-2.1611717,0.28590292,0.14644237,-87.325836,1.2301854,0.59486353,-1.3170218,-2.1828444,0.6545145,-0.4422616,0.9194513,1.4063333,-8.689098,-5.0193143,0.63974184,-0.33914652,678.7562,1,22.3,1.0,27.6
-1.4039537,-7.5681863,0.71299404,-0.88399446,-1.6876464,2.2218091,-0.06387786,-0.33646876,0.09087896,1.0881712,-2.9913406,1.4328276,2.0433478,0.20085977,-0.038508352,-1.8345585,1.3989699,5.6443567,0.20661667,0.429192,0.9184573,4.8125834,7.337762,0.14420721,-0.04443803,-5.997193,-0.45323834,-0.32066435,-0.13643257,-0.94355917,-0.97925556,0.34840664,57.856483,0.98470384,1.1004702,-0.09370196,2.1006684,0.35218307,0.40223157,1.7571443,-0.39174807,-6.538981,-8.856767,4.098441,-0.4571429,1470.1312,0,100.0,0.0,48.3
0.25554642,3.1689255,1.254666,-0.9015837,-1.9057475,-0.14447533,-0.69142985,-0.45481402,-1.0430342,-0.057256397,3.5947382,-0.61992675,5.0959578,0.26753604,0.05291317,1.1265386,0.21451893,1.9961506,0.71646994,-0.12308393,-0.8369993,-2.5959423,15.391188,0.5329314,0.015775176,-6.012544,-0.9812156,-2.365101,-0.5547615,0.14213999,-1.8714639,0.31006256,63.2285,-0.46992567,-0.58467406,-0.21425004,-1.2124997,-0.108503625,0.15295553,3.2370553,0.16902077,2.6625876,14.008344,-4.0354514,0.28779075,1588.8375,1,52.2,1.0,84.7
0.8859466,-3.2981312,0.5922131,0.008702143,3.499032,2.806487,-0.17513292,1.0311743,-0.6061842,-0.8481582,-1.1134756,-0.47302952,-0.00062159786,-0.07740478,-0.036598522,0.51069534,0.7567855,-0.20413469,-0.2049946,-0.27626145,0.28311518,-0.61190766,-11.631066,-1.0508561,1.6323307,-8.795121,-0.89054185,-0.59920645,1.5123061,-0.58911,0.37254605,0.54022855,-6.3780823,-0.46299183,-0.8635711,0.2508103,-0.47909784,0.74758995,-0.2988285,2.4158738,1.6840347,-1.9474295,13.493706,-0.24924818,-0.5607663,185.66875,1,6.1,1.0,36.6
0.22615871,-0.8248671,-0.056742992,0.46182078,4.2116346,-0.8257567,-0.26393545,1.9288878,2.2946467,0.78712326,-0.89573514,3.6336021,6.889713,0.7562616,-0.30050367,-1.2299495,-0.38083923,-2.5664024,0.7194796,-0.5855568,0.4543312,4.709397,14.614041,1.0935744,-1.5500027,-1.5265943,0.71007705,3.2550125,1.5032899,0.0063084783,1.0134254,0.062784985,-37.219044,0.7856437,1.1614321,-0.5028974,-3.0996103,0.6090753,-1.3352818,-4.7284117,-1.1092892,6.357605,7.968445,-2.2719362,0.50095785,334.8125,0,100.0,0.0,11.0
2.084064,-6.785395,-1.6075925,0.46654022,2.8363357,0.5239871,0.8103165,-0.16181388,0.9880415,0.41591954,-0.40529013,1.2789803,1.7020408,-0.5659955,0.31372467,0.79690456,-1.7111312,-3.6149569,-0.6905132,0.23786417,-0.6343135,-0.35585058,18.824673,0.8559169,-0.56384814,-3.4974313,0.5960487,2.6333098,0.6747799,-1.3063197,-1.4133592,0.2410709,129.68816,-0.93597937,-0.2704562,-0.031818233,0.96273756,-0.09632807,1.3370059,4.213251,2.0469518,-1.3363637,7.878581,0.87227225,-0.36333632,1101.8375,1,36.2,1.0,46.6
-1.1737808,0.29403034,-1.4906923,-0.021201547,-3.1217673,1.6711652,-0.044601835,0.90146947,1.5233146,0.9611695,-1.050925,-0.11986013,0.392757,0.7993474,-0.3301278,-2.2648704,0.8403704,0.864925,-0.53318226,0.6344262,0.62994283,1.4895941,-11.3946905,-0.61876917,0.031860013,-3.085813,0.50731415,1.7181103,1.6528666,-2.3718631,-2.033454,-0.54014975,22.715803,-0.90554243,-0.094175994,0.11545956,-0.120803006,0.3102694,0.38655594,3.8340101,-0.7379192,-1.9710474,-4.7635326,-0.39261496,0.21396092,605.70624,0,39.1,1.0,19.9
-2.5210724,-0.0751909,2.7357771,-1.0804,-3.525196,-2.8394363,-1.0494803,1.0487076,-0.06348506,0.12702726,0.683328,1.2311673,2.7929583,0.7474435,-0.5394452,-1.4809895,-0.32391176,-3.9431102,-0.6524118,0.08936225,-0.91232157,0.8565293,12.761417,-0.30703187,1.2708322,-6.650795,-0.5601633,-2.4954638,1.1578377,-2.8314629,1.9552349,1.037145,90.966805,-1.0555351,-1.0141906,1.0250276,4.9638615,0.2918003,0.5281164,3.1711218,-0.5402879,0.49719194,-12.386643,0.64001805,0.42031056,1597.9688,1,52.5,1.0,100.0
-1.797993,-9.607629,0.66362184,-0.5031596,0.5765299,7.070248,0.77048826,-0.26195684,1.755599,0.9686196,-0.846039,-1.643557,-5.390459,-0.69459647,0.27039808,-1.8437238,0.0057575395,-3.122731,-1.0097824,0.6238173,0.2696856,-1.7486495,-6.0999675,-0.24422397,-0.14221284,14.915306,0.89428675,-0.8151028,-0.46728545,-0.3007814,-0.5397264,-0.8455367,-8.239296,-1.3396995,-0.7698313,-0.0051766243,-6.113491,0.065940775,-0.48455393,0.66269404,-0.16959769,2.0649629,6.4084244,-2.32848,0.25581175,1366.6438,0,71.3,1.0,44.9
0.8070057,8.44988,0.5311623,0.069781594,-1.3812546,-2.6073866,0.377561,0.7109925,1.1052067,-0.8756637,0.5262071,-0.082537085,-2.0705519,-0.031194465,-0.15331,0.7920374,0.4593116,1.8121938,1.129613,-0.6162943,0.5157764,0.4345236,-17.339836,-0.46273255,0.41007248,0.20023894,-0.73535526,-0.061358072,0.36579868,-1.1537778,1.9642535,0.46562722,29.833782,-0.59341383,-1.0746303,0.30718413,2.4752355,0.29827467,0.2327424,4.382689,-0.3192493,0.52114934,-11.188415,-0.14093637,0.6748792,547.875,1,18.0,1.0,28.2
-2.2290266,-1.0492618,0.53644973,0.6470698,3.155939,5.679031,0.27835414,-0.31745335,-0.5460874,-0.17811535,-0.98174673,0.5419754,-2.5739927,-0.8366145,0.5001414,0.78876376,0.83555955,1.2847104,0.103130236,-0.47519004,0.17065491,3.849995,13.080571,-0.21711199,0.5494609,11.832439,0.99025196,0.8567333,1.2104657,-2.8068962,-1.2460853,0.32021278,116.6962,-0.84623754,-0.01191263,0.44534078,3.354585,0.36004803,0.22016828,2.152596,-0.49604866,-7.997045,-2.2660413,0.36886817,-0.54152733,563.09375,0,100.0,0.0,18.5
2.1877716,3.3747976,-1.5514786,0.14491987,-2.658749,-0.2027716,0.6558687,-0.0829833,-1.0426656,-1.1419067,-2.1487377,-0.062919244,-0.68259764,0.12124953,0.28698868,2.4337444,-0.0051542395,5.360627,1.0433352,0.0076118265,0.5011686,1.0681266,-12.587109,0.15137452,-1.6366862,10.085701,-0.2595007,0.6934377,2.3858883,-1.5862105,-1.7955399,0.012233927,106.3517,-1.731447,-1.0905241,0.20143288,3.552323,0.3628167,0.17659731,1.4442241,-2.2234328,7.0677843,-3.9856448,5.1085396,-0.36646706,106.53125,1,3.5,1.0,38.0
-0.42027125,-3.0683455,0.6565086,-0.2942615,-2.3786209,-3.9692183,-0.8759107,0.39433834,-2.224919,-1.6861362,0.08078377,1.3587486,6.2146688,0.15381171,0.34533334,-0.6969457,0.10460246,1.8921494,-0.6769322,0.4802875,1.041458,-1.1193086,-19.834597,-0.616106,0.9686029,2.2060711,0.83854693,2.2996488,-0.12860605,2.5259573,2.510607,0.924848,40.579037,1.1745149,0.9683164,0.44789574,1.436938,0.20478807,-0.37032747,-0.4578165,0.06128617,-0.9090515,-13.687135,2.0600085,0.02229511,3043.75,0,100.0,0.0,100.0
1.9183004,5.595406,0.5431805,-0.023704419,-1.6336613,-0.72645515,-0.27142984,-0.5370618,-0.6926771,0.054169565,0.96364033,-2.7736146,-3.3668976,0.238984,-0.24253766,0.858975,-0.33476254,-1.6919588,-1.9418288,0.6519966,0.43823448,-0.78664434,-1.982767,0.2346139,0.14402676,11.747786,1.1171241,1.0615189,0.035635125,-1.8051641,-0.68801224,0.15187262,-13.074991,1.1722752,0.6344639,-1.1942672,-4.379686,-0.22599581,0.38610175,1.414657,-1.5539389,-1.2560779,-4.9227476,-1.4353534,0.06726557,325.68124,1,10.7,1.0,100.0
-0.20329562,-7.953486,-1.7758927,0.9619185,3.00368,-7.5030537,-1.1912887,0.8020666,0.41652703,1.0192571,0.9091687,-3.632395,-4.5275106,0.121647,-0.30280736,0.63266873,0.34837058,-0.5100042,-0.42947933,-0.1986648,0.11959891,1.6899376,19.59949,0.79900914,-0.4573868,-6.6251616,-0.34834233,-1.9152713,0.36276898,-2.28064,0.9231611,0.13104017,-58.696434,1.4025317,1.1330042,-0.84956086,-3.3867373,0.0064502005,0.28979513,4.4616466,1.790098,-8.870031,-0.33078068,-5.8273253,0.64619595,1567.5312,1,51.5,1.0,100.0
0.55161494,-3.5328362,1.1088479,-0.059794582,2.9400334,7.7488284,-0.04036417,1.6564689,2.0263865,1.1186182,3.6086974,-3.5351849,-6.0104837,-0.080145285,-0.29126558,-1.5918361,1.688446,1.5107491,-0.98844284,0.448364,-0.86757034,-3.5179787,-0.9334575,-0.44877693,1.7740794,14.064297,0.42746866,0.9086348,-0.7325568,3.24501,-0.28555617,-0.17779073,56.428047,-0.5455963,-0.51127434,0.013795287,-0.6102763,0.20866995,-0.06944421,2.2701766,0.75168854,-1.0243316,-9.733303,2.7875526,-0.22511955,3043.75,0,100.0,0.0,100.0
-0.5257137,-9.471087,-2.7661526,0.4304254,-0.8061436,-0.20371294,0.64170134,-1.9653137,0.04798692,1.1658592,-2.2483137,0.33737808,0.55502033,-0.037711665,0.43762484,-1.413548,0.39257511,0.42206553,-0.3153908,-0.0554719,-0.37925026,0.20571646,1.639564,-0.876101,1.3222877,12.267759,-0.463029,-1.2857082,0.055631865,1.3288722,-1.3730854,0.4223567,-2.1314874,0.41358873,-0.29018718,-0.4899965,-6.1209226,-0.04319288,0.35926846,3.7238019,-0.70949805,-5.6227345,-0.9517685,-2.2575624,-0.08152105,36.525,1,1.2,1.0,5.0
2.1507869,0.32828322,-0.8266053,0.18552528,0.5053854,1.9591814,0.043989383,-0.26066536,-3.397768,-1.6735625,-3.6634774,3.9348726,4.768581,0.00095404533,0.13073096,-0.019980673,0.017104043,-4.220325,-1.5086913,0.51753086,-0.9327222,-4.6857233,-3.5243847,-0.089859694,0.51540244,3.6661797,0.2785502,-0.06584728,-1.078393,0.9790848,1.8344352,0.7251341,35.439636,0.9019162,0.75659937,1.0388942,2.3261144,-0.5071216,0.2728086,-3.227463,-1.7513012,0.025159013,-10.504648,2.854725,-0.31384793,1454.9125,0,100.0,0.0,47.8
-2.5352628,-2.8204358,1.1312006,0.2282405,2.579248,-0.4326699,-0.64083683,1.6946825,2.5524478,0.455443,3.4840767,-0.10107868,-0.8346086,0.010303163,-0.52451223,0.28660196,-0.78849727,-2.3011746,-1.326628,0.6701635,-0.2941052,-5.4209194,-1.4064776,-0.32817963,1.2685727,10.128988,0.39265534,-0.2818716,0.07419161,-1.5124034,0.60515964,0.2056173,93.16421,-0.37949535,-0.031854346,-0.79346174,-2.350583,-0.31888825,0.6851467,3.6276863,0.028355185,-2.7316833,-10.406331,0.84426427,0.11928071,380.46875,0,100.0,0.0,12.5
1.0516522,10.739636,0.7070263,0.44773924,1.6243956,0.97609675,-0.11869035,0.54763,2.0717292,1.5226076,1.087112,0.41230834,-0.030431531,0.06313711,-0.06103486,1.043075,-0.7918702,-1.8598114,-1.02166,0.38730797,0.05177313,3.1291423,18.328032,0.2188252,0.49751663,7.2589817,0.69827104,0.81565505,-0.11534951,0.8163472,0.009729934,0.42757547,97.886284,-0.33068854,0.45587894,0.29596454,-3.1765878,0.23397602,-0.34656063,0.7288012,1.6210828,3.181019,8.263972,-3.2554648,0.56533635,602.6625,1,19.8,1.0,31.3
-2.3995323,-8.785381,0.044922404,-0.76671046,-3.2014499,-4.0257564,-0.71713024,-0.33159024,-3.3746939,-1.5397513,-1.8861731,2.9825962,2.34188,-0.18262725,-0.018666368,0.091889165,0.33843735,0.28996798,0.4740592,-0.6773982,-0.03294426,-2.6381667,-15.540271,-1.2915372,1.7958026,-8.626052,0.15986845,-0.45115954,-0.6582517,-1.4880109,-2.2786868,-0.4530873,-69.56557,0.46465003,-0.6098155,-0.0014876807,-2.0041475,-0.1428891,0.37365684,1.1599443,0.45557395,1.998093,-8.178681,2.2711048,0.073870786,407.8625,1,13.4,1.0,42.8
-0.7828351,-0.010888114,-0.7116941,1.0139074,3.250607,-0.9381994,0.50568426,-1.8247648,-2.6879556,-0.7842935,-1.2167721,1.8162438,4.7706842,0.25500455,0.2955863,3.4052334,-0.035078898,-0.07186397,-0.8330063,-0.1285877,-0.020775931,2.723594,10.110132,0.54306847,0.33113503,-4.416943,0.08371653,1.3348975,-0.25013685,0.65641624,-0.10463523,-0.31538928,74.74032,-0.33087415,0.2977752,0.030100796,2.828527,0.876576,-0.8747898,-2.0419424,-1.3158349,10.223235,1.498053,1.3378221,0.13419929,3043.75,0,100.0,0.0,100.0
-1.650291,-2.8794584,0.2224679,-0.580808,-3.1315107,7.516045,0.89502144,-2.0801134,-0.06129536,1.6871185,0.48355407,-1.7424713,-1.5309566,0.06304873,0.16770212,0.11360425,-1.4889233,-2.5261173,-0.8851846,0.5026151,-0.8040842,-4.4816747,0.590386,0.15480787,0.88737625,5.644666,0.88987154,4.1700134,0.26158446,2.8259456,-0.8826956,-0.41100287,-59.24875,0.11956701,-0.152725,0.45949048,-2.3011107,-0.10562331,0.15112238,3.4344935,1.7163113,-5.078224,2.1284318,-3.5724587,0.43049914,569.1813,1,18.7,1.0,60.4
1.5416036,-5.124244,-1.0495116,0.43125096,2.2552094,-5.7508364,-0.16686596,0.6797022,1.8890852,0.2875081,-0.47949347,1.1325434,-2.803711,-0.30737522,0.19161262,-0.21751705,-1.3743837,-3.6368623,-0.747345,0.13157369,0.85058475,2.171633,-13.906584,-0.39471212,-0.097381696,-1.7398415,0.69668704,0.839324,-0.25175327,1.1159372,-1.5196805,-0.9211809,-96.425476,0.8609463,0.5660739,0.86728036,2.2569013,-0.14839406,0.034240194,-1.6728697,-1.2300276,-2.2210834,-9.406248,3.8102014,-0.41926897,517.4375,1,17.0,1.0,64.3
0.57922286,-1.7942138,-1.0812173,-0.66461843,-3.4269466,2.5369787,0.55961907,-1.6353441,-0.6489899,-0.019114435,0.33988658,0.17812544,0.79277426,-0.32841787,0.32822958,0.93593544,-0.97483313,1.4131246,0.95918804,-0.06803429,-0.4324682,-0.8467384,-9.104748,0.5188584,-1.7284007,10.427038,0.5696715,1.1868287,2.5635235,-2.871652,0.7243805,-0.091351576,-53.310905,-0.078879625,-1.205257,-0.1140541,4.860039,-0.09988693,-0.034983855,-4.217261,1.9504482,-0.409876,6.4575233,0.62703747,-0.35195968,608.75,1,20.0,1.0,44.5
-3.6215847,-0.66469663,1.8422799,0.22208042,2.6836305,4.388782,0.4814162,0.09489937,1.6663997,0.818308,0.6504228,1.4708939,1.6014051,0.26723203,-0.21065192,-1.0403686,-0.6433601,-4.6074924,-0.1577111,-0.32669106,-0.644989,3.1200545,15.05688,0.74717027,-1.5431066,4.3103848,-1.0991884,0.07829661,1.0218989,0.67380965,0.37833843,0.07543046,43.409515,0.0194429,0.04796244,0.37454706,-0.94341844,0.43772882,-0.45926693,0.74731344,0.34604165,8.291718,-0.5960178,2.8076403,-0.019405477,1290.55,0,44.9,1.0,42.4
-1.8425057,-13.312941,-2.3456247,0.5987297,1.1296891,1.9140369,0.4242834,-0.020503782,1.9729826,0.45535976,-1.5626857,3.2384305,4.919413,0.60235965,-0.40550834,0.023643728,-1.4830338,-3.1563892,-0.87840766,0.31827274,-0.30691165,-0.5412475,-21.24293,-0.8080717,0.6704125,-1.9782382,0.2833924,1.2664932,1.2072107,-0.6003141,1.3820547,0.18602395,-31.140528,0.6965262,1.1420466,-0.31254864,-1.3910469,-0.48808149,0.288535,-2.0038033,-0.3509571,-5.7463307,-6.9179626,-0.9494065,0.34801883,864.425,1,28.4,1.0,65.6
-2.5898852,-4.4697366,-1.6417758,1.0311248,3.093907,7.8724413,0.29532713,-0.13058475,-2.1413624,-0.8342195,0.6671469,-1.5248592,0.7675147,0.156434,-0.13903181,-0.88666624,0.24429366,-2.0088634,-1.3257154,0.2897092,0.24296564,-3.3921406,2.9729934,0.21204807,0.19767386,5.695374,0.52356595,0.43733627,0.31601977,-1.9937793,1.6753962,0.8085041,-0.9103186,0.35206342,-0.652448,0.023510916,-4.390546,-0.5185864,0.30936947,-2.0925279,-0.9179122,3.676312,8.256117,-0.35926,-0.33365867,12.175,0,99.3,1.0,0.4
-2.8168974,-4.930049,-0.9690608,0.9554992,3.7965493,6.3600883,0.7588204,-0.6255994,-2.0349507,-1.7294924,2.8671622,-2.2182822,-3.2141151,-0.2163527,-0.10194899,2.2134748,-0.20326751,-0.14032295,-0.86286914,0.28010842,0.18257731,-0.5286683,6.253452,0.48178092,-0.64695996,10.527818,0.13686927,1.5178388,2.0266602,-1.5516341,-2.7131991,-0.8862916,-100.72013,-0.34910348,-1.0248104,0.65839726,2.233434,-0.038196146,1.0291853,3.9138534,-1.2112029,3.932775,7.9823613,-3.412092,0.46225706,203.93124,1,6.7,1.0,100.0
-2.7689886,-9.06281,-1.3840822,0.6858372,2.506839,-6.1721134,0.11195996,-1.5707787,-0.50266933,0.5902593,0.533871,-0.63382727,-0.7196971,-0.20067398,0.17161433,-1.206952,-0.43347815,-0.87803173,0.777344,-0.011788313,-0.7573914,-7.8303237,-19.435349,-0.20735012,-0.120656826,7.3178706,-0.07887956,0.7949195,-0.9192527,2.9684978,-1.8163213,0.27491358,3.1827304,0.026367845,-1.0866042,-1.4486557,-2.5095706,0.07895241,-0.11068686,-2.1225982,-0.19512999,-5.9313855,-11.342328,-0.040586587,0.4193093,12.175,1,0.4,1.0,57.2
-0.7320351,-1.897962,0.82034653,-0.32628435,0.019200845,1.1668607,0.47399104,-0.45397547,1.5826845,0.45438728,-3.800178,-0.31215197,-5.5027723,-0.2892071,0.0836487,0.31032616,0.38467845,0.65008575,-1.2956276,0.42711195,-0.8688357,-0.48953807,-1.8859048,-0.6754739,0.14525712,16.376072,0.7046128,2.258228,2.8017836,-2.56861,-2.6451573,-0.7991931,-81.340775,-0.121837534,-0.45090538,0.14822975,-3.8013196,-0.49328634,-0.21651171,-4.5670047,1.4289212,-4.241727,-6.315832,4.1120462,-0.5487477,389.6,1,12.8,1.0,60.4
0.29214713,9.18337,2.0363042,-0.33067903,-0.7510614,2.9747338,0.2329217,-1.7118617,-2.2763114,-0.36062992,-1.3128722,0.22207925,2.8881457,0.12551738,0.34224868,-0.16709715,-0.64612466,-0.24822646,1.1317389,-0.14553547,-0.1685355,0.19207865,14.41667,1.2498065,-1.4638872,6.1427817,0.8574014,0.1379592,-0.36278155,-0.26972747,-0.4537112,-0.28198123,-49.00785,1.0606042,0.2783934,0.10909625,0.13140534,-0.29473716,-0.60036695,-3.1836774,-0.07914344,1.0399425,11.14541,-0.27726328,-0.56970763,2882.4312,1,94.7,1.0,100.0
1.6066686,8.430745,1.9916455,-0.6108202,-2.5937326,1.1356936,-0.779148,2.155037,3.6761959,1.4419793,-0.40784815,-0.27780312,1.2139791,-0.32931334,0.32435027,-1.7790841,-0.38778648,-1.9589101,1.2264717,-0.57283545,0.37142232,4.0762963,20.177446,0.1438643,0.4267453,14.034332,1.0023152,0.13570376,-0.63726306,-0.40385216,-2.994918,-0.8742603,-67.91975,0.97985774,1.0655183,-0.084569946,2.343549,-0.20118318,-0.029300226,-4.757848,-2.444619,3.3042023,-0.6297537,0.6471696,-0.3637843,255.67499,0,10.3,1.0,8.4
0.15966198,-9.4668665,0.124154955,-0.927893,-1.8086789,1.1151001,0.8555045,-1.7883933,-2.1408186,-0.52271086,-0.71025777,-0.9008445,-6.304875,0.06178929,-0.42017144,-1.7645473,0.18380308,-0.88353753,-0.9320145,0.35823017,0.5228244,4.617083,6.9242654,-0.1893218,0.2542824,10.320177,0.98494625,3.6662664,0.9403324,1.0595446,0.76366794,0.15838513,-27.101511,0.23332256,-0.109913625,1.0156809,5.499963,0.74960613,-0.25576276,1.9111874,0.7697852,-10.93541,-10.248956,-1.1906021,0.37456065,2992.0063,1,98.3,1.0,100.0
-0.1461938,3.6031868,1.4242833,-0.025375383,1.9662294,-5.1310983,-0.091494836,0.5147679,1.049642,-0.4608216,-1.5432976,-0.05122303,1.745777,-0.16857679,0.5497494,-3.0788405,0.99163175,-0.88163716,-0.7595724,0.20417638,-0.81245434,1.8736788,1.3759141,-0.8595462,0.61235183,2.136902,0.4384953,-1.6844679,-1.5367568,2.396921,1.7658232,0.7697079,83.63111,0.18504371,0.7979413,-0.233062,3.5868053,-0.16197619,-0.21138217,-3.662294,0.074524574,3.6197278,0.0096671805,-2.7107253,0.35688692,231.325,1,7.6,1.0,59.9
-0.4212938,7.3420196,-0.14116557,0.86815256,1.4476867,3.102162,-0.120119505,-0.5016372,-3.5296018,-1.5521861,2.9347227,-1.8505054,-2.8946357,-0.03667662,-0.12140015,0.28415716,0.659862,2.4247904,-0.38043815,0.26739675,-0.10175283,3.8811095,19.133656,-0.055810645,1.8332,0.75835776,0.7646843,2.3044224,-1.1602886,2.7866664,2.808797,0.3360698,5.6035185,-0.6342416,-0.51904315,1.0864909,5.6129975,0.13648286,0.35066488,1.9364736,-0.56351334,7.4198527,12.793278,-3.0869846,0.031116448,1966.2625,0,100.0,0.0,64.6
-2.443215,-7.3981786,-0.47714522,-0.50192195,-3.8312354,6.3667293,0.5262418,-1.1942756,-3.37171,-1.7785037,3.037822,-1.7912457,-2.6068966,-0.29040873,0.061160132,-0.29486716,1.0326451,3.0039008,1.2799261,-0.22998375,-0.09940149,6.7795434,19.535166,0.82254124,-1.3333976,3.5358708,0.8279537,0.77137345,-2.3152533,2.3415325,2.5212386,0.66591775,58.158737,0.5975013,0.9799789,-0.7710616,1.7728113,0.0030260812,0.4833673,0.28243792,-0.11162651,1.8215177,1.6740891,-1.4674577,0.43668437,1403.1687,0,100.0,0.0,46.1
2.3887594,10.253387,2.198811,-0.30129892,0.79486555,1.9865396,0.24902624,-0.18795267,2.467505,1.5126598,0.6261292,0.624286,1.0125211,0.29588157,-0.17865291,-0.489593,-1.052443,-2.1440237,-0.10669834,-0.14537406,-0.29355893,0.93365884,4.379151,-0.4423894,-0.06548346,-1.5203062,0.9409811,3.6128504,-0.57570374,3.279983,0.63031906,0.699616,14.434298,0.2620225,-0.07370638,0.8018765,4.425004,0.34022716,-0.5916008,-3.6912258,0.34999382,-7.321169,-8.718537,4.3403015,-0.42463443,243.5,0,11.6,1.0,8.0
-3.752517,-10.334149,-1.7664336,0.2533494,-1.270404,1.1281749,-0.00882508,-0.18999179,1.263557,0.23984338,2.2839715,-1.5520183,2.0680912,-0.024215804,0.23607856,-2.3851335,0.4010855,1.1642972,-0.40926886,0.7042438,0.7128379,-1.6522118,-9.931332,-0.53952926,1.8132523,4.3530374,0.9429495,1.1887465,-2.3709617,3.3836584,-0.9911003,-0.6026215,31.586348,-0.64333415,0.22077279,-0.7596991,2.1165152,0.8264252,-1.4250417,-4.74878,1.130466,3.9739757,6.7030745,-3.665861,0.5898298,420.0375,1,13.8,1.0,39.9
-1.9621708,1.1137986,1.124785,-0.63527614,-1.6797289,5.3871727,0.016635057,0.63116896,-1.8939192,-1.7171773,-3.1141973,-0.17325287,-3.585305,0.44004384,-0.5084662,0.5194759,-0.38502884,-5.01499,-1.8392351,0.6674709,-0.70157015,-5.32909,-0.1421491,-0.249787,1.820628,6.9041824,0.4663849,-2.335285,-0.8414486,-1.6323028,2.52993,0.18292569,-105.51606,1.1130878,0.47370157,1.0449272,-1.1864022,-0.6651555,0.22487174,-2.3105977,0.47508794,-1.3756353,-11.123324,1.7707566,0.15326813,374.38126,1,12.3,1.0,100.0
0.485212,1.3601232,1.1784118,-0.010927172,0.89030457,-0.5439977,-0.026666883,-0.84107965,-0.9873492,-0.07428205,0.9657725,-0.0741199,-1.0599139,-0.34351504,0.17114614,-1.2425636,-0.46966445,-0.13402863,0.78966516,-0.3019663,-0.44410267,-1.5386262,-19.772715,-0.04437612,-1.1341181,-6.946204,-0.8237821,-0.061146513,0.24211311,2.3445215,-0.98371553,-0.517504,-97.93794,0.88256407,0.25068668,-0.39697462,-1.0272725,0.023502868,0.21511726,0.43304828,-1.2212955,4.7005854,-0.26039052,0.34100005,0.18134871,654.40625,0,33.8,1.0,21.5
1.4741249,9.300114,0.90344715,-0.18923911,-0.9011712,5.8548527,0.095260456,1.2067691,-0.90731406,-1.2382771,0.53763515,-2.0601177,-5.6960907,-0.65774846,0.16307105,-1.5994323,-0.5024661,-2.9925923,0.65142334,-0.6113847,-0.5244345,-3.9873378,-6.356946,0.44643387,-0.18013565,-3.0620937,-1.2754835,-4.906335,-1.969448,1.1583167,1.4087776,0.5456721,47.0203,0.3952268,0.48061773,0.26908278,-0.57319766,-0.8936146,1.2111766,4.290288,-1.6492641,0.1820205,1.9587115,-1.4681791,-0.07529056,1171.8438,1,38.5,1.0,100.0
-2.514705,-2.2142246,1.3316011,-0.8580599,-2.772079,-0.3287835,0.1276781,0.08176121,-0.110516876,-0.6660106,0.9026618,-3.546774,-4.126765,0.37134707,-0.51835066,-1.6858553,1.5594064,4.1259236,0.38222146,0.19849713,1.1508461,2.239739,3.29534,-0.26415926,1.5507932,6.9124994,0.45617107,-0.13742892,0.052320253,-1.3185362,-0.049864467,-0.07275275,-21.41859,0.9242604,1.1531612,-0.36055872,3.0042005,0.3242098,-0.9151805,-3.953285,-1.9073228,2.5753825,-3.4270964,3.6190488,-0.5233453,3043.75,0,100.0,0.0,100.0
-0.049735997,3.0071273,-0.30940333,0.35732603,1.8458263,2.3762536,-0.019339511,0.81909716,0.82619065,-0.27062577,-1.0431619,-0.40237933,-0.94195354,0.62325525,-0.5344743,1.1248394,-1.7543821,-5.0274773,-1.44218,0.4896409,-0.64165306,-6.218731,-17.799778,0.0016277789,-0.609115,-7.2525682,-1.5334512,-1.3169105,1.555139,-1.5979425,-1.1183659,-0.32776743,-7.641204,0.70205003,0.3550405,-0.56393504,-0.46907198,-0.13486908,0.3261395,2.015505,-0.24724022,2.1919487,5.804986,2.3885696,-0.29640967,219.15,0,100.0,0.0,7.2
0.5181843,-7.1432242,0.16055319,-0.7398866,-2.7454076,-3.4724925,-0.041000206,-0.85819197,-1.5912738,0.081701316,1.3099325,-0.4660809,-0.77395797,-0.09071714,-0.0685038,0.1792586,0.76619464,2.8921392,0.0035514378,0.16341826,0.37713343,-1.6452296,-8.171861,-0.69538313,1.5148671,-15.749831,-0.115669,2.2156606,1.4596332,-2.3393607,-1.9633876,-0.69489545,-55.819027,0.8921044,1.1464995,-0.07189721,-1.620369,-0.32968408,-0.5779703,-2.6608264,0.6612912,-5.5166893,1.6044748,-3.968055,0.26422334,928.34375,1,30.5,1.0,100.0
1.4530492,-6.025752,-2.2765272,0.5329251,0.7391352,0.6714877,1.1330138,-0.5370116,2.37129,1.2997997,-1.8670486,0.40563577,0.71345186,-0.10281704,0.51686305,0.27059522,1.183102,2.6447256,-0.1397183,0.35262063,0.272278,-0.4425289,-13.494689,-0.580673,0.304363,-8.270997,-0.25163975,-1.7872436,0.22336408,-1.5478789,-2.6396005,-0.6750078,24.482708,-0.8540943,-0.32764998,-0.94615906,-2.786386,0.028948456,0.5310774,4.903677,-0.038487375,0.73626554,-8.576607,0.10677844,0.13523136,213.0625,1,7.0,1.0,100.0
1.0188034,2.204214,-1.1061559,0.66002625,0.30114892,-3.7349992,-0.12496776,-0.45574296,2.2269146,1.5697689,-1.3578055,2.637745,3.2118125,0.6204684,-0.40220398,-0.659496,-0.14683267,-4.1780963,-0.6764775,0.10652867,0.30229974,6.4711137,15.611597,0.5279838,-0.8814737,-7.391781,-1.2261873,-3.882378,-0.11665104,-1.7524443,0.17681842,0.06318457,-56.523357,1.6426052,1.1167185,1.2250973,6.434159,-0.15807478,-0.17742804,-5.055347,0.34345838,-0.3408916,-5.0478935,1.7993782,0.1648325,2404.5625,1,79.0,1.0,83.1
-0.94050926,-2.267989,0.8983644,-0.3612423,-0.3687979,-1.5367763,-0.2562191,0.05028886,-0.09572341,-0.60800046,2.047549,0.6277273,0.62628174,0.10505881,-0.26577476,0.13816786,-0.94389415,1.41581,0.6846551,0.06786052,-0.6065191,-3.3963351,-7.1494865,-0.05472769,0.11329283,1.3921382,-0.8393645,0.49775437,1.2532445,-1.020273,-1.1361605,-0.8988021,-78.51018,-0.029068947,-0.49551284,0.5919313,1.2573471,0.41977313,-0.37956765,1.7621069,0.37037703,7.163956,12.388238,-0.24381399,-0.3679149,487.0,1,16.0,1.0,32.7
0.5158722,-3.9006212,0.0066992166,-0.73266333,-1.5230132,2.6780756,-0.21822964,0.91758174,-0.25950262,-0.16966358,-1.4043863,0.83092874,-0.17699623,-0.20110615,-0.22020338,1.5830668,0.47693333,3.156472,0.44488758,0.14549883,-0.3895133,1.8877531,16.085348,0.599522,-0.014375211,-3.9195244,-0.16773371,-0.32811385,0.37984735,-0.17305715,0.21802886,-0.25401035,12.35069,-1.1872175,-0.9266679,1.0823988,1.616743,-0.18541753,0.41242155,3.7900472,0.84540117,-1.5905309,7.3737884,-2.925332,0.33007497,1412.3,1,46.4,1.0,100.0
3.3666892,9.160747,-0.051234614,0.34110937,-0.24973154,4.8632994,1.2138488,-2.221392,-0.327421,1.0994443,2.1805186,-1.6145244,-2.7501638,0.04029176,-0.14809348,0.64768326,0.7895617,-0.42462555,-1.0064983,-0.035677876,0.45096916,4.2793965,-2.976786,-0.6862766,0.44362998,-2.6279428,-0.4747521,-1.0080726,-0.09168731,-1.1568604,0.07854002,0.19059153,-14.817161,0.0031011961,0.13245258,0.4463345,4.22981,0.7113632,-1.0412979,-2.9129202,1.5526394,-2.3774474,-3.339205,4.4613547,-0.42959863,149.14375,1,4.9,1.0,59.7
2.7568636,0.96176183,0.9960298,-0.7682095,-0.93970007,-5.4931293,-0.34326878,0.25162768,2.9054046,1.625652,3.565585,-0.23843,2.163055,0.3996882,-0.5376174,0.8130863,-0.33637902,-1.2429229,0.665631,-0.6427971,0.7163686,-0.18116197,-1.3701198,0.83692837,-1.3655,-14.001816,-0.46783775,0.52808166,0.54818773,-2.0214856,0.48564056,0.4039268,105.45068,0.15115218,0.95259744,-0.019785678,-1.7517422,-0.14668925,0.35190278,1.5660328,1.1833878,-3.62495,2.7871175,-0.5081601,-0.2572644,1923.65,0,100.0,0.0,63.2
-1.2294614,4.9635687,1.7458055,0.17307623,2.8478136,0.84752357,0.45517042,-0.2225294,2.4611108,1.3069685,0.036323346,-0.106158525,2.7319791,-0.46610183,0.4802351,1.4434189,0.09805319,1.0737618,0.19239989,-0.582733,0.08075501,-1.7016382,10.111203,0.26882023,0.9451619,1.7407765,0.2914193,-0.42055804,-1.2380667,2.7424574,1.4984658,-0.31763902,-56.189865,-1.0046196,-1.1098397,-0.16919424,-4.5452933,-0.6024302,0.68015504,2.817747,-0.59530854,2.3851154,12.412329,-0.04697935,-0.54116786,1759.2875,0,77.8,1.0,57.8
0.32924125,0.8273897,1.3837173,0.14380401,2.3154347,-6.4944615,-0.87945926,1.7703661,1.5711982,-0.07240356,-1.2809179,1.0885009,0.14223439,-0.23531142,0.5609633,-2.3048794,0.7214452,3.1650817,0.6672716,0.08093971,0.53953785,3.1745408,-13.712754,-0.028477611,-1.6017989,9.192324,1.148428,2.0677342,0.41658592,-1.6169525,2.868415,0.24624042,-35.937016,0.059957407,0.021376276,-0.24821997,-5.885453,-0.3229811,0.59634614,2.057799,-0.8764829,4.8687673,6.3660865,0.96585953,-0.38036904,3043.75,0,100.0,0.0,100.0
0.48542038,1.492468,-0.5997633,0.4367032,3.915925,-6.5653353,-0.10329429,-1.4251838,-3.356888,-1.7843405,0.16725048,-2.3720677,-4.0440474,-0.3169807,0.20557947,0.7650047,0.4813398,2.695678,-0.24407256,0.32455686,-0.58725435,0.3980676,-0.72317904,0.44485515,-1.3173211,5.259853,-0.46707058,-2.3268409,-0.83399385,0.9943589,0.5655484,0.0005192215,-40.293396,0.86775476,0.7862226,0.42432913,7.922349,0.6850567,-0.74461335,-2.035227,-0.65546536,7.1460147,-0.23700443,4.632848,-0.6097994,206.975,1,6.8,1.0,68.0
0.6740404,12.653485,0.40669143,-0.1331681,-3.336294,1.5855826,-0.2603094,-0.29437643,-1.5724927,-0.10710454,-1.299802,1.6036704,-3.6753838,-0.37126732,0.010723425,2.169755,-1.0022484,-2.5906296,-0.53771675,-0.15907551,0.8699097,0.46426007,-10.186506,-0.6230563,0.79541,-14.798901,-0.6622659,0.006006523,-0.4002645,0.59172976,0.50973433,0.4645701,114.53013,-1.5197294,-0.7916089,0.9304778,6.415842,0.033713583,0.23839475,-2.4699361,-0.97441214,-4.0385613,-11.02912,1.2916077,0.22559391,2212.8062,1,72.7,1.0,100.0
-0.16084641,-4.498126,0.18568477,-0.33161393,-0.83254206,-0.314289,0.55866146,0.13018097,0.63154626,-1.175637,2.2050068,0.3955735,2.3004236,-0.057559345,-0.18681191,0.59890425,-0.6306276,-1.1583744,-1.0678797,0.3063114,0.41736022,-3.0679126,-14.972041,-0.59910834,1.0093644,5.556317,0.99158317,1.0563093,-0.31808528,0.7045704,-0.67379165,0.28055403,-52.890583,1.6012661,0.8954271,0.061458822,2.7884734,0.3374018,0.7213253,3.7208362,0.9425649,-8.20217,-5.6759014,1.1300606,-0.07877913,919.2125,1,30.2,1.0,100.0
-0.8477887,-0.24214812,-0.24849299,0.3651519,0.84372383,2.0442514,-0.48218384,1.6116529,0.9074744,-0.701459,2.53934,-1.5326034,3.32811,-0.06959588,0.5514532,-1.2459761,0.5176274,2.137689,1.8184154,-0.5009617,-0.2301491,3.1857934,1.7933242,0.0013087734,-0.96072704,-5.716561,-0.54211056,-0.8715331,1.0751244,-0.14283486,0.7819626,0.48714286,46.875214,0.819364,0.620028,0.46966112,5.3769627,-0.100994475,0.48353395,-0.5012234,-0.76808655,-1.5705073,-7.220012,1.8700881,-0.4288396,1853.6438,0,83.0,1.0,60.9
1.146781,-6.8504515,-1.3379097,-0.3168401,-2.9698453,1.6532795,-0.32751843,1.6267487,2.566282,0.4822202,1.1386983,-1.3537877,-3.8061266,-0.40374935,0.15552326,2.6169224,-0.41927102,2.7710733,-0.22266535,0.40852836,1.2283168,2.688711,4.5003867,0.867974,-1.2848465,-1.0007269,-0.17463644,0.23976728,0.5080281,-0.29770717,0.35449854,-0.3594049,12.657133,-0.06333215,0.9055476,-0.5096243,-4.7738047,-0.826526,0.19963352,-1.9647565,0.89868987,-2.8227139,-8.819922,-1.2885036,0.40274128,2781.9875,0,97.5,1.0,91.4
-2.177301,-4.130716,-0.68472826,0.23632725,0.97396696,-0.3974207,-0.2939354,0.11919234,0.39722422,0.5401825,1.0821711,-1.7040561,-5.3931236,-0.93595093,0.5545398,0.1994907,0.69357866,3.9281569,-0.33774155,0.58171767,-0.0791732,0.67011344,21.648874,1.3441086,-1.697713,4.1555367,0.70993555,-0.810201,-2.0429442,0.82834834,0.35468403,0.8634034,102.133446,-1.1436595,-0.7296612,-0.39482686,-2.5926638,0.112867795,-0.44694993,0.84313536,-0.1447786,5.4309826,3.5440247,2.4565458,-0.18587379,550.91876,1,18.1,1.0,100.0
-0.587173,-4.9649844,0.08531552,-0.5790209,-1.9424728,2.9568622,-0.019969802,0.8946944,0.9861801,-0.16105227,-2.614679,1.5110803,2.9968534,0.66933423,-0.28314227,0.78452754,0.3641328,2.3413768,-0.30057225,0.6493286,0.14663301,-0.37324077,-13.937223,-0.9631428,1.0386378,-14.767327,-0.6889221,1.7297325,0.12331555,1.6925234,-1.5639657,0.09488793,16.412756,0.73430973,0.6427053,-0.3482004,-4.6469707,-0.30394182,0.24238783,2.8591912,1.8237351,-5.5533886,3.4379396,0.5881685,-0.5490025,36.525,1,1.2,1.0,23.1
3.529226,4.995628,-0.2980464,-0.28552905,-1.7196165,-6.2595053,-0.8108282,1.7258886,0.23357616,-1.192198,-0.856005,2.5397384,2.1743793,-0.5821946,0.4816478,2.520996,-1.5577066,-5.2860656,-1.7094893,0.49459654,0.44745827,2.3919432,-6.164524,-0.68879896,0.33930546,-7.1372356,-0.5409966,1.3480469,0.5990054,1.3709782,1.8513613,0.40335822,-67.10323,1.3574381,0.80984825,-0.24672513,-0.5069864,0.7689336,-0.83453965,-2.4654064,-1.0287226,2.4326832,4.6435356,0.12891543,-0.5294212,821.8125,1,27.0,1.0,45.0
1.1260581,-3.9465861,-1.1404519,0.61077607,2.0855827,0.5514778,-0.30891064,1.0134585,1.0869585,-0.61547935,-4.059368,3.3064098,4.323524,0.18970107,0.07961973,0.21541642,-0.86993104,-0.61182356,1.4359099,-0.51892024,0.13024046,-0.62787,-1.5396017,-0.5283873,0.65754783,-6.03045,0.029836463,2.7314863,1.1292962,-0.5177107,-0.091195226,0.18477152,70.0973,-1.3538507,-1.1728681,0.2559737,-1.10757,-0.5041191,0.4953018,1.5639007,0.49914065,-1.5205797,3.7991695,-6.219919,0.641662,505.2625,1,16.6,1.0,36.3
-1.0766823,-6.0443764,-2.833312,0.23625351,-2.0816393,0.99101937,0.3781047,-1.3010966,0.8729455,1.7594004,3.3982422,-1.3483218,-3.2162204,-0.10788996,-0.34923,0.69059443,0.39516,-0.5257581,-0.186351,-0.44069895,-0.1892344,-0.4200556,13.756622,-0.120507985,1.111688,14.103109,0.09053524,0.13712561,1.471832,-0.7248545,1.6227963,0.7171254,-11.109706,0.81468606,-0.04078145,1.2863591,-1.0689024,-0.9529077,1.0385168,2.4410594,0.49245548,-3.9342906,-6.847613,-1.5253264,0.5071387,2218.8938,0,100.0,0.0,72.9
0.6329843,1.7816695,0.05277572,-0.030716423,1.3760031,-3.548051,-0.4447687,-0.29966843,-1.2337914,-0.4906451,0.7789064,-0.96740806,-0.5787224,0.47653973,-0.5613763,-2.329252,-0.012845565,-1.527628,-0.2569738,0.17440538,-0.38481405,4.911625,17.610912,-0.19198199,0.9802606,14.651504,0.5381659,2.4139507,0.11710127,2.9339957,-0.6610688,0.3135142,-27.71748,-0.16434526,-0.80398536,-0.11245958,0.90851253,0.42754313,-0.026785087,1.1680487,0.19150211,6.9066005,-2.4054773,1.0866786,0.34005964,179.58125,1,5.9,1.0,100.0
2.1266496,7.5035024,-0.5308568,0.33387807,-0.23359007,-0.19105338,0.32573658,0.6333696,2.334063,0.8004657,-2.4045568,2.622849,-0.87975585,0.1305362,-0.4280171,0.8476075,0.32267278,4.5601373,1.7008225,-0.45286062,0.03696332,4.2621655,16.801165,1.012555,-1.6399109,-5.0970416,-0.40609875,-2.6556284,0.008821849,-0.65409565,1.6756458,-0.18232204,-49.215096,-0.62951714,-0.9079972,0.8449332,1.5201199,-0.63527465,0.2956036,-1.5810399,1.1119782,-10.004812,-4.32181,0.9762793,-0.34452334,1330.1188,0,100.0,0.0,43.7
-2.127405,-2.846684,1.1556392,-0.45215917,0.3328384,-3.1197577,-1.2259529,0.38951513,0.21104413,1.4226648,-3.7918289,1.3185843,1.8652351,0.60890853,-0.23826848,0.095535,-0.8736882,-2.1054716,0.0543085,-0.028994136,0.39944106,-2.2590928,-4.3177166,-0.68252856,1.6903298,4.8325477,-0.7531638,-2.77073,-0.28292066,0.033887688,-2.262564,0.05281887,55.10483,-0.08625734,0.07390596,0.952866,0.78204596,-0.21215452,0.81685233,3.8034983,-0.61064476,1.9704176,0.11830424,-2.5075524,0.28370842,794.41876,1,26.1,1.0,63.4
0.18797709,-3.4838216,1.3208517,0.2734919,3.8908322,-1.6472007,-0.07811191,-0.102122724,-0.052050244,0.97651714,1.6823357,-0.5406287,1.6826415,-0.03038635,0.48646897,-1.1174362,0.9745083,0.08975937,-0.9800085,0.2087777,-0.38169408,-3.6445825,-14.091401,-0.3017397,0.5373715,3.8350875,1.1883559,1.4882629,0.19004284,-0.8256947,-1.1068467,0.30683374,60.96103,0.26776484,0.29106852,0.1341445,-0.5522508,-0.04423441,0.7534918,3.7650034,0.6945139,1.0325825,-0.5826802,-0.6923698,0.4772678,675.7125,1,22.2,1.0,44.7
0.2442387,1.6643959,0.8557428,0.4989912,1.6054643,-2.9814513,-0.607002,0.9750896,1.503044,0.6533449,0.76301485,-3.1104846,-6.3687406,0.12396569,-0.48125455,1.6974175,0.7571487,-0.44247594,-0.062395245,-0.5876072,-0.5512557,-0.33954182,-3.4811845,-0.58610976,0.22844206,-6.7576985,-0.4749649,1.832557,1.9231471,-1.5579516,-1.4114417,-0.3219179,65.74483,-0.61106896,0.062234107,-1.4183568,-5.251215,-0.24103281,-0.06304541,-1.4202191,-0.48650068,-1.05312,-0.99037325,-1.0558852,0.039204117,961.825,0,69.6,1.0,31.6
-2.3009832,-0.63741255,0.5988886,0.50778025,3.2993667,-3.0087416,-0.7439279,1.2846442,0.9569988,-0.34506005,-2.4214776,0.48343283,-0.18499145,0.091732986,-0.017696604,-1.2733104,1.2491362,2.3988504,-0.16876441,0.021809988,0.24837312,1.8635216,-7.6174765,-0.93368864,1.6440853,11.972015,1.2865506,-0.59736395,-3.0719514,3.288826,0.96914726,0.21213138,24.65204,1.1742505,1.009411,-0.73002493,-1.9724483,0.116449304,-0.97464603,-3.242474,-0.48300222,-3.8252304,-1.9264659,-0.061846144,-0.04018448,3043.75,0,100.0,0.0,100.0
-1.763777,2.0327077,1.3167427,0.060645748,2.3307354,0.71011627,-0.4327655,-0.003780295,1.3704429,1.1620162,-0.373646,1.4940661,-0.75341135,-0.14969578,0.05657112,1.7971696,0.5111923,0.13145684,-1.5880212,0.4240745,-0.3879377,-3.1547728,-9.343019,-0.50424504,0.64731574,4.44243,0.52559173,1.1102425,-0.079947025,-1.6589471,-1.2979372,0.063793965,108.09649,0.37896127,1.1086141,0.2758961,0.12169249,0.4584993,-0.6472679,0.2787662,-0.120751455,-1.3678955,2.995785,0.115531415,0.07308111,718.325,1,23.6,1.0,49.2
-1.5347623,-6.4738417,-3.0253592,0.45531565,-1.2986572,-3.8076863,-0.05836928,-0.76191646,1.406234,0.6910725,-0.5263362,0.92814445,3.1848981,0.27063024,-0.39891872,-1.7552236,0.45962623,1.6864302,0.83559316,-0.44573033,-0.1278488,-1.0147777,0.8486934,0.1049192,-0.5075851,1.3727267,-0.7942524,-2.3754356,-0.85165894,-0.74159473,0.24495134,-0.25232822,-76.013664,0.99003345,0.5488611,0.26959783,-0.4687822,0.73469526,-0.7834934,-0.44506526,-2.0179687,-2.690257,-5.4188857,1.8575003,-0.6203395,3043.75,0,100.0,0.0,100.0
1.1354563,-3.2491317,0.1422071,0.16266306,2.2813911,-6.9278393,-1.1676569,2.0755944,3.0998156,1.3377098,-0.04126995,4.115115,7.536045,0.61916757,-0.17200565,1.1824238,-0.56108993,-1.136905,0.95337224,-0.43677044,0.9048428,2.186264,3.5242424,-0.07769191,0.542083,9.985047,0.69491655,-2.3589294,-1.4213353,0.41461843,-0.07545794,-0.15913321,29.409433,-0.5696544,-0.7705244,0.32617038,-2.6794531,0.104366876,-0.20237337,1.2789125,0.45701614,-0.46374217,-12.603876,4.379679,-0.23683727,599.6188,0,70.3,1.0,19.7
-2.4313195,2.049683,2.125149,-0.5078873,-1.1761916,3.142374,0.36027452,-0.5792954,-1.7997392,-0.008261285,0.26528454,-1.7630188,-0.55407083,0.2376346,-0.20608652,0.29693055,-0.2465391,-1.9041779,-1.3787255,0.6422323,-0.6212126,-5.050967,-2.1157773,0.86356443,-1.1475616,-2.052855,0.5797237,3.6787794,0.24970296,2.1355286,-1.4119109,-0.14497004,-15.469582,0.41541687,-0.04573312,0.9426962,2.8057466,0.33085886,-0.97713494,-1.524631,-1.6439936,7.2406254,3.9014258,0.9196993,-0.11788035,560.05,1,18.4,1.0,52.3
0.7119629,-3.0456705,-1.4811102,-0.3948567,-2.641418,-2.5628684,0.6392787,-2.4311852,-0.7667291,1.0331055,-2.6740913,0.8067263,-0.4662168,-0.5476984,0.5405312,0.34914243,1.028606,-0.27284956,0.23726931,-0.50273216,-0.33060077,4.2351036,18.076082,0.57639587,-0.5222557,-3.3131163,-0.090997726,0.21670923,-1.1473864,-0.23064558,-2.9998791,0.06435987,63.783543,0.7218314,0.78102976,-0.24985504,5.5047307,0.111308664,0.39664012,0.943445,-1.8759508,9.163454,10.547495,-2.391823,0.17745554,1664.9313,0,100.0,0.0,54.7
0.0020889817,5.3033166,1.8151689,-0.55090916,-1.252647,-1.6159273,-0.79086465,0.33414918,-0.8235035,0.39731482,-1.7980309,-0.36536866,-0.6081849,0.67356426,-0.4329875,-0.0754784,-1.0040839,-3.0916235,-0.15912615,-0.5391083,-0.46369925,-2.049976,2.5064132,-0.20655958,1.5647517,-13.462511,-0.8056083,2.2798119,0.34992886,1.9825264,-1.335965,-0.6869382,-85.49442,0.22284488,-0.39549524,0.43004507,0.52917844,-0.14653175,-0.093643636,-3.6301725,0.7000271,-4.022331,-13.797026,1.8390038,0.2688139,697.01874,1,22.9,1.0,57.7
2.3761783,8.554833,-0.20860322,-0.40315476,-4.055869,5.262592,0.42564768,-0.96165496,0.42034072,1.3496183,-1.6021569,0.110006765,-3.872594,0.1349178,-0.22144896,-1.1914724,1.2200285,0.97826815,0.319805,-0.39162633,0.4523907,1.5077157,21.103006,0.35268855,0.86583453,1.6233121,0.15155578,-0.75216436,-1.9864659,2.7015862,-1.4354746,0.11483608,56.95276,0.003166154,0.15210924,-0.51412034,-1.9931259,-0.30281502,0.8071877,4.035027,-1.2072166,8.063455,13.186255,-0.84660363,-0.28390062,569.1813,1,18.7,1.0,100.0
-0.03816744,4.4898806,0.47357264,0.10481276,2.9174953,3.7175736,0.008505852,0.17073198,1.0124066,0.42122862,2.0761333,-1.4269803,-1.5656029,0.26408678,-0.15732959,1.2702415,-0.52141744,-0.71420413,-1.014316,0.22635603,0.33113393,-1.9278036,-14.01523,0.10630791,-0.861395,3.1101363,-0.14850093,-0.2530964,2.1880586,-2.0931866,1.8493983,0.10029471,-29.49371,-0.5365803,-1.0962414,0.47913307,1.8506055,0.073098026,-0.41319257,-5.0277095,-0.87409097,-1.793143,-6.193848,-3.1453865,0.4724524,1217.5,0,100.0,0.0,40.0
0.31929812,-1.9520617,-2.1044211,0.6199188,2.3750608,1.0294547,-0.39601356,0.0068325507,-0.6046817,0.3386466,-2.8783383,-0.44801962,-4.8536053,0.045321986,-0.32395846,3.120396,-0.5839285,-0.01071366,-1.0092578,0.4360053,0.3538204,0.8147796,-9.481757,0.633082,-1.4318299,-1.735944,0.33050218,0.8790299,-0.3577813,-1.169296,-0.09177893,-0.117227934,-37.708958,1.278788,1.022279,-0.87877107,-1.1197658,-0.14768973,-0.13170488,-1.7311705,-1.6057044,8.632462,3.619975,3.0874617,-0.25683832,681.8,0,100.0,0.0,22.4
-0.15646054,-4.193001,-0.8399611,0.8472236,1.6457547,-5.7017174,-0.43004918,0.30637324,0.82523763,-0.1982383,0.12091114,0.9353957,1.0892088,0.4272241,-0.5716901,0.7614869,-1.638092,-1.3130393,0.72517335,-0.24079731,0.58072203,2.180661,9.487622,0.25437036,0.009492466,-10.211798,0.17597537,0.29410163,-1.0304816,-0.2969651,-0.30211452,-0.5331588,-73.08817,1.8063787,1.170307,0.5354666,-1.8690362,-0.87780046,1.0958354,2.7562644,-0.019108413,5.4448867,-7.118802,1.2574483,0.3003901,1387.95,0,72.7,1.0,45.6
1.9147085,-4.862339,-1.7776986,-0.40764177,-4.1242843,-5.8794827,-1.0183682,1.9445652,2.939699,1.2900367,3.0880113,-0.5320328,3.1682868,0.5303218,-0.2836642,0.09354451,0.1848866,0.6249749,0.046129297,0.35037872,0.62461776,3.2791963,-3.7754464,-0.9691587,1.0621636,-1.3560566,0.10028257,-0.003992717,2.243926,-3.422482,0.26690087,0.33672437,-40.435505,1.4601018,0.9252736,0.3141195,5.0460887,-0.037147097,0.5090993,2.4555273,0.7129201,3.26321,11.699456,-3.46344,0.048932735,1333.1625,1,43.8,1.0,95.8
1.5646355,1.143952,-0.434921,0.1964161,0.3155274,2.781263,-0.40323585,0.40185365,-0.8871824,0.2849298,0.08551077,-1.2163657,0.08328932,0.39671415,-0.34299845,-0.42140377,-0.37622172,-0.31761476,-0.15546936,-0.096826985,0.17326589,-1.3385719,-1.7014318,-0.073003076,-0.27140382,4.270777,-0.8586025,0.1610091,0.48950765,1.3437623,-0.06447331,0.92722285,41.821903,0.4149483,0.15083756,0.29084247,2.9721718,0.013365347,0.9929989,3.8837297,-0.32438177,10.327773,-1.3569835,1.178199,0.40912557,60.875,1,2.0,1.0,100.0
-2.6288195,-3.3377328,0.13609347,-0.3250361,-1.2384127,0.19926381,-0.44860956,1.3165712,-0.77263856,-1.1550863,-1.4937278,1.2419283,1.1665078,0.24613342,-0.02233667,0.22993405,0.1722979,-3.9459007,-0.8029871,-0.15926756,0.46504462,1.5378629,-2.7860818,-1.0881101,1.5773274,-2.269322,0.7944095,-1.4748454,-1.7135049,0.36138654,-1.8492712,-0.63227034,-75.7455,1.4501982,1.0862795,-0.98999816,-8.830725,-0.3077031,0.5187983,4.9638305,1.0739303,-11.465396,-8.655643,1.7195944,-0.33956686,1165.7562,1,38.3,1.0,78.0
1.2168698,7.3304253,-0.5661382,0.217195,-0.42279944,-2.8569744,-0.4064275,0.22151601,2.105804,1.1681141,3.1780448,0.55990225,0.69329727,-0.9098102,0.53698653,-0.3301011,1.5943882,5.052243,1.055509,-0.12843084,0.026596181,-1.7285486,-25.785656,-0.4220689,-0.39522418,8.000544,0.32303232,1.073631,2.3108416,-1.6486561,2.7483635,0.018108502,-37.734314,-0.47510207,-0.28941467,-0.05140281,-7.2789345,-0.15041882,-0.8241515,-2.782752,1.6995295,-5.1049747,-7.8527966,1.9446441,0.120468676,2221.9375,1,73.0,1.0,100.0
0.35534573,1.9095129,0.15346858,0.51417315,2.3022141,2.1037962,0.3000006,-0.90145844,-1.381618,-0.21558273,2.6107376,-2.3623836,-0.73564917,-0.089997835,0.2643711,2.7493675,-1.0755501,0.25876334,-0.024372797,0.4062603,0.096311055,-5.444488,-24.030563,-0.47411674,-0.15969127,-8.678818,0.30109048,0.14929529,-0.3519596,-1.6573727,-0.079653576,-0.4768898,-104.49972,0.4726961,-0.44464862,1.3061497,4.564889,-0.030891659,-0.23307726,-2.2193294,-0.73452544,-1.4972348,6.8235445,-0.7684363,-0.43591207,39.56875,1,1.3,1.0,12.8
-2.0827487,-9.959107,-0.45723376,0.047846586,2.4291964,2.090144,-0.5619872,2.3831282,0.7838823,-1.145141,3.5820627,-1.7381811,1.3829625,0.20434678,-0.02075336,-0.020834614,-0.20920996,-2.7469192,0.11846474,-0.4894877,0.4392684,5.9228973,-4.563417,-0.9761025,0.85973567,-3.9313738,0.5897104,0.14428186,-1.8182075,3.269186,-1.4924486,-0.054815892,26.758316,0.4759283,0.20594916,-0.12034264,0.041604426,-0.2005493,0.5041922,5.0653424,-2.2733724,-0.28905,-9.851375,-1.252369,0.5213355,967.9125,1,31.8,1.0,51.2
0.73979247,0.95027447,2.3908963,-1.2564331,-4.049167,0.85340726,-0.0668215,-0.14677723,-0.24885023,-0.7853603,0.7503248,-0.8702137,2.4114513,0.4614975,-0.22639354,-0.70035106,-0.72124314,-0.41513786,1.8396612,-0.57091033,0.6036545,-0.12201882,-9.791068,-0.20788175,-0.25110406,-1.7444482,0.21663992,-2.5942378,0.044309612,-1.7694981,0.39515027,-0.43901986,-133.19902,0.1313348,-0.97445863,-0.1820003,2.025607,0.15202609,-0.5075829,-0.945938,-1.8874362,0.43727118,-7.305591,2.2276602,-0.12492044,362.20624,0,52.4,1.0,11.9
-0.6028087,-6.739401,-0.4591879,-0.20569627,-1.0509195,3.9678285,0.0061765397,0.9220255,0.6590711,-0.15765825,-2.2617397,0.5168204,-4.6377344,-0.23017071,-0.068642735,2.920364,-0.019212632,5.06098,1.7993399,-0.56467104,-0.10416912,-5.0999017,1.0964769,0.91458094,-1.2623914,-9.606469,0.23451203,-0.23509945,-2.2567139,1.9925125,-0.10001653,0.6649719,26.831776,0.051590066,-0.25273222,-1.3677664,-8.158994,-0.71236026,0.6256337,1.2404306,0.9263437,-8.235976,-13.873905,3.5494819,-0.24672173,42.6125,0,2.6,1.0,1.4
-0.87089545,4.9794073,0.9252664,-0.31567505,-0.6251112,2.8797667,-0.49074197,1.5657749,0.6953049,-0.5811184,1.0702109,-1.491313,0.1121647,0.24699628,-0.14976016,0.21006046,0.26634786,1.847296,0.6380217,-0.66399753,-0.0770599,-2.098869,17.025702,0.38292906,0.75714165,-0.53531116,-0.8755098,0.806764,0.1951297,1.373648,-1.8833954,-0.31746358,18.58936,0.47495478,1.0180489,-0.8652431,-6.1518536,-0.7534067,1.3386735,3.9673502,-0.37234324,4.2991185,5.186715,-2.57609,0.49158233,1509.7,1,49.6,1.0,100.0
3.2645316,3.5156798,-1.5566283,0.24437234,-1.3605998,3.0028844,0.31419703,-0.71421283,1.7624171,1.8038282,-0.6433589,-0.18124506,-0.3113806,0.22775656,-0.44219708,-1.181651,1.1774019,-0.18596049,-1.1802424,0.40967935,0.02684093,-2.7330809,-5.308182,-0.21105893,0.52598,-3.5780618,0.5778663,1.4244806,1.4817264,-3.3657677,-0.2558266,0.5089444,97.21768,0.10161727,0.6646125,-0.030240722,5.8046546,0.25168845,0.6244167,3.5040116,0.38558972,-4.9916186,-2.956029,-0.66973,-0.042727023,161.31876,1,5.3,1.0,100.0
0.6609347,-4.5527854,-0.3139115,-0.4363972,-3.526376,0.38323212,-0.8771113,1.1859071,2.205774,1.1403788,-2.8452446,2.8022017,2.313731,0.3400364,-0.46338376,-0.5795215,-0.60728693,-5.0830226,-0.9086425,0.08489618,-0.77694553,0.7270314,3.4639437,-0.39720082,0.26101446,4.190754,-0.74477667,1.261766,0.78323114,1.4562125,0.57812786,-0.4313459,-66.117584,-0.1344311,-0.17122628,0.77694106,-0.43080747,0.28363883,-0.77805585,-1.5289296,-0.4202543,-8.510594,-3.4748414,-3.5501575,0.464727,2386.3,1,78.4,1.0,100.0
-1.8135178,0.50058174,-0.36146024,0.53468853,1.9422979,2.4383125,0.07941754,0.95381194,-0.35463676,-0.36582616,1.35048,-1.524241,1.1242238,-0.20449056,0.29918337,1.7763714,-0.41669288,-1.3243369,0.03155784,-0.6394815,-0.083179444,-5.277637,-22.179976,-0.4532544,0.23439236,-7.163359,-0.9252392,-2.5235415,-1.920607,1.07175,1.0215867,0.4650264,103.19231,-1.5184891,-1.1541047,0.71222365,3.636699,0.3979602,-0.7089458,-1.9415882,-0.93807894,-1.8848712,-2.7082164,-3.0164332,0.24371597,273.9375,0,100.0,0.0,9.0
-0.9040513,2.0400298,2.6759427,-0.74480313,-0.84140927,1.7488155,-0.35839936,0.022169167,-0.2502803,0.8730618,2.4216592,1.8220012,2.9892335,-0.49253467,0.3880334,0.06742503,0.20298892,3.2803113,1.0644199,0.013650292,0.38625962,-5.704946,-9.068927,-0.4632553,1.7128333,-7.9101195,-1.2957577,-0.25081474,-0.19165292,2.6111393,0.85420465,0.24771497,80.60883,-1.1414853,-1.0363857,0.41704473,3.764293,0.5572583,-1.0844615,-5.0695367,-0.27767706,0.36566553,-5.9385033,3.642443,-0.6685754,3043.75,0,100.0,0.0,100.0
0.15418898,2.9717958,1.0238503,-0.41284558,0.39856786,-2.6328585,0.73600423,-0.70972127,-0.5838805,-1.0356818,0.36121443,-2.0965412,-4.5588956,-0.7943064,0.4842081,-0.33176425,0.98611295,5.301692,0.8374561,-0.018329894,0.7209708,-1.8321964,1.5362031,0.76337796,-0.7132922,4.802052,-0.22534505,-2.6987624,-0.46976027,-0.34253186,1.4441426,0.33886778,-16.780106,0.3872829,0.16317241,-0.9131005,-0.61615,0.7595153,-1.2953835,-4.809895,1.1951486,-5.0048685,-0.05170406,1.6380628,-0.23518968,255.67499,1,8.4,1.0,100.0
0.0074352655,8.581581,0.70813674,0.4805511,0.9482437,-0.57260704,0.07915827,0.110725544,3.7260866,1.4610097,-1.4672076,0.7592595,0.7756039,0.41150865,-0.06339013,-0.012960308,1.2153236,0.5041763,-0.28502104,-0.0827503,-0.7139206,-1.4383411,0.3168672,0.42100072,-0.70976454,-3.857678,-0.61151606,-1.3004936,1.1893609,-3.292557,0.16084035,-0.5447391,-53.947243,0.37516412,0.7304273,0.029404996,-3.182293,-0.45772153,0.29615033,-0.463072,1.0616739,-2.543736,-1.5201077,-2.5306718,0.555588,1762.3313,0,100.0,0.0,57.9
-2.6342032,1.8878739,1.3152215,-0.06798312,-0.7706932,3.1779864,-0.1234428,1.5651988,2.839078,1.405135,-2.3245382,1.5392121,-4.0049906,-0.14656697,-0.26631567,0.32731286,0.11758775,0.015886897,0.67536455,-0.19489546,-0.7635147,1.695583,14.5714445,-0.5728962,1.7794831,-0.16424182,-1.3232404,-3.2879484,-0.6827663,0.55568796,-1.0189016,0.1301662,47.587593,-1.0209,-1.1428612,-0.0927707,-2.7984345,0.55931157,-0.37827694,1.8383005,-0.11330981,1.6967881,6.3402658,1.7510035,-0.35130507,943.5625,0,100.0,0.0,31.0
0.13179456,-1.141274,-0.24226579,0.41008392,2.283865,-1.554476,-0.024040073,-2.0758364,-3.963378,-1.6181602,0.6664266,-1.7528417,-3.6976912,-0.45571932,0.10816311,-1.5417501,0.8645542,0.8486866,-1.143505,0.40551877,-0.6319184,0.54402363,-9.082231,-0.70025635,0.13212521,3.9429631,0.55425745,1.2842776,1.6482054,-0.93608654,0.073520444,0.46084473,45.44363,0.37395772,0.62713516,-0.91786337,-6.0933967,-0.6741717,0.8302045,0.6429257,2.0264704,-2.7526815,1.7188976,-0.47486064,0.23176466,249.5875,0,12.8,1.0,8.2
3.523387,12.50264,-0.015106433,1.1028289,3.3112733,5.6757145,-0.2969598,1.503405,-0.61244565,-1.1547709,-0.70597845,2.366792,5.743971,-0.038568232,0.5727927,-2.065292,-0.40193623,-1.986284,-0.7587654,0.5246345,0.74308133,6.559196,9.021428,0.4370353,-1.5746992,-0.41784668,-0.2145145,-0.6323175,-0.6802981,2.281531,1.2190913,0.36602864,96.497314,-0.061748065,0.5262924,-0.64040786,-5.414479,-0.9362918,0.6368326,-0.0567578,-0.07715171,5.246095,13.924327,-6.217137,0.6268802,1914.5188,0,85.0,1.0,62.9
-0.46167699,-4.86409,-1.0508443,0.11291183,-0.3057329,0.27815938,0.34981507,0.6027848,-1.1696486,-1.5124726,-0.64486986,-1.9669195,2.518298,0.673762,-0.17337783,1.7680124,-1.652191,-2.3270016,0.5408223,-0.20512103,0.8376906,-0.058738574,-21.391745,-0.118114874,-1.2322413,14.187811,0.6061953,-2.1937246,-0.36519444,-1.772389,-0.6820416,0.17512535,103.57502,0.28914422,0.9234209,-0.59944427,-5.798468,-0.49929008,0.4818926,-0.48202828,-1.3467499,2.1809163,-7.6545653,0.7785622,0.41155508,1187.0625,0,100.0,0.0,39.0
-2.6964536,-9.599692,-0.37240863,-0.4419231,-0.39362234,7.402562,0.09506455,-0.06744279,-2.5653536,-0.93175834,2.1355479,1.5263432,7.2484846,0.2942308,0.12896264,2.0296602,0.29711944,3.291705,-0.93296564,0.63576335,0.12937427,5.4157515,12.963245,0.6266529,-0.8773088,10.859626,-0.32597387,-3.6573575,-1.2155669,0.1471171,2.593568,0.22809325,-104.50437,0.5297083,-0.42381647,0.21754776,0.92592883,-0.01661425,1.2314979,4.7741055,-1.4092131,8.608212,6.233805,0.72980565,0.013798144,1190.1062,0,68.1,1.0,39.1
2.1679597,-0.94780874,-0.8655799,0.01709183,1.8505257,-4.5723844,0.056900647,-1.3803033,-0.21516193,1.2500311,0.5389739,-1.767219,-3.3679738,0.14312519,-0.49770975,-1.7688878,-0.2252507,-0.025385842,1.2258986,-0.13195291,-0.029192382,-3.4405599,-14.19207,-0.006077054,-0.41772267,13.107642,0.8562323,1.4894111,-1.07703,3.0503702,1.4969774,0.09076024,-18.028313,0.57493687,0.49971524,0.1732197,-1.151787,0.2818018,-1.0081909,-4.782097,0.51997894,0.4969572,4.5756664,0.24604107,-0.26388717,529.6125,1,17.4,1.0,40.7
-2.6254938,-5.171676,0.9929567,-0.7248513,-3.1191146,-1.9733493,-0.37916762,0.6402404,-2.835406,-1.6617371,0.15249422,1.028588,0.22649145,0.66131777,-0.44576937,0.32959864,0.7535653,4.0984554,1.0252013,-0.28960538,0.8443552,0.7982309,-7.177833,0.5251578,-1.5743029,-2.6986668,0.41831812,0.67572564,0.008926468,-1.2726135,-2.203929,0.11890193,66.676926,0.46287242,0.6051765,0.848874,4.4180036,0.47974482,-0.50356156,-0.71183604,-0.120301604,4.273171,-0.38224643,0.80158406,-0.14445893,1050.0938,1,34.5,1.0,69.6
0.9792305,-7.018063,-1.6284658,-0.25477812,-2.9804327,-0.65102506,-0.6263463,0.66513276,-1.2535249,-0.35239407,-0.47084865,0.7543674,0.8950624,-0.64304936,0.26927134,1.0410799,0.5353884,2.2175465,0.96470153,-0.25315452,-0.26354733,-0.9656891,1.6111025,-0.9920432,1.6318765,13.951798,0.28134683,0.058515206,2.5724988,-2.9488049,-0.08965638,-0.50479287,64.0033,-1.0195062,-0.30341855,-0.1062231,-3.6967652,0.23077354,-1.0742536,-3.7200592,-1.3773556,7.84568,-2.75585,1.4420005,0.25744075,2228.025,0,100.0,0.0,73.2
-1.1198733,0.66759634,1.1240107,-0.11407857,0.1552223,-3.444353,-0.0039428654,-1.1554893,-1.111643,-0.64169455,1.071498,1.936552,0.9891323,0.1961341,-0.4402506,1.2403287,-0.4574884,-3.876529,-0.93876714,0.06221484,-0.12780212,-0.088932104,0.5689011,-0.7170014,1.4847176,2.531655,-0.05325778,-0.21015042,-0.58198214,2.2628305,1.6327896,0.77964807,-15.653712,0.64275825,-0.18810914,-0.9512097,-8.564226,-0.25789768,-0.444869,-0.93058556,-0.23171087,-0.6786167,3.4737093,2.136129,-0.5741746,1110.9688,1,36.5,1.0,100.0
-2.0514615,-9.380151,-1.0969894,0.09535378,1.3964778,-2.4809928,-0.6196489,2.1803417,0.82842445,-1.067393,1.575591,1.1291386,-1.3259157,-0.6471875,0.27342215,0.7449706,-1.2771049,-3.7955065,-0.9298393,0.0667336,0.63787574,5.738812,12.405108,0.90963095,-1.8365419,5.3861656,0.78503937,1.6755365,0.8200277,-0.56309766,2.210558,0.11603697,17.371767,-1.1271421,-0.61533177,-0.13542975,4.223804,0.061889105,-0.14792918,-4.677618,1.4355873,-6.8492055,-12.132521,-0.5742208,0.49263975,51.74375,1,1.7,1.0,42.9
-0.6024639,-1.7266848,0.2640119,-1.1066328,-4.087757,0.8991107,0.23870763,-1.4016205,-1.0573391,0.3444846,1.8982171,-2.1954672,-1.0757301,-0.20546155,0.35342622,-0.9637547,0.99173844,2.9914696,-0.26219535,0.2816228,0.11632577,-1.681197,-6.261318,0.68357694,-1.5860064,-0.13877232,1.1968435,0.5689394,-1.9269626,1.950146,-1.3034791,0.4080393,52.760468,-0.40276536,-0.6022082,0.18497019,6.0168724,0.6524515,-0.00025472158,3.248609,0.17979906,-1.1758308,1.6376337,-4.075061,0.42634827,152.1875,1,5.0,1.0,23.2
0.46735278,-6.217653,0.27104333,-0.86209416,-2.490469,-2.8360164,-0.22728752,-0.76215136,-1.228073,-0.0042090495,-0.505209,-0.6254216,-7.239449,-0.23278081,-0.30611944,1.9315295,-0.9794906,-2.546614,0.5666043,-0.32780865,-0.59089786,-3.3504689,-9.132569,-0.66428334,1.1481651,1.2899214,-0.40905765,-3.0929594,-1.8185169,1.2406723,0.40828046,0.43489257,-21.86245,0.78527147,0.10906628,-0.2903346,-2.5726554,-0.14342663,-0.38201445,-4.4730506,1.0606769,-9.891036,-11.616223,-0.9012209,0.54571444,1232.7188,0,67.4,1.0,40.5
-1.9730794,-3.1241162,-0.4149739,-0.021591699,-1.6268678,6.0052967,0.487227,0.37355787,2.7977223,1.3877567,0.17276764,-0.49692792,-2.4280672,0.19030921,-0.13267015,2.7305117,-1.8066984,-1.4331177,1.063544,-0.40039092,-0.20902629,1.1032008,23.4664,1.0088668,-0.98867404,-6.4746265,-0.56918496,-1.4012685,1.3363199,-2.620643,1.1340429,-0.22179869,-97.40656,0.4302785,-0.3691625,-0.52106494,1.4916062,-0.09150171,0.8709688,3.4430838,-0.85744405,6.6560707,5.2069836,0.4545733,-0.14028008,362.20624,0,60.1,1.0,11.9
3.076097,2.029299,-0.7922187,0.43754077,3.6991618,7.748713,0.64848214,-1.2948332,-1.1032352,0.6893676,-1.749653,0.3195807,-4.016039,-0.5254669,0.3045792,-0.6750225,1.4628043,-0.5357164,0.049288526,-0.55035555,0.9381812,2.1848302,-17.234194,-0.033564825,-1.1241761,-4.2282877,0.15041049,-0.64146596,-1.1523443,0.50011903,1.0338914,0.5464617,39.065235,-0.729893,-0.76590204,-0.08992951,-3.5496645,0.3624134,0.057832032,4.1999307,-0.9482762,-4.6518817,-7.7539268,-1.4261426,0.28418714,1098.7937,0,46.7,1.0,36.1
0.36913183,-0.9515211,-0.5227179,-0.38411763,-0.08729847,3.1706257,0.7266233,0.23786333,2.981786,1.3393104,-0.32550812,-0.13826819,-4.9982653,-0.76697713,0.3405752,-2.0291893,0.8771181,-0.17427185,0.4545634,-0.3955871,1.1829766,4.9268165,5.621719,0.8283189,-1.7004532,15.263067,1.5946531,1.6158093,-1.8497854,2.967606,-1.7353846,-0.07598145,-12.887184,0.3503238,-0.29649544,-0.3479887,-4.138402,-0.21405593,0.50967187,3.2259438,-0.738478,6.3841386,2.0564933,-1.1461053,0.2721359,283.06876,1,9.3,1.0,100.0
-1.8774693,-9.199805,0.16697596,-0.2961482,1.5082942,0.6313699,0.39280978,-1.2285621,-2.6809394,-1.2699972,0.687124,2.4464564,2.3207555,-0.27839023,0.32929665,2.8926914,-0.3281005,-0.7902658,-1.3598251,0.46220946,-0.44938445,-1.8353257,9.2863455,0.1158558,-0.1007095,-5.510089,-0.43505535,-3.5218387,-0.43923834,-2.0018368,-3.0099678,-0.7421516,17.871277,-1.0963374,-0.53323,-0.43856278,2.5746343,0.46064764,-0.75105554,-2.8756833,0.8719586,-7.120061,-1.325454,0.7185515,-0.24132033,709.1937,1,23.3,1.0,63.4
1.0380183,0.121207334,-1.3210187,0.6309796,2.875286,-1.1254678,0.17871392,0.15356311,-1.4087232,-1.0124497,-1.0098073,1.9616218,-0.1764424,0.1608869,-0.25244176,2.5504274,-1.4583013,-5.2239676,-0.82899016,-0.038343508,0.39953497,2.0842988,12.612572,-0.31932437,1.6521662,-6.17141,0.15243857,1.2682476,1.322595,-1.0978802,-0.46411172,-0.46440518,62.568333,-1.7089182,-1.1442561,1.2533271,-0.3839941,-0.3600556,-0.22181131,-0.15016042,2.495614,-1.0767114,1.9408264,0.9689753,0.102066584,2815.4688,0,100.0,0.0,92.5
3.5087967,8.323234,-0.57491547,0.951863,3.3440511,3.5120535,0.21404648,-1.3324959,-2.9915514,-1.2685328,-0.40951595,-1.1939521,-2.8885753,-0.16099568,-0.1541675,-2.3909647,0.36093768,-2.9694877,-0.44131252,-0.10863286,-0.30972794,2.1105123,10.160625,0.99942297,-1.815628,-13.716088,-0.50242835,0.992648,1.7093823,-2.5195348,-2.070558,-0.51510054,-44.087177,-0.66424775,-0.9932979,1.4283417,3.1120143,-0.52647203,0.87300265,2.2417827,-0.25591397,-3.6162,-11.841526,2.1754632,-0.036956284,63.918747,0,15.5,1.0,2.1
1.1961838,4.729513,2.8358734,-0.8150907,-1.4002317,-2.2048347,-0.42455187,0.03780237,-2.934018,-1.1186535,-1.2265826,-1.1307472,0.90401316,0.0018934222,0.5395933,2.4382262,-1.6373589,-0.36524987,1.120773,-0.14315131,0.5642649,4.898831,6.7952905,0.80689615,-1.6401893,14.148537,1.4563146,3.2985077,-1.104948,3.135247,-2.15104,-0.5155369,-65.50461,1.0781683,0.954952,-0.35617155,-0.12885824,-0.25593293,-0.38791913,-3.3390067,0.6743276,-0.88376135,-5.054983,3.230433,-0.009027055,672.66876,1,22.1,1.0,29.9
-2.5818892,-7.947665,-0.46995082,0.41496745,3.1188953,0.51890594,-0.029777162,0.4257851,3.5878947,1.7440957,-0.25160295,-2.206048,-0.30420473,0.01066032,0.34800237,-0.1392471,-0.7618831,0.25350425,0.18332869,0.32405195,-0.38716635,-0.23145217,5.854435,0.2174297,1.0134418,6.1095476,-0.029186144,-4.223785,-0.95878524,-1.074912,-2.0433543,-0.5590274,-113.442726,-0.08398153,-1.1928524,-0.45967874,-8.925638,-0.82841283,-0.22867696,-4.765982,0.9351469,-7.48687,-4.8422523,1.2658736,-0.3688155,301.33124,0,24.7,1.0,9.9
0.16679516,7.9005666,0.24713647,0.34105992,-0.19834445,2.6322,0.32923073,0.54855573,0.52822644,-0.53165495,-0.5634926,-1.4310627,-0.103733495,0.32106605,-0.06261277,2.159218,-0.88354325,0.010130247,0.9774112,-0.48142362,0.29996422,6.934168,10.346826,-0.5037873,1.4643857,5.8943315,0.7800781,0.6838657,0.7232088,-0.8239281,-1.2038882,-0.032019686,83.17618,-1.5325167,-1.0851219,0.33125898,3.4147136,-0.27741694,-0.12324455,-3.2936454,1.7989526,-2.0532098,7.369657,0.20552665,-0.52151656,572.225,1,18.8,1.0,54.1
-3.152327,-4.004767,1.9227616,-0.17544086,2.8496754,-2.0539207,-0.8998516,0.31613904,1.1320367,1.5891502,1.6643492,-1.4030696,-3.2425642,-0.4969643,0.24724081,0.61446995,1.0463947,2.3110037,-0.86407524,0.64194065,0.9026635,4.368064,-3.387486,-0.20941329,-0.085474215,0.40762165,-1.2105043,-2.4446547,1.2526249,-2.928026,-0.0738396,0.3301545,39.427788,0.39024174,0.66695714,1.0878352,4.407506,0.42300737,0.3507267,3.824986,1.842582,-8.272971,1.9246281,-2.4019156,-0.10688377,346.9875,1,11.4,1.0,100.0
1.6115048,6.044075,1.5636002,-0.6185552,0.066004574,2.7851148,-0.113387644,0.8892507,-0.702935,-0.70218915,3.7808251,-4.1125817,-3.7948008,0.37197864,-0.38609114,0.16796952,0.05595485,-2.0983288,0.45756164,-0.5043785,0.7185797,3.2229915,-4.8057957,-0.38035765,-0.8095819,9.967347,-0.19292192,-3.0593405,0.05951802,-1.8140016,1.4257559,0.13178517,-73.09072,0.83266807,0.38223493,-0.62663543,1.10017,0.732463,-0.17720404,2.9732127,-0.019245708,-1.5835828,-1.5171151,2.0526264,-0.42640555,3043.75,0,100.0,0.0,100.0
-1.986996,-11.143548,0.48331535,-0.39110658,1.4947108,1.9299816,-0.08596639,0.95664,2.8741052,0.92854285,1.2986548,0.8286356,3.09797,0.09432337,0.021131795,-1.2161498,0.27739125,3.0529845,0.36732343,0.41364706,-0.7992466,-1.6011658,-0.6428055,0.17574318,-0.55487245,0.7972543,1.0656468,2.6545796,0.48856223,-0.33812928,0.40418074,0.75580007,-24.272593,0.09241492,-1.072066,0.73124087,4.2225633,0.19698663,0.5680829,3.9801757,0.6242916,1.1786836,-5.389416,2.1380415,0.13872874,937.475,1,30.8,1.0,100.0
0.12761873,-2.7915783,-0.2758106,0.4648253,0.75655025,-3.4040127,-0.28760535,-1.3392404,0.33779424,1.5679194,-3.4795897,2.006483,2.351872,0.6237197,-0.3535428,-0.33987388,-1.3790404,-2.9609592,-0.358893,0.19249322,0.4849877,2.4886014,-6.3583937,-0.124774955,0.1733481,2.341122,0.17062004,1.2289039,1.0143303,-1.6163687,-1.4686208,-0.768658,-51.10117,0.36601385,0.36483172,0.13796994,1.0992637,0.40011406,0.47193092,2.3429136,0.9812379,-1.8716841,6.739353,-1.6386817,-0.0369209,21.30625,1,0.7,1.0,67.8
-0.27538568,-5.1302915,1.6081676,-1.0091503,-3.343265,-5.0144415,-0.70151967,0.586502,-0.9524817,-0.66388935,-2.7671447,0.22352126,-2.1568701,-0.5390743,0.4213654,-0.592141,-0.008742915,-2.0380723,-0.69121706,-0.23468621,-0.21053205,-7.5924644,-25.61852,-0.9106348,0.6850752,6.477086,0.397618,2.7177403,1.3064818,-0.15468317,-1.8867571,-0.6203535,-48.41335,0.59998703,0.42530948,-0.8046109,-1.3295305,-0.012173743,0.35137853,-0.21410266,-0.09578531,1.3531361,7.353284,-2.555759,0.0646389,550.91876,1,18.1,1.0,100.0
-1.6551135,-0.8265659,1.8283726,-1.0386579,-3.7268713,0.5139213,-0.532503,1.6125332,-0.3406597,-1.0194511,-0.3005375,-1.4541193,0.004727404,0.71832985,-0.3156182,-0.9374173,0.64818025,-1.1260769,-0.62678176,0.20640048,0.26447538,1.883821,-6.2646804,0.4109919,-0.834648,11.366251,1.3165222,1.8769097,0.070920594,0.338429,-0.54072046,-0.6178718,-85.982895,0.9266933,0.60261077,0.5376543,-3.2391503,-0.82559913,0.939508,2.2578316,-2.1403937,9.089202,4.753096,0.42265245,-0.0572122,1467.0875,0,72.7,1.0,48.2
1.9605569,0.5025528,0.09246685,-0.54762304,0.6265929,-2.7803094,-0.6181175,1.1536404,1.4186593,0.16048637,3.8281748,-3.14011,-5.350922,-0.65434605,0.36304575,0.41932774,-0.27704135,-1.680559,-0.20475559,-0.44858983,0.609458,-0.33929273,-3.0940876,0.030022817,1.116811,-2.6144364,0.95805895,1.7887865,-0.654354,1.2655876,-0.4977943,-0.32701427,-127.327095,1.0867763,0.24329486,0.94849706,7.4084406,0.5025662,-0.496303,-1.473582,-0.44141516,-1.6165091,-4.421599,-2.5785236,0.5119248,447.43124,1,14.7,1.0,41.1
2.8878036,4.0493226,0.7237774,-0.64814365,-1.8632925,-3.3033946,-0.048041523,1.1856313,0.5575429,-1.1946812,-0.07398834,-0.28697792,-3.9458377,-0.24030562,0.22776747,0.26493424,0.17508538,-0.46461952,0.55502206,-0.27348834,0.40167785,1.393263,-1.9090623,-0.5645805,0.88812476,7.356117,-0.13399911,-1.2959871,0.50858694,-1.9676503,-1.0901848,-0.13621786,-26.371124,0.7165018,0.786826,1.088076,-1.578688,-0.5746986,-0.44051775,-4.5313473,0.13393527,-4.7503276,2.0966494,-3.402993,0.3891683,60.875,1,2.0,1.0,45.9
0.35903934,-4.0298724,-0.62537044,-0.024358096,-1.3667606,-2.661211,0.011506523,-1.0711861,-1.272478,-0.008244753,-0.44129953,-0.59052706,-6.053481,0.12734117,-0.5061009,0.9464206,0.23061983,2.270018,1.4347242,-0.6666073,-0.006779193,-2.9275782,-0.33976153,0.30644387,-0.074355505,-0.8860073,0.56062496,0.69788265,-0.724247,-0.42695186,-0.042885162,-0.3665492,-11.206925,0.4755272,0.36195862,0.21189256,-3.2080338,-0.34422112,-0.40825406,-5.047929,0.98985195,-4.733676,-4.988663,-4.1789527,0.6258377,453.51874,1,14.9,1.0,100.0
-1.9801896,-2.1229959,0.30883312,-0.0047903825,2.11556,4.2468257,1.1099019,-1.1920906,0.34975874,0.55575585,1.4426758,-0.28593543,-0.33364135,-0.7528473,0.38675216,-2.107775,-0.35926136,-4.6405196,0.08736479,-0.5531567,-0.6908887,-4.0966115,2.0893342,0.129242,0.9060168,0.48961636,0.6701897,1.4262857,0.22142355,0.41426253,-0.557107,0.26808032,53.81307,-0.5876264,-0.07431408,0.40732637,0.8965098,-0.45364645,1.1344358,2.660414,0.47842866,1.2268052,5.754335,1.9476864,-0.24295147,2371.0813,1,77.9,1.0,100.0
-1.7967722,-1.2217501,-0.20553273,-0.28404212,-3.969205,-0.1104265,-0.2682602,-1.0484072,0.5413816,1.791369,3.057868,-1.4365703,-2.7618442,-0.32662606,0.033892192,1.1078331,-0.5433073,-5.1087666,-1.8195407,0.6713318,0.086194046,4.0799026,14.730592,0.19528455,0.38743848,2.5263948,0.55725116,-0.6024693,-0.113115385,-1.268521,-1.2085775,-0.057738718,100.19001,-1.3990054,-0.8110488,1.467525,6.1097317,0.6248721,-1.3991253,-4.7684274,2.4193187,-5.26683,5.060749,-3.819392,0.3681085,770.0687,0,60.3,1.0,25.3
-2.286779,-3.538417,1.6812644,-0.5807172,-1.2201456,-0.2864654,0.85402703,0.24909528,1.5093517,-0.23678768,-4.0559487,3.4714048,-1.4853922,-0.12909146,-0.42684555,1.7581893,0.009398829,0.45830584,-0.15012774,0.07873417,0.25928757,-1.6345161,-12.202692,0.14182633,-1.5515128,-7.001991,0.18355474,-1.1769446,0.286139,-2.3213847,-0.30623642,0.048836976,-100.34013,0.75530165,-0.17119406,-0.2384999,-0.29980347,0.1081374,-0.40963033,1.3255419,0.36927366,3.0726135,8.464262,-3.4886374,0.54425865,830.9437,1,27.3,1.0,27.6
-1.9277465,-1.8543541,1.4437891,-0.18112975,2.1297112,0.28887445,0.0709062,0.9715159,1.0807693,-0.23680429,2.7087853,-3.4915369,-2.6930206,0.46362716,-0.5206114,0.21862906,1.0669316,-0.7667586,-0.4398342,-0.326345,-0.29968747,-0.33936208,18.391905,0.649025,-0.28251183,-7.1496935,-0.010043374,-1.8066328,-1.2792107,0.17949922,1.6767936,0.20525478,-100.35196,0.44243142,-0.48040685,0.49407116,2.3263383,0.23718822,0.6000411,1.98702,0.25939995,-2.4048753,2.8475194,-4.551476,0.37706953,547.875,0,100.0,0.0,18.0
-2.936762,0.6730474,0.108832896,0.7213347,0.9317449,4.686178,0.44382358,-1.4139538,-3.6176789,-1.4278226,-0.7421379,-2.847556,-7.451704,-0.2681337,-0.2580258,1.6888304,-0.12745924,-0.15107164,1.1573496,-0.6882041,-0.18657646,4.8938193,13.955614,0.8077634,-1.0971786,6.917747,-0.26401263,0.07116657,1.8524505,-1.8711355,-0.83971125,-0.89973694,-68.22634,0.36033252,0.46155003,-0.24712779,1.3745358,0.6037726,-1.0742959,-4.3926587,-0.7336158,8.388567,6.3561053,2.1936386,-0.39612716,977.0437,1,32.1,1.0,100.0
-3.8680017,-1.3201275,0.7299413,-0.39137518,-4.004363,-1.5862482,0.0735089,-0.27121958,3.058355,1.280442,-3.3552577,3.204091,6.071321,0.6707057,-0.18123509,-0.2046345,0.81788594,3.2039042,0.3662292,0.42348233,-0.06761901,-1.4470496,15.822664,0.6442267,-0.2640833,-5.302874,0.19804735,1.780381,0.92639333,1.0157053,-0.67018265,-0.22355829,-109.33033,1.0584606,0.5894506,0.3836766,0.69888186,0.48797035,-0.56408685,-1.1379503,0.09864844,-5.5433555,-2.9049954,2.383117,-0.34999517,82.18125,0,100.0,0.0,2.7
2.1727583,2.8646753,-0.12994069,0.24987315,2.958835,0.3700107,-0.14093328,0.60359824,-2.300677,-1.1572328,-3.030429,1.7794552,-0.009509886,0.37654853,-0.38147283,-0.8348026,-0.6430653,-1.0398563,0.86027074,-0.108536184,-1.2670853,-6.628303,-10.623188,-0.06597687,-0.10025167,-7.555626,-0.6532794,-0.46778178,-1.2764038,2.3024557,0.9715567,0.18831423,34.9384,-1.0190407,-1.0554546,0.3579463,-0.36822948,-0.2113745,-0.414812,-4.246176,0.6383348,-2.6205027,8.398327,-5.1561537,0.5762243,1524.9187,0,100.0,0.0,50.1
-2.326787,-3.5236917,1.3942871,-0.32885495,0.89103985,5.972814,-0.31814668,2.210475,2.550758,0.903659,-2.6039224,1.0240924,-0.53184044,0.37133825,-0.18716557,0.36077946,0.9295909,0.21413858,-0.8256457,-0.12053418,-0.16173394,-6.575988,-16.230867,-0.020319212,-0.57110935,9.187503,0.20023295,-1.7014185,1.303589,-2.3263824,-1.5150371,-0.09274286,68.91659,0.02315101,1.0981432,-0.0044397195,6.9979463,0.06271345,0.52897614,1.0695814,-1.4218539,5.9789696,12.488884,-3.7231646,0.30642936,2447.175,0,100.0,0.0,80.4
-2.2563097,4.917829,1.2940503,-0.08877693,-0.86466354,-6.560112,-0.40974498,0.34054658,0.50547695,0.13133192,-0.7434946,1.583128,6.1889777,0.7128848,-0.29727688,-0.5446974,0.07270359,0.0809898,0.33582819,-0.5892448,-0.4338306,-0.40503803,0.6992577,-0.27148312,0.89028966,-12.606185,-0.8181821,-0.23549458,0.82926416,-0.522535,-0.79697436,-0.1699567,2.4904346,1.0791802,1.1894526,0.762398,-0.6115524,0.05525816,-0.1107019,1.7430754,1.4618949,-4.779993,4.612794,-3.0561671,0.27140263,1457.9563,0,100.0,0.0,47.9
-0.039567437,-0.18446435,-1.2554592,0.58357215,2.6458888,3.7294016,0.4784437,-1.2176361,-2.1165009,-1.2548972,-1.8151407,3.3065724,7.837627,0.19673641,0.31606773,0.044807825,0.10292621,5.2295938,0.83353835,0.08651404,0.56571406,-0.0750871,11.794906,1.1927238,-1.7871584,16.65482,1.6241074,4.917042,2.2883296,-1.6977882,-1.3631942,-0.7577198,-85.44041,0.07404827,-0.5634112,-1.4815826,-5.1281257,-0.28042936,-0.40535897,-4.5411606,-0.022311106,1.3453228,-2.2062938,2.1370776,-0.04599634,1226.6312,1,40.3,1.0,100.0
-0.030228486,-2.635708,-0.59805226,0.6521943,1.5013293,-2.8434606,0.56770796,-1.5152388,-0.058099035,0.30488238,-0.3715097,-2.0338995,-1.8268126,0.21396156,0.006134046,-1.161309,1.8025872,1.4033562,0.3312669,-0.5070856,-0.6641494,0.53142893,21.7403,0.93171436,-1.2650113,1.351146,0.87659264,-0.3978073,-0.6104635,-0.32266018,2.1037047,0.9332995,43.795876,1.0454009,1.0344408,0.7484457,-0.9161956,0.20973192,-0.4335209,1.7875168,1.5251409,2.1911192,15.805015,-6.1606975,0.6580692,2200.6313,0,93.4,1.0,72.3
0.43707874,3.3337634,1.923268,0.04424281,1.5641291,-0.3950131,0.41926435,-1.0926061,0.9798493,0.6146302,-0.09514566,0.34772778,1.1765604,0.15559502,-0.13816608,-0.4762075,0.5558525,-1.1352855,-0.68725175,0.32090455,-0.17611204,-2.721533,3.667893,1.1183012,-1.1814028,4.8131447,0.05281664,-4.3571362,-1.1492568,-0.2810546,0.417379,0.47357675,78.26917,-0.09544056,0.57807946,0.041269783,1.1703433,-0.5606515,-0.1335739,-5.0138307,0.46176672,-4.918425,4.214958,1.6689186,-0.6308827,1929.7375,1,63.4,1.0,100.0
-1.235013,-9.532338,-0.3000302,-0.5975448,-1.5630935,-2.729159,-0.33596805,0.26790935,1.4733493,0.6673866,-2.6820316,1.60361,1.4553493,-0.48578286,0.46657434,-0.15126272,1.0503387,4.6440153,-0.047434766,0.54116815,0.15370892,6.230678,8.88612,0.24128623,-0.40952924,0.32846242,0.31923866,1.2228937,0.00935122,1.7653079,2.1973088,0.8568579,79.806175,-1.1991171,-0.9795683,0.0063405503,-0.80919987,-0.6150932,0.09941663,-4.0801744,-0.3884197,0.064707115,-3.802335,4.8712163,-0.42737687,465.69376,0,100.0,0.0,15.3
-0.38196027,1.4207728,0.14848717,-0.108293004,-1.2259853,-4.042432,-0.3271354,0.22075851,-2.4668837,-1.8359656,0.5479921,-2.1762283,-5.164256,-0.008411005,-0.54405993,-1.9735881,1.8096015,4.8986855,-0.18375018,0.56826425,-0.8029754,-5.9053917,-1.5055966,0.24691696,0.16852917,-2.5770943,-0.5902231,-0.033292234,1.2073345,0.6684133,1.5480456,-0.2557269,-46.67344,-0.16711785,-0.3927309,-0.75185746,-2.444646,0.2765185,-0.3218681,2.4181445,-0.9366444,0.10588983,0.7887477,-0.17735165,-0.3544181,231.325,1,7.6,1.0,100.0
1.3342793,4.180292,0.7814888,-0.03772816,-1.8032495,-1.4321138,-0.89756167,1.9496454,1.0913484,-0.13991629,-1.8811816,0.28592473,0.89527565,-0.21674716,0.47308767,1.7496543,0.44861832,2.549672,0.84849054,-0.66808075,0.28249776,2.469652,14.224714,-0.231611,0.7232207,-4.494602,-0.3747086,-0.29187766,-0.112333305,3.0429192,-0.76055574,-0.64382815,50.417725,-0.1553264,0.9666627,0.05605865,4.99803,0.18025011,0.7563106,2.4904382,1.304662,-4.1250224,-11.984948,2.3301015,0.05939517,410.90625,1,13.5,1.0,27.2
0.30334014,0.642117,-0.7128134,-0.11409543,0.10809302,-1.8751558,0.1804736,-0.57357174,0.2540311,-0.16518362,-2.8683395,-0.6682029,0.06455571,-0.03930264,0.57181424,-0.70916575,-0.18166976,0.01616818,-0.14103436,0.33109128,0.91586864,-1.5998956,0.9229077,0.7754741,-0.6092063,10.861027,1.2895226,-0.3678404,-2.1835275,1.4917204,1.5771533,0.30419818,-5.0018764,1.5488957,1.1781173,-0.5926198,-5.3637443,-0.65758586,0.7382417,0.80149937,1.6310787,-2.5471048,0.80691296,3.6036146,-0.5621961,228.28125,0,18.8,1.0,7.5
0.8143896,9.701371,-0.6505776,0.6160351,0.63768077,5.798981,0.7457761,-0.14719203,0.20329964,-0.9454803,0.44100794,2.0426607,1.644018,0.35519472,-0.5036617,-0.00985354,-0.2359356,-1.6809133,-0.4600382,0.22316968,0.072081394,1.3279532,-6.7536974,-0.6511233,0.9934706,5.6578603,-0.3595178,-0.797754,-0.77953637,0.94688785,-0.51488006,0.7433274,70.03396,0.3447148,0.70503926,0.23255888,2.506801,0.11913127,0.22826515,-1.5854256,-1.278923,7.291275,2.2188308,2.3376176,-0.33362046,602.6625,1,19.8,1.0,29.2
-0.03744541,-2.4576027,-2.5547564,0.019391565,-3.791053,6.0412765,0.5004155,-0.92245907,-1.5492553,-0.7197177,0.6309327,-0.54024416,-2.672395,-0.03197411,0.119524986,-1.6750106,1.1034703,0.77774614,-0.121346965,0.05289563,0.30176723,-1.2101712,-14.8908615,-0.13086821,-0.001483209,-0.34910616,0.9028063,1.1357219,-1.3889779,2.5181458,-2.4862874,-0.41256002,-82.250145,1.7472283,1.1398387,-0.12340621,-6.198097,-0.61354136,1.164616,4.169658,0.6028836,1.8766432,11.86772,-2.2524588,0.025704376,115.6625,1,3.8,1.0,36.5
0.24694547,3.396469,-0.4408978,0.26975396,1.8484259,0.6027888,-0.43435767,-0.7111072,0.049067017,1.6319708,-0.7900139,2.3749912,5.5808578,0.42396975,-0.09658573,1.8795894,-0.48386943,0.61541486,-0.5682475,0.1914108,-0.15658398,-6.625276,-4.4296265,0.6258064,-0.6770051,9.057082,0.42163238,0.9620285,2.4478662,-3.1389308,1.1497903,-0.1992001,-71.57909,0.89638144,1.0128497,0.12239452,3.428286,-0.41263422,-0.27847004,-4.6333566,-0.75281185,-7.398418,-9.243652,-1.1741648,0.29106855,1756.2438,0,100.0,0.0,57.7
-1.9229232,-11.900575,-0.5213233,-0.8697968,-3.1211655,0.31302786,-0.07909071,0.5045542,1.2826489,1.4271545,0.42069256,0.44934595,4.2271447,0.737964,-0.4762626,2.5086608,-0.178438,2.8806682,0.05876096,0.023432162,0.049342193,-4.0436583,2.8862839,0.7292404,-1.1594589,3.8351328,-0.6112738,-3.9763722,-0.5293786,-1.8196051,0.27592292,-0.16455431,-44.062977,-0.5437128,-0.29451537,0.037896838,-0.46506777,-0.32831028,0.1930492,-2.986349,2.1127725,-8.215944,-14.340768,-0.18206008,0.6062892,133.925,0,28.0,1.0,4.4
0.15668818,-4.404584,1.1864784,-0.7101695,-1.9132049,0.050552122,-0.2047418,0.26727864,1.7645204,0.3704199,0.65385157,-2.2229693,1.6090841,0.2560102,-0.015391281,-0.67308927,-1.0199792,-0.34825876,0.7001691,-0.1632652,-0.41281906,-6.9349036,-23.094757,0.13726439,-1.8011485,-0.32061085,-0.3368364,0.71126795,0.82530314,-1.9650893,-0.47549835,-0.67715454,-16.619638,-0.042226985,0.4751076,-0.18434492,-1.9175553,-0.2679874,0.87587607,2.8333418,-0.521815,0.90784335,-7.632391,1.373892,-0.06330172,1473.175,1,48.4,1.0,59.1
1.5220064,-2.8442817,-2.0378387,0.16770557,-0.62307507,5.005529,0.13819903,-0.48533994,-1.4080616,-0.19781142,0.86953324,-0.108855784,1.4470471,0.3623319,-0.33795148,-1.6929582,1.3422472,3.602131,-0.48400748,0.4508226,0.12847176,-0.6665296,-0.9603622,0.3981064,-0.14020146,-2.207223,-0.47543386,0.46677947,1.7821509,-1.5013299,-1.6556232,-0.25865757,-19.425398,-0.13696824,-0.7075226,0.087653086,1.4422961,0.1067563,0.080652416,3.259877,0.55758744,-5.896166,-5.9549084,1.922262,-0.040303428,505.2625,1,16.6,1.0,75.9
-1.6012846,-6.602049,-0.4645045,0.2701718,1.7261306,0.9548201,0.2534414,-0.94274694,-1.0466727,-0.22605297,-0.62678796,-0.71144104,-1.0421507,0.437366,-0.3529832,0.613101,0.09597621,0.067718394,1.1506178,-0.52798945,0.54823023,7.1887717,14.220048,0.11663215,0.2742516,3.340562,0.6107915,0.4576877,0.9924597,-1.2427158,-0.14671008,0.8105172,15.797745,1.1942775,0.6050812,-0.11222956,-0.23157851,0.19022389,-0.28126064,-2.0917773,0.26620844,-5.2164197,-13.592432,-0.6527045,0.6083869,15.21875,0,1.6,1.0,0.5
3.7453363,8.00859,0.98223907,0.10075403,2.8779182,-1.8257972,-0.49240425,0.34847596,-1.7699552,-0.8341612,-0.06802834,0.8234961,0.4426895,-0.00025640818,-0.17307389,-2.5191832,1.0049293,2.7077641,-0.3835219,0.60957175,0.3379321,-0.2687375,6.08944,0.17050387,0.6117239,-5.5489125,-0.62530327,0.58101314,2.4570694,-2.755957,0.1583499,0.7675234,25.021597,-0.53475475,-0.80332154,-0.65557706,1.5684476,0.015350256,-0.47093418,-4.1614623,-1.3509709,3.3419867,8.562598,-1.9533863,-0.031097984,210.01875,1,6.9,1.0,29.6
-3.7914486,-10.915897,0.588127,-0.07809223,3.3784297,0.23779117,-0.18113269,-0.24360988,-4.0423145,-1.7416354,0.4006816,1.4821087,3.1012306,0.2171609,0.22177318,-0.21713103,-0.3046431,-3.121358,-0.72739285,0.09586572,-0.5970573,-2.9610207,-0.85102147,0.90533984,-1.0293012,-2.9146762,-1.3870695,-1.9593825,-0.96649003,2.3735065,-0.714212,-0.3592292,18.547104,0.048685387,0.4107987,-0.1707881,3.0254545,-0.1386399,0.24969432,-1.5473096,0.90046936,1.1578946,2.4074712,-0.8022602,-0.07110937,66.9625,1,2.2,1.0,100.0
-2.6629431,-7.535566,-1.5368441,-0.10645179,-3.668107,3.758261,0.45548356,-0.37278414,-0.7267046,-0.9907438,-2.1044457,2.162338,-1.8602438,-0.1414381,-0.25610244,-2.3955314,0.08757013,-0.66741395,0.13101676,0.09946855,0.15251067,4.025568,7.4750605,-0.92057014,1.6382384,2.6880326,-1.0085276,-3.1834977,-0.79354715,0.36344552,-1.8658576,-0.6957571,-3.7011874,-0.64733666,-0.0024533698,-0.22221294,1.2481339,-0.25906974,0.3299557,-2.0652478,0.3501514,-2.7523096,8.395986,-0.122986674,-0.33587804,724.4125,0,100.0,0.0,23.8
0.56019086,-2.5529158,0.24843386,0.024594525,2.980186,3.0273376,-0.33423042,-0.23662391,-1.3976768,-0.14518431,-2.8724325,2.0242925,0.59311694,-0.28481275,0.24390422,-0.36271188,-0.24943876,1.3693248,1.2525849,-0.6019905,0.049101338,5.56653,2.116627,-0.1529919,-0.98258865,-2.2289832,-0.055020105,0.9824531,0.652923,1.4734294,1.4429946,-0.28724894,-111.30912,-0.23821338,-0.9995124,-1.0214254,2.095988,0.43484622,-0.06284434,-0.78379947,-0.69140893,6.9849806,4.4837384,1.5362965,-0.39956132,575.26874,1,18.9,1.0,100.0
-1.5135121,-0.0119239455,2.7468886,-0.05263997,3.065156,-6.475651,-0.6924151,-0.24948066,0.60615444,1.721671,1.2244506,1.9901425,6.7521176,0.42618018,0.0052488693,0.51616365,-0.74985075,-5.057043,-0.92773396,-0.09059288,0.70229083,5.6631975,1.3242257,-0.9117203,1.0115966,5.380797,0.96758455,1.9885069,0.6463277,0.3433567,-3.179988,-0.19609717,73.49144,-1.1438859,-0.957393,0.7841752,4.1462398,0.38803396,0.1576784,0.8148551,-2.0251977,10.178612,12.344005,-0.91099447,-0.26744118,106.53125,1,3.5,1.0,66.7
-3.5313785,-3.2836761,0.10238669,0.71321946,3.3028934,-1.0363574,-0.016392423,-0.27356187,1.0139806,-0.017418977,0.49735874,-2.567607,-2.5951793,0.08991673,-0.0135130035,0.18834808,1.447373,0.5495843,0.4109561,-0.57865846,-1.0846232,-7.624018,-7.0489573,0.3851484,-0.14526232,7.850467,0.7457101,3.4943693,2.08327,-2.5021405,1.6868764,-0.20981461,-34.343815,-0.4129361,-0.54116714,-0.4058724,-7.1604705,-0.7674279,0.82642734,0.54822344,1.7693075,-8.8799925,2.2846742,-5.617712,0.5255234,30.4375,0,21.6,1.0,1.0
0.6793381,7.828226,0.66433924,-0.30906048,-2.525816,-5.1557784,-0.19064753,0.5641614,0.58487946,-0.6593986,-0.6639524,0.69449437,-0.39568868,-0.38472584,0.25355768,0.93221986,0.234545,-2.009734,-1.6068536,0.37415704,0.32923397,5.640209,20.180027,0.38487017,-0.2808886,6.1788497,0.32492143,-0.68858206,-0.80190647,-0.27096346,-1.6366633,-0.59301335,46.411243,-1.5632994,-0.85880274,0.66858774,2.1619225,-0.33558577,0.8350237,3.7904685,1.5110625,-3.9550867,-8.265096,5.6856227,-0.5895535,1954.0874,1,64.2,1.0,100.0
0.79033077,1.4886979,0.35369244,-0.6810149,-3.9277534,-3.123803,0.15793118,-1.3873297,-1.7896734,-0.054081686,2.3307114,0.25731665,3.7581646,0.51530766,-0.35068145,-0.9766541,-0.22509536,-4.917813,-0.16015556,-0.49996954,0.40472257,2.2103565,-0.23709494,-0.20280199,0.74418306,9.163488,0.30973256,-0.6579653,-0.6830352,-0.5029865,-0.93208516,-0.59154373,-86.443016,0.072772205,-0.286787,0.90105695,2.5713134,-0.36335647,0.7499616,1.5289081,1.0059372,1.850056,2.3805957,1.418809,0.0071233655,928.34375,1,30.5,1.0,60.8
1.4430783,5.825009,-0.68847305,0.395378,-1.4028331,-4.240601,-0.27410087,1.0172198,3.6045783,1.6526,0.21971992,0.48797202,-2.1577985,0.08832973,-0.15485822,0.77035,0.14671111,4.663443,-0.089885555,0.49450028,0.8459276,0.41909885,-12.959112,0.19335279,-0.5327604,4.938528,0.25836223,-1.1713111,-1.492543,0.6799745,-0.97170824,-0.068467304,19.035648,0.27941012,0.57223856,-1.1298367,-5.5278234,-0.01507136,0.008257684,1.2417397,-0.5064536,0.83375955,-9.960809,1.0715067,0.24970731,51.74375,1,1.7,1.0,75.0
2.3172376,0.03242928,-0.8066628,0.31605604,3.5410023,4.302143,0.18779561,-0.1602941,0.50465107,0.752589,-2.544591,-0.9011111,0.3060644,0.39226887,-0.02184766,0.41133803,-0.013291026,-2.2173922,-1.0684211,0.38216883,-0.21691029,4.2193766,3.716279,0.0970663,-0.52830124,-2.7566326,0.60233635,4.7331915,2.7376351,-2.233601,0.12070931,-0.8920957,-116.648605,1.4505063,1.1252881,-0.5247268,4.468417,0.17865463,0.11024465,-1.213817,1.4676249,0.57718885,1.3741379,1.4935715,-0.14262278,511.34998,1,16.8,1.0,56.9
-2.7226,-8.132357,-0.27847263,-0.47084215,-3.2736487,-1.9161015,0.36228454,-0.12091068,1.2375884,0.54676986,0.58609277,0.23294331,0.84045875,0.21998955,-0.22324257,1.1369362,0.78334725,0.27862516,-0.24346763,-0.28518227,-0.3955593,0.059638184,10.296401,0.31588852,-0.9330708,-3.0524921,-0.57971054,0.5755212,-0.24841505,1.758032,-1.887485,0.006817911,28.138376,-0.061716888,0.052556433,-0.25182185,-6.625216,-0.3221787,0.39587414,4.156746,-0.5682158,3.0453844,3.1107106,-1.2072046,0.64169884,3043.75,0,100.0,0.0,100.0
-2.421421,2.7676525,1.4125093,0.35326615,2.9059546,-4.7933536,-0.49651855,1.0236518,2.0920424,0.7315001,2.9526095,-1.8543326,-3.737134,-0.17226829,-0.30967566,-1.2752554,0.14479986,1.196948,1.2387252,-0.60051715,-0.5050313,-8.097364,-9.481915,0.8400504,-1.6020559,8.324698,0.6561668,1.7881911,1.7500359,-1.827926,0.7375398,0.14162986,-31.949842,0.08596144,-0.96833694,0.40928403,4.5056477,0.61935335,-0.6001022,-1.72938,-0.51139235,4.8968506,8.345549,-0.35529193,-0.039552685,1031.8313,1,33.9,1.0,100.0
-1.34964,-2.2965758,-1.0522696,0.21902116,-2.3704247,1.7361872,-0.04309733,-0.3069562,-2.1472645,-0.19261533,-0.3648635,1.3109543,2.494283,0.44184172,-0.015049998,-2.8619947,1.1012717,1.7103273,0.30771637,-0.15357228,0.015777145,1.6035893,21.146023,0.76398605,-0.2218728,-6.735552,0.6570661,3.0334013,-0.06886518,1.7850592,0.07337887,0.27282298,-10.461709,0.47993204,0.1832613,-0.057163097,6.6984,-0.09207667,0.51398855,-0.22099371,0.3917568,-10.177519,-7.9267163,-2.5297272,0.4917355,465.69376,1,15.3,1.0,100.0
-0.52966875,-1.5166217,-0.39229453,-0.36671603,-0.5274848,3.5065696,0.4363742,0.8363549,1.1358105,-0.5572101,-1.039365,1.5060611,1.0160381,-0.12534696,-0.040172316,-1.1759268,-0.3305169,-3.8452117,0.80942005,-0.7071666,0.4636757,-0.2128121,-20.451723,-0.84332067,0.62659925,-6.4105544,-1.023237,1.4697958,1.5538548,-0.011779266,2.3145518,0.8178145,-23.493917,0.44129196,-0.64085263,-0.6007513,0.61473554,0.62512594,-0.31713697,-0.8548695,2.125677,2.114766,11.561885,-1.0434095,-0.045194,191.75626,1,6.3,1.0,76.9
-0.06417099,-9.925887,-0.48498377,-0.17039938,-0.54822123,-0.46543333,-0.38700834,0.8059545,1.1547137,-0.09067825,-1.4147352,2.2992966,5.1750436,-0.10644808,0.47637177,1.232804,0.24895711,0.22985294,0.83064586,-0.68732816,0.574792,2.881502,3.7081213,-0.1825247,0.6418039,-1.8643671,-0.13426769,0.06329712,-0.8302929,0.17684916,-0.10157068,-0.13979237,-19.695265,-0.46065614,-1.1437929,0.38771594,2.6899953,0.006088138,0.6726568,4.0380692,-0.48876634,5.47108,4.625789,1.3784412,-0.1029176,2453.2625,0,86.8,1.0,80.6
0.43183553,6.954946,-0.06685071,0.23488769,-1.6357702,2.4521756,-0.59508455,0.1456377,-0.23176986,0.9899569,-2.742489,2.0940285,3.5024676,0.74158984,-0.32630065,0.2845422,0.46960723,1.0893849,-0.367349,0.3509557,0.7990916,1.8816324,1.2855549,0.69232637,-1.4019512,2.9521463,0.35392427,0.369748,1.2275522,-0.04439311,0.85457194,0.08250284,23.440792,-0.6318319,0.124480285,0.86853653,8.116717,0.595692,-0.39215454,-1.4484016,1.7455497,-3.6561334,-6.4935393,3.0825124,0.01357453,149.14375,1,4.9,1.0,29.0
-0.2481858,4.3784328,-0.16583675,0.7394977,2.800258,1.7167346,-0.021821229,1.6451329,0.06525393,-1.430204,3.7322173,-3.789104,-4.419595,-0.61482054,0.5600612,1.9614855,-0.6359546,-0.54569405,-0.47041085,0.53818166,-0.71272224,-0.8531794,15.438478,0.011671892,1.1651527,-3.2906504,-1.0875984,-1.8148385,-0.5019815,-0.18777843,-1.0153106,-0.4838919,-37.585743,0.28253272,-0.10783012,-0.92186743,-2.1129448,0.4035883,-0.62653905,0.47595814,1.3324553,0.41117442,2.9666452,0.3342435,0.16317393,1914.5188,1,62.9,1.0,72.2
2.1998153,0.5351598,0.48331583,-0.1920311,2.163739,2.6594336,0.19960712,1.8349074,4.078377,1.814533,-0.54409826,-2.7269704,-6.5466266,0.009910616,-0.5031495,-0.56692934,-0.92975307,-4.065117,-1.2738805,0.22029576,0.4740841,3.9578853,0.84802693,-0.9774287,1.1040039,-4.207828,-0.8599519,-0.6256812,-0.8585257,2.1807356,1.875871,-0.1131419,-81.19383,0.09147679,-0.4138254,-0.8704419,-2.4321363,0.4002179,-0.15591998,0.81492174,-1.989615,2.415374,-6.0347924,3.8875084,-0.64397955,697.01874,0,100.0,0.0,22.9
0.14494269,7.1852174,0.33126733,0.7196209,1.6792456,-0.5777538,-0.24596637,0.6372208,2.975178,1.6211702,-1.1004303,0.4043502,-5.5266047,-0.8802397,0.51598024,0.94565696,-0.02564231,0.9622656,1.2403475,-0.40015328,0.6476995,3.6556814,-10.360958,-0.62979037,0.5971134,-0.84336185,-0.31073928,2.1276314,-0.84129655,2.2774901,-0.5029496,-0.6013424,8.309758,-0.59430885,-0.4417391,-1.2016925,-5.239443,0.03739395,0.49040946,4.451025,0.03299285,-2.6208735,4.792874,-2.9712112,0.29596394,776.15625,1,25.5,1.0,39.9
0.84473276,10.128967,1.2025031,-0.43633762,-2.0783799,-0.36887226,-0.117081136,0.36698946,-1.5007223,-1.7268938,2.0014796,-1.1637915,0.10951753,0.29521132,-0.31918645,0.37053224,0.018393312,3.1172292,0.0043083127,0.4217655,-1.1758031,-2.3147695,5.7932835,-0.64620966,1.758111,-16.27232,0.054583844,3.9721482,1.6764566,-1.6018672,0.2643081,-0.40456226,-1.0194746,-0.6791594,0.015285479,-1.1343588,0.7797387,0.60532296,-0.85741055,-4.453329,-1.7289867,3.9897084,-7.800666,3.4287393,-0.19338977,596.575,1,19.6,1.0,91.1
2.3838556,10.225697,1.0005009,0.3070491,1.11879,-0.5521209,0.079468206,-0.5242412,1.6029358,1.1558499,1.3518115,-2.6999955,-1.9537566,-0.28684324,0.4535683,0.34491897,0.6982982,2.0388565,-0.059574395,0.17382093,-0.38141602,2.2439458,13.101104,0.65846264,-0.43389148,-11.205532,-1.2253947,-3.2321777,0.38953114,-2.7819161,-1.2994837,0.1689363,-19.56497,1.4751964,0.8704687,0.88109463,4.0540767,-0.11819915,0.35635957,0.78384304,-1.5617359,6.188962,2.6870143,-2.6601791,0.38909712,140.0125,1,4.6,1.0,100.0
2.2116945,-4.0037003,-2.1432905,-0.3319546,-4.167854,-4.955342,-0.4660594,-1.0988144,-2.2944765,-0.69326764,1.3372887,-1.9860495,-0.51885885,0.15527306,0.05941256,0.54490536,-1.300242,-5.0410204,-0.1720225,-0.37226456,-0.4829507,2.654411,17.652094,0.5564292,-1.0587645,1.7340018,0.42300576,3.6794388,-0.031305738,3.0974836,-2.5918717,-0.68915766,-23.224642,0.5132399,0.902426,0.8283275,6.188243,0.006952973,0.13117331,-1.1480346,-0.037619893,-0.68603456,2.0339644,-0.5866116,0.2214446,88.26875,1,2.9,1.0,35.6
1.4257636,-1.7073706,-0.44169724,0.36614564,3.7147343,0.59977317,0.7246348,-1.4147155,-3.1034703,-1.0555571,-2.9866474,-0.12997365,-2.2147038,0.2972207,-0.22441499,0.37149638,0.14413902,3.8043633,-0.13733652,0.4690909,-0.045061387,-0.5643684,-0.6328288,-0.17036001,-0.56656975,-3.2559695,-0.38147572,-0.31402412,0.72741604,-0.24030943,1.0547253,-0.2945925,43.049152,-1.0394915,-0.20652944,-0.33209923,1.6214483,-0.11219617,-0.38761434,-3.9715824,-2.2460842,-0.8093778,-5.8174543,0.15652083,-0.14271902,3043.75,0,100.0,0.0,100.0
-0.052833762,9.293729,1.9949286,-0.7244083,-0.9240361,3.8312232,-0.28665584,0.7966543,1.8705323,1.7405425,0.25123632,-2.5907996,-1.842012,0.0014790397,-0.1257243,-0.608198,-0.60878736,-0.12245832,1.0184277,-0.47025424,0.55185103,0.5158224,4.5487285,0.90129614,-1.2857777,6.9129105,0.9130357,0.09506764,0.37681946,-3.097647,1.335662,0.6579912,72.55662,0.30839187,0.82257414,-0.022130385,-2.0508623,-0.51065177,0.23265459,-2.8642359,1.9240212,0.3754299,7.638765,-3.5872066,0.62433106,395.6875,1,13.0,1.0,100.0
1.551161,11.287378,1.2717404,0.060839806,-0.027550478,-3.0450604,-0.5222909,-0.63628644,-0.46376666,0.26770616,-0.6111622,-0.45855343,-7.6781974,-0.86084867,0.3936939,1.8574966,-0.06128513,0.16812627,-0.17662604,-0.12887053,-0.26017866,-0.07057516,0.024785282,-0.1282331,-1.3928668,10.230245,0.8586835,0.26906943,-1.3123264,1.774938,2.6223829,-0.06279343,-28.984293,0.18046436,0.8441834,-0.923762,-0.17901264,-0.22211722,0.9817293,1.8598543,1.5795746,-0.85039485,2.0421307,0.96919346,-0.2965691,1056.1813,1,34.7,1.0,100.0
0.020532224,0.16196921,1.8422016,-0.044142894,2.507571,7.016343,1.1387745,-2.094743,0.039107595,1.3861943,0.05106236,-1.3749281,-2.3542848,-0.7173871,0.4010189,3.488872,-1.4770685,-1.0528401,-0.53412443,0.47187144,0.55942,-0.50888616,-27.173267,0.0064854464,-1.7339501,-6.462916,0.058520533,-0.36166012,0.77058583,-2.0157812,1.5092434,-0.45960152,-14.094376,-0.8485279,-0.35878363,-0.42166865,5.4470186,0.49295157,-0.5410949,-2.6574197,0.04371324,-2.5765617,6.4275613,-3.9755244,0.2443709,362.20624,0,100.0,0.0,11.9
-2.1968663,-1.036939,1.7695053,-0.35682225,1.6305056,1.2809457,0.04091044,1.6007391,0.7728337,-0.70119274,-3.103243,2.5021846,3.4181194,0.10666491,0.19287048,0.83205295,1.1170526,3.8208933,1.2694849,-0.58417124,0.04883681,2.3344862,19.468748,1.3012722,-1.6076697,0.72748834,0.2125567,-1.9042021,-1.8051858,0.6074661,-0.08616611,0.4420675,-2.4134283,0.4394053,-0.13987343,-0.2621401,1.6223406,-0.12447089,0.14614399,-2.348226,-0.7961777,6.611997,0.23225771,-0.42441887,0.65542215,459.60626,1,15.1,1.0,16.1
-0.44702256,0.7884609,0.23131815,-0.88680893,-4.2246423,-2.3225124,-0.08327098,1.2417419,2.0836709,0.13036688,-2.0336916,-1.6397918,-1.2467594,0.47597307,-0.21323067,0.2929976,-1.1704365,1.7988544,0.9533661,-0.05645091,-0.20099095,0.447752,-14.858441,0.08343458,-1.4930968,0.20851733,-0.34857464,-2.963899,-0.53483325,-1.322394,0.5163881,0.05656995,35.40483,-1.0193213,-0.23032247,-0.26355028,-0.6880666,0.0755078,-0.85512155,-3.4673014,-1.7144825,-0.69289714,1.1965321,-4.782696,0.610541,2724.1562,0,100.0,0.0,89.5
2.1952693,3.4844313,0.9298042,-0.28063843,0.07884386,0.17566404,0.59468687,-0.41662273,-0.2728198,0.29022902,0.5499567,0.24611598,1.3629855,0.24225149,0.0030797205,-1.7704365,-0.3837653,-2.4375,-1.1776596,0.6654157,-0.11311488,0.06449102,12.340675,0.56290156,0.35750213,-1.2457929,-0.18948594,0.86421734,0.9912939,0.24211775,2.4030874,0.31861374,-64.524925,1.3696005,0.92343223,-1.1900561,-8.243396,-0.94552183,0.6477748,-0.5764356,0.307237,-2.3558722,-0.20617083,-1.2074627,-0.10140136,3043.75,0,100.0,0.0,100.0
-1.5573962,0.59709775,-0.13655922,-0.03456025,-0.16000465,3.3253384,0.23921266,1.0692471,2.6499727,0.7042126,-0.3006448,1.4456917,3.7161222,0.26750648,-0.17423983,0.564917,0.26002437,0.61736614,0.2316665,-0.5609175,-0.1810894,-3.6267254,-2.9854438,0.78749776,-1.1723576,11.177395,0.70110124,3.403499,1.1336544,0.5649208,1.368458,-0.20704323,-18.28045,-0.5387854,-0.17272855,-0.57262605,3.7318141,0.3120013,0.8342985,4.7296033,-0.4157878,10.687602,0.2621981,4.7497487,-0.39694965,365.25,1,12.0,1.0,100.0
1.3800806,6.1906343,-0.2551791,1.0376854,3.1571474,-2.4340975,-0.3198377,0.5660554,-2.496883,-1.4210985,-1.1012362,1.3987964,-3.0944774,-0.58477527,0.3941488,-0.3356704,-0.01194853,-3.1202705,-0.26130885,-0.5264098,-0.64476043,-4.7592373,-7.6002192,0.11126881,0.51539236,5.7747655,0.46028706,0.7300508,-0.42446727,-0.051485613,0.8928764,0.08789539,26.514881,0.37369144,0.21274613,0.5104682,3.0717947,-0.39105204,0.32011014,-2.8926203,-0.10313439,-0.95058066,1.8215568,2.4546835,-0.32603607,3043.75,0,100.0,0.0,100.0
-0.2440982,-2.5731483,-1.0841099,0.120568715,-0.98890257,0.72772795,-0.6477498,-0.77339756,-2.4826953,-0.46479937,-0.616362,-1.3547816,2.9278185,0.5520874,-0.04607186,-2.111266,0.40060088,-3.9464085,-0.6954751,-0.11138975,-0.960489,-0.5740673,-3.6300147,-0.5005873,-0.46156886,4.8359814,-0.46157277,-2.7808778,-0.34952617,-0.5538798,0.499636,0.0021795742,-53.22765,-0.84771794,-0.78849745,0.005755661,-1.7276913,0.63611066,-0.592776,-0.35732946,0.04029475,-7.2148566,2.836117,-4.8064466,0.4012607,1494.4812,0,51.7,1.0,49.1
0.977524,9.853207,1.7507124,0.27259773,3.3258104,1.003241,0.5047818,-1.571526,-2.1050851,-0.25522384,3.6322446,0.36111587,2.7086177,-0.17363702,0.072770074,1.3491989,0.73709416,0.4936472,-1.4110785,0.41102225,-0.2602131,-1.4325919,2.6288462,0.008889051,-0.16446094,-4.8886213,-1.263838,-1.117523,1.3627793,-2.5870674,-2.006075,-0.047252096,-9.50047,0.46012366,0.22890487,0.9191692,7.3361726,0.45593798,0.53582335,5.0737066,0.033251233,3.7573504,8.767615,-1.510927,-0.31838205,103.4875,0,24.3,1.0,3.4
-0.13657312,9.624428,0.31978473,0.5952714,2.9937274,4.0612717,0.58250755,-1.5198722,-0.1217842,0.46904287,-0.56270105,0.34630755,-3.0536904,-0.45039693,0.053741228,-0.7484818,0.29690027,5.2421923,1.6522294,-0.39764175,0.87843364,-0.7418479,-17.80337,-0.708765,1.4534309,-5.195966,-0.80394036,-1.6322563,-0.6574077,0.7102552,1.7604961,0.626033,40.078728,0.7787533,0.6507625,0.40157098,0.3087264,-0.762028,1.1431165,4.054805,1.1811632,1.93914,11.940344,-3.089832,0.35268643,82.18125,0,19.3,1.0,2.7
2.1557934,1.2888014,0.23486334,-0.1300011,0.88806826,-2.348215,0.5962252,-1.5271578,-0.7579315,0.20706005,1.4114704,0.57770085,0.5774025,-0.58521324,0.38136706,0.55423915,0.30301422,0.23896222,-1.1506072,0.47000325,1.3590274,7.224578,8.098792,0.6262203,-1.8025664,-1.3387047,-1.1077862,-1.7532551,-0.6197138,-0.0065045115,2.001529,0.17468725,23.808416,-1.2256316,-0.7674986,-0.4495383,-3.7148225,-0.2946935,0.67514277,2.2705798,-1.722852,2.7236912,6.1904273,-2.9229698,0.1819177,627.0125,1,20.6,1.0,100.0
-1.3530014,-0.7798076,-0.6915285,0.20809527,-1.7716805,-1.932267,-0.13941596,-0.032808244,1.6188353,1.1290002,2.1351395,-1.3276443,1.3807168,0.13441436,0.035018247,1.535849,-1.1408406,-2.246051,-1.0090986,0.52119344,1.0638225,2.5794926,-11.009061,-0.369215,-0.19620119,3.2481794,-0.8835971,-2.7159715,0.48844424,-1.1163881,0.28314278,0.6964303,91.49842,-1.4465724,-0.8241197,-0.07588674,3.5997903,0.6217671,-1.2856798,-4.245367,1.3526059,-9.863681,-8.456693,-0.9861772,0.2288649,900.95,1,29.6,1.0,76.3
0.11783612,2.330696,0.75231427,-0.30873635,-1.4016533,2.1576815,1.1418419,-1.3468679,-1.7205547,-1.3518225,0.8822965,-1.6019051,-3.3819866,-0.65232193,0.27661136,0.8689928,0.44228208,0.82872915,-0.8945743,0.06960585,0.2784303,1.6093377,7.8518047,-0.34610188,1.4381917,10.130119,0.28420013,1.2156194,0.082724385,2.556115,-2.328664,-0.67643577,-3.7465363,-1.3148211,-0.8954723,0.86709744,7.9789333,0.7909939,-0.3388951,1.0465137,0.66235965,-2.388666,4.0615306,-0.37745857,0.07162461,231.325,1,7.6,1.0,97.5
1.8871682,7.5018783,1.3769393,-0.6071586,-2.0813413,-4.7059193,0.30627224,-0.20161438,2.4309447,0.68866354,-1.5166616,1.7352281,5.3328404,0.24326967,0.009643836,1.7252699,-0.3728024,-2.4487457,-1.115512,0.39436004,-0.13049002,2.229797,-4.9097824,-0.4057964,-0.5337698,11.487284,0.20217885,-2.1764913,-2.184451,2.7853644,1.0008067,-0.28449506,-86.08859,-0.2809822,-0.59661704,-0.792007,-5.0867043,-0.031636473,-0.42867315,-1.3530134,0.45057255,2.2846982,5.8317847,4.095787,-0.6228418,51.74375,0,26.2,1.0,1.7
1.2356938,8.427293,0.2433981,0.66071576,0.8851879,5.3606772,0.42381358,0.9902214,0.34128538,-1.314589,-0.05033538,0.035791945,-0.6313358,-0.53235066,0.37917322,1.5062668,0.25825116,2.9344811,0.6705633,-0.09050554,-0.19954309,-3.7588875,2.7129014,0.6438827,-0.82721287,-8.648437,-0.9945011,-3.3523462,0.18155141,-2.5070896,2.141195,0.14246525,28.826353,-0.22685325,0.33415982,1.3049592,1.116371,-0.7291625,1.186689,4.4703937,0.7922921,-0.58291084,0.0014630993,-2.9609623,0.5661826,3043.75,0,100.0,0.0,100.0
2.9950895,0.1856141,-0.42591807,0.25941,2.85841,5.4677444,0.32079554,-0.37334368,-1.5112221,-1.0545994,0.51379603,-2.0037377,-2.5836577,-0.40234283,0.07733642,0.3853996,-0.5996599,-2.6024024,-0.070684776,-0.5940882,0.035242587,0.5833889,7.9484653,-0.61378324,1.395832,12.820172,1.1966983,1.8425664,-1.0284005,2.5384796,3.0006554,0.5388688,-52.890953,1.5581611,0.997351,0.26114362,0.8370751,-0.37306398,-0.14918719,-1.4553946,2.022769,-6.668133,2.505889,-1.2499872,-0.124621406,2410.65,0,100.0,0.0,79.2
0.27716044,1.7796521,0.7303298,-0.030599672,1.0905216,-6.291589,-0.17191836,0.26117036,0.7643503,-0.5260686,1.1410311,1.3134258,3.9769304,0.6721079,-0.57587284,2.839002,-1.6867769,-0.4798266,0.5248,0.22599404,-0.122125804,4.555663,12.107496,0.20290469,0.15482257,-2.774099,-0.5233805,-2.0416138,-1.1506367,2.8396318,-0.5049096,-0.02376402,10.012848,-0.47998816,-0.5889443,-0.7856339,-6.0922422,-0.54029524,1.1273466,4.2833676,-0.4850131,3.9272833,3.4803092,1.0981612,-0.14813417,2392.3875,0,83.7,1.0,78.6
-1.8703196,0.134204,1.6633891,-0.050216515,1.0841949,-2.642547,-0.69671583,1.0869275,0.23822406,-1.1259485,1.8690836,-0.41257897,-0.28720716,0.03773997,-0.49551362,0.53469056,0.34987968,4.767833,1.7113323,-0.64927614,0.43558422,5.250581,10.666716,0.24170823,0.016675351,-4.177276,-0.07030494,-1.1985501,-1.4037669,1.0961707,-1.0824833,-0.09774977,103.34428,-1.5080091,-1.0755208,0.15045825,-4.9093747,-0.5055288,0.79434514,3.462199,1.4983349,-1.8764497,2.9963431,-3.2484705,0.3531939,870.5125,1,28.6,1.0,100.0
3.1319335,2.8317118,-0.050963674,-0.3391268,-1.2503134,4.1326303,0.4993994,-0.81962115,-0.41756716,-0.23984438,2.0037713,-0.20571256,1.8674997,0.24577647,-0.43609294,-0.49162298,1.4096543,-0.84476984,-2.0387564,0.66824627,0.63101834,-2.3849485,-1.9590846,-0.1421068,1.568537,1.1604809,0.45220354,0.35153502,-0.022001253,0.28216258,0.80257475,-0.013829465,105.19113,-0.049270056,1.134905,0.47061694,-1.8480042,-0.4759282,0.031013682,-1.7632596,-0.0013785628,-6.111615,-12.632486,-0.17486411,0.44118193,2310.2063,1,75.9,1.0,100.0
0.516319,1.213837,1.6760572,-0.21603602,2.3956344,-1.2184031,0.20780523,0.095529884,1.0308547,-0.4900333,3.1823466,-2.1915467,-6.2472706,-0.41713858,-0.110659026,0.9683954,-0.23914851,1.1317981,0.633037,-0.21244659,-0.057501506,0.110048115,5.9154572,0.73432195,-0.9617366,5.406767,-0.5067171,1.9799982,2.4797142,-1.7813926,1.1202554,0.389914,-56.061367,0.24699488,-0.45843467,0.35766685,5.428226,0.5996924,-0.5435151,1.2873232,-0.5812818,3.6435673,0.77953076,0.8826409,-0.47645906,1025.7438,1,33.7,1.0,64.5
-1.8608267,-2.5658927,1.2559156,-0.8991951,-3.0829668,-3.6222632,-0.22073501,-0.76904774,-0.75112164,-0.120437115,-0.35559165,0.6691561,-0.84383154,-0.3632099,0.13349286,-0.101203285,-0.43265694,-0.0060046082,1.2456514,-0.15240492,0.3890655,5.2833986,6.4954286,-0.7722933,1.4191684,4.437096,-0.084923275,1.5196137,0.1279162,1.271643,1.1796961,0.21535088,67.257126,-1.1228926,-1.1505328,0.18352407,2.1426027,-0.17111222,0.3516181,-0.64291114,-0.6674702,2.8222985,5.918275,-1.805474,-0.079680875,3043.75,0,100.0,0.0,100.0
-2.9075234,-9.240445,-1.4191265,-0.37440532,-3.8816242,6.148143,0.78336674,-1.704999,-0.97505367,0.21206595,-0.14082152,0.01025992,-2.9507446,-0.6429714,0.1470492,1.7764294,-0.9085811,-0.5764494,-0.17586379,0.13351978,-0.21557713,1.8713933,19.836227,0.40195644,-0.27039278,-3.206608,-0.47251597,2.8933618,1.3319064,0.24982905,-1.6467868,-0.35962304,20.120827,-1.1999947,-0.9089946,0.020280074,-6.9058795,-0.8062893,0.16109006,-2.371696,1.5080277,2.5940962,11.351448,-4.8919854,0.6244943,194.8,1,6.4,1.0,28.4
-0.5387982,-11.281787,-0.8059166,-0.4999899,-2.888499,5.0668507,0.484648,0.37178668,0.878134,0.18008222,-1.9241854,1.8030336,-2.34232,-0.38254607,0.019311698,-0.43430054,0.12389038,-1.0997323,-0.768553,0.023299964,-0.93275255,-5.2597537,-5.750499,-0.5166389,1.4681712,9.893432,0.551376,0.36309665,0.5938224,-0.7254071,0.7061344,-0.15232307,14.879351,0.14170665,0.8152876,-0.86755395,-3.0515723,0.19863926,-0.0021298085,4.5676622,1.5710952,-6.8304415,-11.635027,3.2061708,-0.30142343,760.9375,1,25.0,1.0,98.9
-0.51339114,5.3149343,-0.1643398,-0.07704795,-4.0060277,8.259563,0.56727415,-0.703643,-0.13905266,1.0659478,-1.4924487,0.10529254,-2.3656998,0.21228026,-0.46873668,0.096496336,0.6265882,1.2242452,-0.24261194,0.22791351,-0.76413023,-0.5665897,2.2167616,-0.6823283,0.7445957,-3.0711145,-0.116249256,2.3056266,1.6376425,-1.537268,0.5780555,-0.78392714,-123.63282,0.4130482,-0.42724404,-0.83212095,-2.0952973,0.30606008,-1.0596281,-4.854255,-1.2472342,-1.4439279,-7.763489,0.8688453,0.19810583,1753.2,0,100.0,0.0,57.6
0.51938653,-2.2727227,-0.9058788,0.155789,-0.41926527,4.4511046,0.9778874,-0.47726738,1.5834252,0.8260758,1.1988424,-3.0249927,-5.3316174,-0.7488098,0.4946428,1.1991181,-1.6639776,-0.534335,-0.29638726,0.69353586,-0.09482297,-1.7364069,3.4979365,0.28135857,0.7703845,15.832204,0.8603217,1.9974324,2.1820588,-2.3601968,-0.44349942,-0.21340661,-3.819569,-0.6499875,-0.5275289,-0.44228825,-2.1760573,-0.077933975,0.10450929,4.1393976,0.96561563,-4.559894,-11.479473,0.3322077,0.19358477,158.275,1,5.2,1.0,43.5
-0.87232405,3.2421615,1.2420253,0.4179311,2.6382852,-7.3521366,-0.97032434,-0.47375894,-3.868655,-1.5694366,-0.1313836,1.2174581,1.4568311,0.44027254,-0.07506914,-0.5597054,0.13840386,-0.9425501,-0.3343509,0.16274095,-0.80418026,0.7997083,13.184079,-0.12635188,1.2100353,-1.9243573,-0.20731974,-2.3124752,-0.49576348,-1.8456554,-0.6194174,-0.38965967,25.103636,-0.4408828,0.020573026,0.5316323,2.8162146,0.07052117,-0.3248181,-1.9210248,0.773855,5.7343235,3.1540155,1.072588,0.1456595,824.85626,1,27.1,1.0,60.1
-1.3414721,0.6573113,0.042578563,0.6812316,3.8865263,-7.948923,-0.12009871,-0.31215557,1.0868853,0.08045826,-0.4465225,2.2153018,0.6986865,0.42414233,-0.40589985,-2.0782483,0.42274112,-2.199124,-1.1542783,0.54528564,-0.3170116,-1.532011,2.1055765,0.52446884,0.41851142,-4.61067,-1.0580795,-2.2341335,0.003803397,0.3556326,-0.10755951,0.58403933,-35.945927,1.1597836,0.65968895,0.26526704,-2.2471132,-0.48410556,-0.41722116,-3.8577638,-0.2928286,7.862368,-0.44747746,4.8656893,-0.5849302,124.79375,0,10.1,1.0,4.1
2.0018008,7.7888474,0.5885796,-0.22106595,-1.0311351,2.45766,0.41629472,1.0261087,3.151799,1.6299092,-0.41991025,-1.2378323,-1.9601711,0.533537,-0.5315924,-1.1136683,-0.3367693,2.7048905,1.5034132,-0.29844716,-0.09292518,-5.9125314,-12.88382,-0.23855202,0.009506263,-10.67315,0.25487706,2.357304,0.0900268,0.096796334,-1.806398,-0.92354447,-32.40677,-0.2912543,-0.04051731,-0.32061154,2.6176536,0.57580316,-0.040216167,4.738013,0.05786397,-4.954804,-2.4929554,-1.4047825,0.34027424,919.2125,0,75.5,1.0,30.2
-1.7497755,5.798788,1.9199592,-0.016304806,1.8211702,-0.6884928,-0.96089387,1.2012699,1.9460984,1.2372396,0.2980337,-0.27443781,-2.0799787,-0.27472702,0.2678938,-2.257564,0.63505954,-0.1764742,-0.062194012,0.114752255,-0.052436627,-0.3030486,-6.3967705,-0.058370065,0.17749664,12.668882,0.69830596,0.0010415096,0.91239744,-1.7776235,-0.56812745,-0.8845959,-76.20631,0.28182617,0.14183652,0.49523,2.4472425,-0.20992489,0.78687376,3.948408,1.6837165,-6.36175,1.8314298,0.8368443,-0.6228185,270.89374,1,8.9,1.0,100.0
0.40888962,1.1859874,-0.9528887,0.067740545,-1.2879064,-6.4070764,-0.84951776,1.2337415,0.58039045,-0.039079435,1.7662892,0.72342664,2.695192,0.3670822,-0.21156812,2.513846,-0.5747669,3.7559211,1.0705973,-0.03758613,0.39903498,-0.38435236,-18.463583,-0.046360627,-1.0016761,8.871482,1.268596,4.5085473,2.0822594,-1.720364,-0.94648397,-0.61889434,-107.26483,0.16861603,-0.33274046,-0.7795699,-1.2507225,0.3561641,-0.25724208,0.40817606,0.47474498,-1.6504372,-5.0698533,0.6619096,-0.16604309,858.3375,1,28.2,1.0,100.0
-0.14856026,-4.0800304,-1.4541208,0.113433346,-1.5885069,0.32590115,-0.14789101,-0.47105077,-1.0460377,0.39215082,0.5542626,-1.4401091,-1.7063986,-0.012417285,0.095955156,2.6465602,-0.5748096,-2.0577657,0.026558377,-0.45250323,0.1811138,1.842881,-11.47979,-0.5931201,0.59104824,3.4951596,0.37659204,-2.5501606,-2.0324855,1.5366327,2.036008,0.4615541,-57.82032,1.4092228,0.7577377,0.63945144,1.204764,0.085279554,0.3541908,3.4081657,0.667404,-5.4285746,-6.3506255,1.6033657,0.15957084,2164.1062,1,71.1,1.0,100.0
0.22725402,1.310912,0.48614213,-0.02050628,1.4655823,1.9342711,-0.054089263,0.92234725,0.652383,-1.0243341,1.1416893,-1.4522306,0.024878062,-0.27251366,0.32815322,-0.29090813,0.5238486,-0.28560337,-0.65567684,0.43481869,0.7524899,4.84976,-0.69551414,-1.1783433,1.393215,-9.262987,0.67293453,1.7541565,-1.2435453,1.8977091,-0.7401168,0.45936334,39.207317,0.6722601,0.9148821,0.6125187,-1.4877994,-0.34181917,0.43862215,4.3924785,0.44430512,8.896265,5.031886,1.8384674,-0.12673223,292.2,1,9.6,1.0,52.8
-0.9431459,-1.1580441,0.55075794,-0.08757514,-2.4870965,-6.8625865,-1.0872439,0.23683052,-2.615625,-0.84057635,2.561817,-0.0785434,3.6857686,0.07176917,-0.031074446,-0.81632054,-0.6684526,-1.812321,1.2083223,-0.5103874,-1.005946,-1.7771714,2.627861,0.15427174,-1.1647277,2.4835207,0.13698365,1.1554868,-1.4743724,2.6037438,1.7021757,0.8527017,4.2779093,1.4515251,0.9570874,1.2951541,6.545461,0.50488573,-0.06532583,1.8470695,-1.9883578,7.836426,2.4632597,1.7883025,-0.032787815,2246.2876,1,73.8,1.0,99.8
1.0580738,4.8000083,0.7244949,-0.29294842,-3.292208,1.8352647,0.06219871,-0.00862852,-3.563511,-1.5112407,-1.5042764,2.3718517,6.190434,0.49585193,-0.17348841,3.16412,-0.8093064,0.14307489,7.296445e-05,-0.012328437,-0.21877305,2.1856277,13.306886,0.23616977,-0.20447628,-17.52033,-0.6160021,1.406167,1.5287298,-2.2185667,-1.3554786,-0.88570666,-109.86889,-0.37358418,-1.1590339,0.78341126,-2.4939733,-0.11193194,-0.21479079,1.9539201,-0.22452784,-8.91231,-12.580288,2.1002266,-0.11525648,63.918747,1,2.1,1.0,44.9
-0.8337155,-4.9723454,-0.43448332,0.26207685,-0.6464378,-0.123273075,0.21072522,0.27959687,-1.8157853,-1.7791013,-1.8176019,0.7433697,3.1948762,0.107876755,0.44941232,-1.2581573,-0.03585718,-2.5519824,0.48429176,-0.3474262,0.12459424,0.45435628,11.362123,0.47416654,-1.0539206,9.515667,-0.2597623,-1.7785392,0.30090696,0.33650896,0.93267393,0.2171074,4.998143,0.92752993,0.37532127,1.3706499,6.195066,0.5668937,-0.8570849,-3.2821658,-0.26444644,6.388487,3.4603465,1.4344624,-0.005254016,1503.6125,0,51.5,1.0,49.4
-0.10995501,5.189446,-1.0160533,-0.132433,-3.0302477,-0.18894961,0.42486745,-1.3438456,-2.157024,-0.51273304,-1.1814845,2.922905,-0.7454103,-0.36435854,0.02165851,-1.7175467,0.6660041,-1.2195089,-0.3391261,0.015738068,-0.17285492,-6.553113,6.1912665,0.983877,-0.8107641,10.429833,0.29070196,1.1150119,1.5572317,-2.1756792,-1.4010315,-0.0349096,123.339455,-0.3029106,0.5084748,0.7070922,1.1765475,0.36395746,-0.4089427,-0.6800436,-0.6298449,-0.5212525,-6.0021033,0.90979433,-0.1933282,986.17505,1,32.4,1.0,100.0
0.24365936,3.9410255,1.1076262,-0.53343266,0.39645502,-1.7111398,-0.439587,0.5561544,3.2480524,1.4603089,-1.2619855,0.14206313,3.2510765,0.49896607,-0.09223959,-0.71544236,0.77834994,-0.663441,0.5341957,-0.5296932,-0.6332659,-3.371446,-17.945827,-1.0205594,1.2914352,4.1162214,1.2286947,2.1192117,-0.37716419,0.65055436,-0.23126931,0.088853635,-63.01609,0.03869678,-0.5454087,-0.954564,0.6987264,0.29417524,-0.14842498,0.114833385,0.81214786,-6.8959856,-13.916042,3.6260056,-0.2399333,611.79376,1,20.1,1.0,29.2
-1.3463051,-7.891311,0.011085059,-0.2654823,-0.20505795,6.0996766,0.59583414,0.74592376,1.7863601,0.32333148,-1.4547286,0.5093989,-0.97917557,0.23689,-0.3192302,-0.7398228,0.8598139,1.2657448,-1.1936003,0.3433377,0.40824094,2.9924467,18.960186,0.94405115,-1.3726743,-1.254444,-0.089044794,-3.8769546,-1.6682343,0.13314995,-0.41056857,-0.070545696,-91.26321,1.0271221,0.42493042,-0.34360623,-9.140301,-0.6321821,0.69110984,3.318825,-0.20689252,-9.438238,-5.3119693,-3.161757,0.51551527,9.13125,1,0.3,1.0,97.2
1.8858927,5.304918,2.5464976,-0.064111054,3.7809362,-4.09063,-0.38931948,-1.0099945,-0.23997612,1.2829525,1.0169472,-0.10548882,2.5343058,0.056336015,-0.11108528,0.9192182,-0.49428132,-3.0777495,-0.111136034,-0.06776046,0.61830455,0.102117255,-26.18503,-0.13225439,-1.1260663,-1.8838484,-0.14596878,-1.0695931,-2.6514232,2.5369384,0.72384876,0.06563914,-28.28821,-0.19770736,-1.007033,-0.11195623,-2.0403867,-0.56147057,0.20692733,-1.0634712,1.5155699,-3.7895105,-9.044374,1.9629555,0.0026888894,949.65,1,31.2,1.0,46.1
0.99127406,-2.3618808,0.8369452,-0.38847017,0.42475688,1.8708177,-0.36128792,1.3772224,0.18194783,-0.9648423,0.05482447,1.5567402,0.37743953,-0.86188185,0.5119464,1.8199646,-0.84569716,-0.67623246,-0.2796823,0.5129091,0.53760856,5.561632,0.6261554,-0.5683827,0.768592,0.28581357,-0.7222229,-0.22518621,-0.8254828,2.1938615,1.653638,0.18600594,-41.259525,0.12652153,-0.3895685,-0.27060324,-0.37013215,-0.29058334,-0.31268603,-2.8426645,-2.4807317,9.715872,9.367076,-1.4944202,0.07478263,1661.8875,0,100.0,0.0,54.6
-0.47722858,-5.640093,0.23225711,-0.6536579,-4.2169027,3.4865716,0.49467608,-0.6206129,-0.4974545,0.2860838,0.978892,2.4874876,6.083395,0.65214866,-0.23810017,-0.9659181,1.0017364,0.015871262,-0.80563945,-0.13546383,-0.9892522,-5.6693025,-17.040293,-0.2043189,-0.5445791,4.496817,1.0402699,0.39863396,0.026790697,-2.2548697,-2.1462507,-0.57850003,-16.782082,-0.65213716,-0.60974634,-0.6888502,1.1043885,0.31809053,0.12788698,-0.8996887,-1.5528202,4.4827576,5.256741,1.4739354,-0.4845161,1180.975,1,38.8,1.0,79.1
0.6688154,9.600323,0.5647924,-0.42468345,-3.7692573,-4.4821744,-0.3281809,1.3044224,3.3080199,1.0778533,-2.0515501,-0.71980965,-1.6733168,0.73606014,-0.5334873,-1.4290445,0.6867554,-2.3599677,-1.0633599,0.24139768,-0.45060983,-0.4771594,-6.5200086,0.4849423,-1.5524236,11.864288,-0.5227165,-2.6747267,0.14181307,-0.365032,-0.35580942,0.262162,48.08093,-1.108751,-0.44091457,0.8356016,-2.4610674,-0.6944739,0.23003958,-1.091881,-0.15076783,-0.5600656,9.57429,0.03566945,-0.23897779,200.8875,0,26.5,1.0,6.6
-1.7696155,-8.327054,-0.8490763,0.13980883,0.32645896,1.7656848,0.61644715,-0.170651,1.1324408,1.2356814,2.5673254,-0.13652927,-0.30886662,-0.760113,0.29064184,-1.8097913,0.5146444,1.8455424,0.9444686,-0.11192569,-0.10522041,-1.9366126,-0.68139017,-0.31849083,0.43150276,-7.9269648,-0.40738422,-3.6237817,-1.408902,-0.09916844,0.5194222,-0.6659411,-13.405672,0.41486776,1.2092234,0.38918805,1.0042595,-0.3331681,-0.32399577,-1.8368716,0.3048192,2.611652,10.44021,0.9436032,-0.6442776,593.53125,1,19.5,1.0,69.7
1.8797319,5.968615,-1.5189693,0.76070946,1.4597068,1.8620567,0.7738176,-1.2248232,1.1663859,1.1206822,-0.18338881,-0.26795718,0.7763758,-0.13279715,-0.13537244,1.4937415,-1.0623254,-1.7522414,0.43785584,-0.41197342,0.5422846,3.8216147,1.2921566,0.25640517,-0.6227408,3.2169337,0.28512284,0.69772667,-0.024925618,1.015348,-0.09527202,0.3086481,49.425087,0.7795412,0.9272686,-0.7276809,-0.70667297,0.32518888,0.6322517,4.7583127,1.9428004,-5.092601,-2.655231,-2.911879,0.59606797,420.0375,1,13.8,1.0,100.0
-2.3654752,-3.951045,0.65387404,-0.7762888,-2.9989917,-5.0727167,0.13471007,-0.45194674,-0.2822545,-1.1090717,-0.5339462,0.8954903,0.6375766,-0.30086407,-0.04387406,-0.48028362,0.12107966,-3.660224,-0.50194633,-0.0281923,-0.012018315,4.7861924,12.275452,-0.6502021,1.4390403,5.4770975,-0.18483843,0.7877897,0.33509094,1.6389663,-0.96869963,-0.21582271,57.49859,0.6332165,1.1399142,-1.0796245,-6.5051646,0.22703134,-0.8882548,-1.177076,-0.38257977,8.073643,14.740296,-1.489527,-0.32940888,721.3688,1,23.7,1.0,100.0
-2.3496919,-5.0468464,-0.75874406,0.29569155,1.8255318,-4.664781,-0.017200518,-0.9213375,-0.4613841,0.18922815,-0.809611,2.4116807,4.593548,0.0829599,0.017013786,-0.99977714,-0.33020335,-2.0782835,-1.1504064,0.4601697,-0.32513437,0.09112113,25.766926,1.1380107,-1.5384521,4.817949,-0.13274066,2.450536,0.527039,1.940472,-1.3942833,-0.12563321,22.675064,-1.1310903,-0.91810304,-1.2518983,-5.593246,0.06892994,0.3238424,3.782103,0.85307086,-0.41981453,-6.566963,2.6779006,-0.09074013,429.16876,1,14.1,1.0,53.4
3.6581926,12.124771,0.2100568,-0.24276413,-4.214496,-2.2024486,0.2849954,0.3062252,2.3152866,0.36082348,0.6384179,0.49317926,1.9772309,0.6285646,-0.43718684,0.23480953,-1.4889096,-3.6224859,-0.26466915,-0.08558976,0.813942,-1.0476222,-17.64149,0.14066583,-0.9060833,-3.0991588,0.38357356,-1.0788373,-2.411899,3.0840368,0.4696851,-0.3291346,34.815212,-0.9617902,-0.593373,-0.47883424,-2.9906268,-0.004265658,-0.9601333,-1.4869504,-2.2057128,2.286643,-6.8428783,4.8952475,-0.63993603,660.4938,0,62.6,1.0,21.7
-3.0181756,-4.538957,0.35054812,-0.074054345,-1.0196776,-0.7319038,0.10269158,-1.2671372,1.1972913,1.212505,2.5407696,0.89048624,4.272684,0.18823022,-0.18894064,-2.4016418,0.7559131,1.2750269,1.3282621,-0.43192703,-0.038000766,3.2203565,-0.8324299,-0.3611137,0.65705854,6.220173,0.019888775,-1.1605364,-1.289982,1.3913932,1.6111294,0.18784362,48.603115,0.109062746,0.99095434,-0.02602943,2.8792543,0.18864182,0.76133645,4.545585,-0.086759515,-4.9147496,-17.007519,3.3638132,-0.024550179,103.4875,0,16.5,1.0,3.4
-2.9998307,-11.446507,-1.2217137,0.02747565,-0.5840466,1.6396291,-0.042282633,-0.9906546,-1.1575038,0.3972628,-0.32164395,0.7753236,2.195488,0.049184058,0.31556106,0.8595211,0.9548464,3.7925165,0.24387294,-0.017234745,0.08102854,-3.1594186,4.005951,1.2807236,-1.7314346,-4.7110143,-0.27734196,1.4803791,1.770431,-2.7973418,-0.34238818,0.0736727,25.260891,-0.461792,0.01819546,0.5567453,-2.585596,-0.22796714,-0.45815346,-0.7733132,-0.69675905,5.218508,7.621136,-2.7483,0.27512574,611.79376,1,20.1,1.0,100.0
-3.1559353,-7.934365,-1.294044,0.62677634,2.0462875,5.0075088,0.3246665,-0.10578602,-1.4763913,-0.5944712,2.1590693,-3.6098847,-3.6665392,-0.40523803,0.35695246,-1.6341233,1.4953382,5.304957,1.7695805,-0.506897,-0.7949008,-5.506252,-7.5173492,0.5877795,-0.98761994,-10.80855,-1.7038823,-3.1346655,-1.4733745,2.3189254,0.4808581,-0.2242147,46.38731,-0.07318454,0.43270957,-0.9313797,-7.5395436,-0.4475099,-0.22663087,-2.2522638,-1.0526191,6.9178376,-0.34330183,-1.4509515,0.59980655,1716.675,1,56.4,1.0,100.0
1.6831756,-1.3917755,0.23275371,0.44006002,4.2384653,3.1687179,0.48524958,-1.2053457,-0.25633544,0.025602851,-0.48151514,2.0573528,0.15467447,0.17242208,-0.35922012,-0.7970981,1.0097227,-0.6769821,-0.09466097,-0.29966182,0.9438452,3.2933578,-9.742578,-0.81737155,1.1824092,-1.249117,0.87975794,-1.025901,-0.86855406,-0.95416135,-0.20124838,-0.25795457,-60.62761,0.7093003,0.3327625,0.29059532,-5.068837,0.094996616,0.10872785,4.4748335,-2.2538135,7.889114,0.5401733,4.2957764,-0.5497332,1734.9375,1,57.0,1.0,100.0
0.532858,-6.2362375,-2.2077477,0.7232689,2.7293231,4.356573,0.44685695,0.32934636,1.5425771,0.61213565,0.55457765,-1.7823592,-1.7887608,0.03394185,0.026369225,0.21542174,1.3878298,-0.15324095,-1.5568968,0.46421602,-0.05796802,2.4414217,1.077463,-0.4934235,-0.32022113,1.4159766,-0.67246187,-3.0026002,-1.26284,-0.5796792,-1.0073597,-0.0064561055,121.6168,-1.8229909,-1.2116914,-1.1182637,-0.75567126,0.35020995,0.35247585,3.7683964,0.18653437,3.8664284,10.721911,-0.13888505,-0.5185516,931.3875,1,30.6,1.0,55.5
-0.392658,-0.5187685,0.73941797,0.50821054,3.3975468,5.5013146,0.6453714,-0.39242825,-0.3025373,-0.28190362,2.8886602,-0.59812605,-2.303732,-0.85319877,0.3966335,-1.6398755,-0.5344248,-5.167211,-1.113352,0.011261485,0.562553,0.33466023,-1.4932177,0.015034749,-0.5263532,2.056265,1.0367072,-1.7226186,-2.9856095,2.9701862,-0.0644165,0.25290245,99.5819,0.33585003,1.0466399,0.661938,3.4643395,0.8192334,-0.6572514,0.28337473,0.41670534,2.60988,-1.8541303,5.4666004,-0.46198422,21.30625,1,0.7,1.0,100.0
2.7299714,10.354171,0.41430512,-0.062872216,-3.1012409,-0.654014,-0.07064499,-0.9388177,-0.08727543,1.011132,-2.9041913,0.25145352,-4.910526,-0.21118298,-0.29612494,2.562525,0.11550629,2.6300213,-0.49396122,0.31402907,-0.15968777,6.15792,7.964739,0.13826847,-0.7741388,-10.214415,-0.39236265,-1.4575974,-1.328446,-0.1737387,1.5359411,0.37622818,-47.628872,0.6270635,0.04479467,0.17469801,-3.311109,0.19440171,-0.4341352,1.8535172,1.4855348,-2.2224636,-1.9778551,4.536514,-0.6434569,3043.75,0,100.0,0.0,100.0
0.48136562,-1.0665104,-0.30274624,-0.32146484,0.04114952,-1.947156,-0.2764231,1.9626236,1.6365917,0.10995495,0.80343103,-0.6022142,-6.825209,-0.11317556,-0.4305195,-2.0863826,0.40684873,2.0923214,1.574449,-0.6454192,-0.9126309,-6.049693,-1.6596309,0.23073171,0.8695446,-9.722887,-0.37912184,3.021585,3.1101937,-3.2743633,0.868926,0.603282,99.340126,-0.8044384,-0.054433063,-0.5591938,-1.2824817,-0.25321028,0.55517733,2.3256812,-1.0797004,8.7841425,-1.5771711,3.1197953,-0.013232997,398.73126,1,13.1,1.0,16.3
-0.9190845,-5.288643,-0.52176136,0.36242726,1.0494927,2.8923538,-0.5130511,1.3708352,0.11766673,-0.55367255,-2.3134978,0.56920534,-1.7031131,-0.19982806,-0.05022286,0.88253194,-0.28628638,-1.5215797,-0.7554031,0.077521086,-0.03584323,-0.7387436,-0.52114975,0.5517047,-0.49845353,8.796789,0.29877055,-0.13654923,-1.618785,2.7770743,0.22214791,-0.14309524,-37.123486,1.6320306,1.1508276,-0.16687618,1.0208006,-0.3876779,0.13211495,-4.0971026,-1.5362624,7.2607646,9.616419,-3.6879587,0.54741067,1348.3812,0,100.0,0.0,44.3
-1.3026521,-0.36552882,-1.5441773,0.069110714,-2.4300025,-4.5708528,-0.15824616,-1.6853957,-1.9260837,0.017360125,-0.19266187,-3.35639,-4.020905,0.2747211,-0.3902958,1.3930657,-0.07095582,2.970804,1.7991452,-0.55356574,-0.5502839,-3.551892,0.9527464,-0.28593352,1.7335584,6.046508,0.5811859,3.0523088,1.2972317,0.08202402,-0.65099186,0.11378342,96.920456,-0.65125763,0.19554186,-0.22662574,-6.936136,-0.2705569,-0.32077238,0.01551846,0.7384886,-0.482729,9.265375,-3.0268497,0.0040458003,770.0687,1,25.3,1.0,100.0
-2.3472862,-6.4738116,-0.8179491,0.0046488764,-0.713525,-3.1397424,-0.118190326,-0.50907046,0.79378015,1.0863714,1.4474332,-1.6476786,-1.2524042,-0.44021556,0.3392086,-0.9125756,-0.35077226,-4.4434304,-0.9352475,0.1681594,-0.898644,-5.9959564,-19.24165,-0.87833315,0.9088098,10.390883,1.1932147,3.2398036,2.2057428,-3.1602607,-1.858334,-0.7977331,-104.9465,0.4839083,0.079831615,-0.11568296,2.7607346,0.8978799,-1.2661473,-3.5207906,-0.6559801,4.332955,6.011499,1.5994792,-0.17821153,94.35625,1,3.1,1.0,52.5
2.1281788,5.7467375,0.7830662,0.30642778,2.4510345,7.5300007,0.68966395,0.49148443,2.7840838,1.4658426,-0.94553053,-0.6782161,-3.177571,-0.3814793,0.15377249,0.3401369,-1.6174319,-2.383234,0.6152834,-0.42949557,0.6223088,-1.8755189,-19.702353,-0.091223314,-1.2444729,-9.95796,-0.17233913,3.3647945,1.3648452,0.12763548,-0.021686714,-0.14556395,-106.2662,0.81856436,0.25336412,-0.501862,-2.1242242,0.103231326,-0.15614355,2.7175717,1.6238115,-3.3030097,4.9456563,-2.680131,0.08342856,380.46875,1,12.5,1.0,100.0
0.8956502,-1.3423073,-1.2907172,1.0046425,3.3783686,-7.430328,-0.9513497,0.32267344,-0.55534005,0.18332598,-0.44095582,2.3903425,1.3494656,-0.6996636,0.512586,-1.0264013,0.89672697,0.2432163,-1.0689784,0.17810485,-0.7698071,-3.5217023,-11.696332,-0.6274002,0.4993043,3.7351706,0.64170045,2.2143059,0.182994,0.50728065,0.21921596,-0.7089797,9.741896,-0.07086065,0.9841039,0.44292563,-0.7847889,-0.3777523,0.9726764,4.756096,1.6419808,-3.397048,1.5745887,1.5959373,-0.17481777,3043.75,0,100.0,0.0,100.0
0.9703291,3.4404747,0.63043594,-0.29185507,1.1480429,3.4896104,0.51334673,1.471432,3.314064,1.0504783,-1.290226,2.5533307,5.040724,-0.17018472,0.4023139,-2.3774521,1.7010123,2.9764137,-0.68392503,0.39453393,0.0008954751,6.2700853,4.4456534,-0.8891737,1.1183896,0.24238417,0.48699346,0.94800436,0.59392244,-2.3233335,1.2574549,-0.29683238,-66.148,0.83495235,0.7236782,-1.0378072,-0.48013902,0.16521436,0.58955634,3.4511049,-1.0941693,1.3926173,6.9466467,-4.961191,0.54561275,362.20624,1,11.9,1.0,100.0
-1.9513268,-10.290088,-2.1576722,0.31510603,-0.9297534,3.9538896,0.9560009,-0.3574566,1.9729265,0.6340991,2.5830235,-0.87250835,-0.76589245,-0.53793687,0.21571422,0.79262316,-1.4090179,0.61376435,1.7938309,-0.54670924,-0.19039813,-2.6523216,0.039004505,-0.73250175,1.556336,0.9695086,0.34166858,2.3895438,-1.6537416,3.2214243,-0.87106335,-0.2227717,-11.12456,1.4626533,0.9990616,1.2712059,0.70758134,-0.3726973,0.23729609,0.8393433,1.1927878,-4.09382,-7.9275284,-2.6061888,0.64668965,39.56875,0,98.0,1.0,1.3
-0.58291376,-1.2359604,0.6850244,-0.42851445,-1.6857285,-6.164241,-0.328105,0.72568446,4.0108953,1.6846896,-0.6065928,3.3406916,2.1163664,0.056637,-0.27442074,0.24238984,-1.3917516,-1.1462911,1.1014295,-0.33390832,-0.38712296,-2.8927956,7.318633,0.23144935,0.6442449,7.414701,0.75466454,2.5716946,1.026696,-1.7443742,0.69136137,0.4890375,64.77726,0.6494325,0.96473485,-1.0016629,1.1654727,0.26541606,0.20565355,-0.6066592,-0.94334537,-1.1667212,-4.4578295,-1.2068695,-0.036770377,1378.8187,1,45.3,1.0,100.0
-2.9308121,1.1224908,2.4873097,-0.27628762,2.4716678,1.9429616,0.21114421,-0.36172608,-0.51939785,-0.60829115,1.7652298,-2.83842,-5.404798,-0.5890272,0.09661638,-1.5124534,0.5248147,3.9864442,0.85142183,0.07088537,0.0011860079,0.17057368,6.1057014,0.21851821,-0.8986705,-8.503018,0.36726475,1.0614423,-0.97844964,2.0441532,0.35054293,0.35270905,-2.469797,0.86832863,0.3156365,-0.012475766,6.691922,0.24349622,0.2489702,0.45725834,-1.1453713,2.7227597,-2.847214,4.7422676,-0.42181286,1674.0625,0,100.0,0.0,55.0
-1.876301,-5.108345,0.18451157,0.1269396,2.5823526,-4.183274,-0.12033073,-0.6060712,-0.87035567,-0.63753504,-0.46319368,1.6806301,6.2092323,0.99278104,-0.557357,2.103514,-1.1788107,-4.323068,-1.8274193,0.5754064,-1.1459953,-2.0553646,13.852841,0.22226797,0.50052166,4.998572,-0.47434944,-3.179184,-1.689279,1.9630898,0.36596492,-0.00595811,-25.845936,-0.9412353,-0.9163868,1.1855111,4.4233847,0.21525326,-0.36770195,-0.911689,-0.21704935,-1.1382779,3.0776203,-5.094881,0.3849464,3043.75,0,100.0,0.0,100.0
-1.462072,4.8038335,2.1531045,-1.0415709,-4.2651386,1.074099,0.060069934,-0.8005867,1.2006836,0.76329565,-1.1384833,-0.79018116,-4.861851,0.26191807,-0.5455192,0.086631626,0.7693059,1.5776783,-1.313535,0.62434435,-0.11166166,-0.10742893,-9.125734,-0.5396334,0.069901176,-13.138445,-0.40843895,2.6447456,0.6741576,1.7065473,1.2684027,-0.18328772,-42.50527,0.5722566,0.30107287,-0.18947463,1.4099873,0.83801264,-0.7384084,-0.018471042,-0.3580761,-3.0850682,2.2647603,-4.3053255,0.49706796,1731.8938,1,56.9,1.0,100.0
0.15018353,7.2998786,1.812144,-0.24701333,1.5452095,-5.485701,-0.78439665,0.57024294,0.77709305,1.0327722,1.7346878,-2.524527,-7.1113186,-0.79778236,0.35030752,-0.1854832,1.0910748,-1.2081101,-1.7706587,0.55579895,-0.85761076,1.5831393,4.1749015,-0.5411394,0.6820429,-3.0104918,-0.03783889,2.1122472,-0.8997694,3.242808,2.7205725,0.5183864,43.318016,0.0037222689,0.40696394,1.0094463,-0.863341,-0.7837754,0.31747842,-1.8824159,-0.49574366,5.224549,-4.7980547,-0.8273332,0.49092594,1028.7875,0,100.0,0.0,33.8
2.6661747,3.3926792,-0.88875234,-0.13392861,-2.2898812,4.4609833,0.022212261,1.175811,-1.5122418,-1.302293,1.5666504,-2.433057,-0.74637014,0.4507876,-0.21442093,-1.6454548,0.19124621,2.0445933,1.4312407,-0.6379013,-0.786502,-4.148784,-12.726009,-0.74776214,1.588337,2.7301633,1.2610106,1.214947,-0.91775024,0.9730949,1.8915257,0.57739085,-19.168688,-0.4197474,-1.0336449,0.039667103,5.0227723,-0.03386182,0.030441664,-3.11572,1.975193,0.5347028,7.8635626,-0.5385091,0.11318097,1707.5437,1,56.1,1.0,100.0
0.70852715,12.301951,2.1870883,-0.74433374,-2.6709993,-0.8524758,0.25082546,-0.23168515,1.937746,1.4103662,3.0793068,0.13492894,-0.605079,-0.32788292,-0.10244894,-0.19964926,0.0094941165,5.0251784,1.0629128,-0.12141566,1.0278026,3.5968032,-0.7446869,0.08733708,-0.53872186,-11.971428,-0.5121934,2.2088487,0.9143719,-0.24433413,-0.09214007,-0.13062061,-23.58866,0.02856618,0.3558044,-0.7645447,-3.1920152,0.5833175,-1.1592364,-3.0100904,1.2488376,2.3984454,-4.6646657,1.2463667,0.36490667,2197.5874,1,72.2,1.0,100.0
-0.8452235,1.6608635,-1.172796,0.043077607,-3.102724,6.240079,0.54548466,0.342708,2.2867465,1.5715039,2.591492,-0.92504346,-3.2782784,-0.6017843,0.28029543,1.0631458,0.42588967,0.66335446,0.81962365,-0.45583832,-0.009190542,6.3208756,0.06520849,-1.1247586,1.6309048,2.0133421,0.9959734,2.2755542,-1.1473225,3.1371827,1.0438766,0.02230353,28.814417,-0.17341371,0.21781053,0.37304038,-0.58452255,-0.1059842,0.04250607,3.5401487,-0.45635632,-1.7896222,2.3313982,0.05159687,-0.63075536,401.775,0,100.0,0.0,13.2
-0.8213277,3.5916545,1.010159,-0.3060376,-3.0959432,0.74633855,0.69584566,-1.0141418,1.5784765,1.7497536,-0.18207012,0.46623063,1.1081991,0.72391826,-0.43862575,-1.9995625,1.3908092,2.714842,-0.48935357,0.4262544,-0.47878858,-4.740794,-12.344558,-0.027689485,-0.90078825,0.8583188,-0.6903851,-2.8237638,0.89794713,-3.267034,-0.23023356,0.35045663,-26.829216,1.1306462,0.40011153,0.14250109,-5.1944256,-0.42777458,0.39758334,1.7354326,-0.27802944,5.9417057,9.207124,1.9497458,-0.5065011,1619.275,1,53.2,1.0,100.0
0.78630775,-9.564768,-0.05961859,-0.50903517,0.71686375,1.9115828,0.42404085,-0.54673404,-0.025867468,1.3451793,2.7692578,-0.69643784,4.016133,0.87029064,-0.46426684,-0.28570086,-0.09931047,4.053081,0.60644805,0.09469249,-0.26259428,-1.7291518,-4.9879527,-0.55270815,1.1645883,-10.269692,0.12940131,4.144289,0.7355899,0.54508066,0.28660277,-0.18927485,-53.668686,0.71920425,0.096078195,0.12575197,-5.4227195,-0.3452257,0.062249273,0.58809954,2.040084,-7.5928025,-1.5587379,1.7903136,-0.44665396,3043.75,0,100.0,0.0,100.0
-0.65122825,3.5368412,0.208593,0.47499737,2.4058843,1.5116292,0.67954504,-1.5279856,-2.6892965,-1.5900881,2.9963274,-2.6065323,-6.2050786,-0.64257807,0.20051742,2.5832508,-1.6260092,-4.183906,-0.29664224,-0.15027273,-0.30687493,0.5653271,13.830742,0.77603006,-0.8151935,-3.515658,-0.69775134,-0.73407805,1.0051142,-3.194305,-0.8973607,0.57811064,89.61555,-0.5913361,-0.3094041,0.009334726,-7.4344273,0.07482511,-0.31570435,1.902307,-0.28473425,-7.893899,1.3241351,-1.3315175,-0.3924061,1400.125,1,46.0,1.0,100.0
0.26964262,11.423588,1.0532756,-0.13155408,-0.5158068,0.2285898,-0.43471712,1.1747552,-0.81005424,-0.5646595,-1.439536,0.3941031,2.1324952,0.080645256,0.12718895,1.0550516,0.15242732,0.7466799,-1.6881385,0.6259253,1.0209754,6.386708,4.435211,-0.59782434,0.74581414,-1.462716,-0.8096789,-0.27732602,1.6069579,-0.3728558,-2.736626,-0.798793,-91.49496,1.2803148,0.9040186,0.73215145,3.508059,0.46389523,-0.14068097,2.6795669,0.546757,-2.8875828,-7.913484,5.34475,-0.59454817,1004.4375,1,33.0,1.0,58.0
0.8621493,6.9247055,0.30569535,-0.20701696,-1.5344852,3.21842,-0.009196588,1.8060291,1.5072935,0.004335926,3.9088728,-2.180717,-1.4329363,-0.6112389,0.55028206,-1.0135714,-0.27066135,-3.2146971,-1.4336458,0.21571217,-0.1970765,4.487119,2.1771984,-0.4394462,0.78537685,-15.133978,-0.226874,-0.39421695,0.26931447,-2.9625015,0.42755282,-0.5398533,-28.599697,-0.47749016,-0.04774079,0.07046615,2.56798,0.60780567,-0.61433464,0.22507139,0.02633874,3.0257266,-4.5333447,5.786979,-0.5226427,730.5,0,29.3,1.0,24.0
0.47042623,-6.6071243,-2.0870156,0.82053226,2.3482566,-2.5572753,-0.39625686,1.1719588,0.008526043,-0.1478087,0.95358807,-0.038878504,4.365242,0.49409437,-0.3657017,1.9126182,-0.9951035,-4.825757,-0.97069985,0.1624835,0.38295743,1.3529623,-11.234124,-0.28600428,-0.77684546,9.902387,0.9724366,3.4406166,2.2996976,-2.3210788,0.11080841,-0.5529474,-2.4682415,0.012535799,0.64533734,-1.2047858,-1.7384331,-0.28677922,0.64232,-0.5118433,-0.33121037,-3.9903586,6.1824245,-5.427887,0.5492073,362.20624,1,11.9,1.0,100.0
-0.5754398,-8.40333,-0.00041021738,-0.0373587,3.0642576,-2.3318386,-0.59514153,0.10165075,-2.1166964,-1.2572271,-1.1418328,2.1652844,2.7446055,0.8364633,-0.556957,1.0440903,-1.7548772,-3.9669268,0.46886042,-0.62087065,-0.0021348912,-3.183419,-7.160359,-0.5758527,0.23098011,-5.383991,0.44717127,3.3905222,2.051582,-2.2004623,1.6771001,-0.054611288,-112.36609,1.4340268,1.1343343,-0.050716322,1.0646664,0.08552083,-0.5842621,-2.8387914,-0.35633972,-5.0481567,-11.053073,1.2662123,-0.045450356,657.45,1,21.6,1.0,88.4
-0.57449937,-5.8873777,0.92953885,-0.05458043,1.7680268,-3.1581688,0.48068273,-0.24619754,-0.26820236,-1.3858383,-2.051943,-0.8976274,-1.3318608,-0.3478502,0.5618482,1.7725579,-1.181336,0.99321055,1.1477259,-0.08846561,0.3847575,5.995048,27.745552,-0.0010038924,1.7727983,-9.371419,-1.175454,0.7618581,-0.09732449,2.717198,-0.10246643,-0.12225095,19.040789,0.873079,1.0045825,0.25533825,5.1963625,0.2060687,0.40854374,0.2216715,1.021677,-1.8971008,-2.3816404,-1.0575795,0.21418385,304.375,0,56.7,1.0,10.0
-0.003923503,-10.979166,-0.48177436,-0.64675945,-2.9902625,-1.4316927,-0.4304613,1.7444657,-0.64342463,-1.2782973,2.119203,-3.4686403,-2.871847,0.09673471,-0.12555435,-0.4739838,0.25669596,4.518878,-0.29128367,0.596381,0.3162488,-2.1957738,5.279304,-0.13578127,1.1675141,7.370991,-0.30897856,-0.24517323,0.912578,0.55576533,0.45873767,0.43582976,18.588099,-0.48256227,-0.54222983,-1.4576133,-0.43699795,0.5710563,-0.6627714,-2.7593372,-0.10670608,10.023206,15.863284,-4.865009,0.37663558,970.95624,0,36.1,1.0,31.9
2.4558775,-2.125698,-1.1607219,0.45834464,3.7357507,2.4830964,0.341396,-0.91203624,-2.3330476,-0.9807587,2.4002035,-0.7557042,1.6116387,-0.47384816,0.5362947,-0.1505217,-1.4951521,1.043072,1.7337134,-0.41748407,-1.0561359,-2.8653755,6.302813,0.7740098,-1.254003,-5.7502418,-0.39047575,-0.3114782,1.0836256,-2.1296241,-1.7186023,0.0780766,22.811094,-0.25177547,-0.58963805,0.41022545,1.3619329,-0.0696937,0.03393437,2.8616495,-2.0873666,-1.2149673,-5.0426583,-0.3232381,-0.18101159,581.35626,1,19.1,1.0,74.4
-0.69366455,-3.2316837,-0.47801712,-0.17644832,-2.919774,5.060967,-0.21190993,0.966276,1.207844,1.484218,1.0473182,-0.49647117,2.7441714,0.3219774,-0.1399773,-2.0277965,-0.20878574,0.065195724,0.3313759,0.12938203,-0.51318526,-7.026433,-7.9117165,0.6588846,-0.87501425,-14.003002,-0.62478906,-0.85001576,-0.8873548,0.9130739,0.35203373,0.1944157,-30.838713,0.4519617,0.3157288,-0.82080334,-4.5540924,-0.86893106,0.9142844,1.6304051,-0.552194,-0.107330695,9.440276,-1.7607628,-0.11443267,133.925,0,24.3,1.0,4.4
-0.6986428,3.9514644,1.8654431,0.3414704,3.622584,4.6322474,0.6885424,-1.4295887,-2.6397402,-0.6133604,-0.34826133,-0.4443623,-6.24564,-0.8593799,0.42752904,1.6706004,-0.83765835,-1.0617086,0.114092685,-0.33747542,-0.31588182,2.7052515,18.700575,0.17566994,0.76869035,4.558246,0.8112657,-1.6898617,-0.55285037,-1.6414666,0.2383766,0.9322407,117.155266,0.075938165,0.8837888,0.12665208,1.5400891,-0.37392026,-0.079043806,-4.823781,-1.6721344,4.541725,-1.6559254,1.7574239,-0.21613516,1141.4062,1,37.5,1.0,100.0
-2.9181004,-2.6268654,-1.0407971,0.9936307,2.8734102,-6.933524,-0.026336607,-0.7636527,-0.9829722,-1.483329,0.3168599,-0.63100636,-0.5170501,-0.27873695,0.24733533,0.41759333,-0.06636233,1.8715452,-0.48503196,0.09691242,0.54563004,3.2424574,-2.7711387,0.07189353,-1.2556794,14.954087,0.64513874,2.274946,2.0916748,-1.2833655,0.25922185,-0.53383976,-72.08818,-0.17364228,-0.26487812,1.1214242,5.2591014,0.18100423,-0.30504972,-1.3308707,-0.08040023,9.189712,9.507997,1.8952485,-0.6116445,51.74375,0,61.0,1.0,1.7
3.3440645,10.137519,1.9843574,0.23121695,3.9638078,-1.5492913,-0.6188994,-0.7262231,-1.3316352,0.0037834933,2.3576822,-1.5544951,-3.3533232,-0.48641753,0.3023869,-2.3654346,1.1858045,4.1929812,0.43125275,0.2591378,0.93586946,-1.7203239,0.61289203,0.53044504,0.15266284,6.5824285,0.7336941,1.577836,1.3929867,-2.199902,-0.14103603,-0.6372542,-11.242088,0.39182824,0.81557566,0.88903534,1.9633815,-0.16281514,-0.33568355,-4.998275,-2.1442113,6.91193,-5.536881,2.8100436,0.092976846,3043.75,0,100.0,0.0,100.0
-1.0933844,3.284433,1.7061849,0.32642514,3.5790648,-0.606774,-0.28224,0.9223277,-1.3200303,-1.7970825,-2.2874866,-1.7994001,-5.315219,-0.3781335,0.19798498,2.082585,-0.05945715,3.1192853,1.1154289,-0.5534233,-0.46926063,-1.2392688,3.6458526,0.37626773,-0.38745305,2.2926009,0.7406344,0.043768093,-2.7122922,2.4149597,-0.047128942,0.40245673,-34.423153,0.542193,-0.22983706,0.067785904,6.2626033,0.35422167,0.70674837,4.3672733,-0.147609,4.837898,10.082418,-0.14416777,-0.5698533,651.3625,1,21.4,1.0,50.9
-0.3845313,4.2072325,0.93406487,-0.9530995,-3.9452112,-2.4437118,-0.5894034,0.32264388,-0.2690375,1.1001718,1.9595882,-2.190731,-2.2277496,-0.082361095,-0.06979024,-0.26400498,0.44095397,1.4446737,0.4872819,-0.6687478,0.5520186,0.297205,-15.131372,-0.42054644,0.020192906,9.645712,0.5591288,-2.73754,-0.7156241,-1.4976238,-0.33292443,-0.09648679,58.204197,-0.90151846,-0.56970054,1.0516334,2.7746282,0.20121977,0.19482403,3.0481067,-0.41711146,2.6794674,4.7643266,-0.8019793,0.43240097,3043.75,0,100.0,0.0,100.0
1.491057,0.32859275,0.41239908,-0.95204073,-3.5066824,5.2971535,0.25100395,0.2561864,1.1980742,1.6895541,1.2595378,1.3385339,4.5022545,0.3098104,-0.23591085,1.8630447,-0.4209694,-0.70401865,-0.22438397,0.20342568,0.07832494,3.227652,10.332974,0.67860746,-0.5128806,-0.9987678,-0.2614066,0.42597947,2.164432,-1.1926718,1.0237083,0.3148092,-24.29189,0.48035192,0.6754646,-0.21278505,-6.4641414,0.1368346,-0.49843663,1.5342324,1.5035487,-8.510254,-9.0563,1.5141903,-0.0019786777,2925.0437,0,100.0,0.0,96.1
-2.1148722,0.68748236,1.0332975,0.050731856,0.1383851,-4.529054,-0.20244253,-1.635337,-1.9862221,-0.24654563,-0.15962005,-1.644491,-4.258343,0.15648374,-0.52774465,-1.1923639,0.11323451,-2.676479,0.23199408,-0.48750737,0.2188788,-1.0388807,-7.460177,-0.16671588,0.29106244,-5.8239036,-0.23449503,-0.9015097,-2.4311922,3.115613,-0.40244517,-0.639872,-2.8389773,-0.25361112,0.21614552,0.1904388,0.1252575,-0.38036066,-0.2762043,-4.271821,0.17702283,1.3006428,6.6518207,1.9096026,-0.47532624,876.6,1,28.8,1.0,100.0
-1.1194273,-2.7389374,1.4169016,-0.5128342,-0.90643835,1.3449092,0.33241147,-0.4197153,2.4321897,1.3734194,0.963426,-1.7591558,-0.28394538,0.61215466,-0.3448882,-0.19337204,0.26121902,-3.18595,-1.1272246,0.2878368,0.4970445,3.5648856,-4.812114,0.1666434,-1.0408436,0.92932415,-0.2766674,2.4265726,1.1555058,0.47057173,2.0525022,0.124969386,26.408194,-1.2960436,-1.0314535,-0.1255322,3.9444013,0.42244768,-0.22492331,-1.6211709,0.11359894,1.4398128,4.2056417,-1.095089,-0.27313802,974.0,0,100.0,0.0,32.0
-0.773741,-2.205624,1.4881929,0.06337387,3.4485984,0.51998746,-0.13032955,-0.8631722,0.23907882,0.59126174,-3.0073624,1.7206426,-1.0883722,-0.36076862,0.2044551,2.9250977,-1.6200434,-2.468661,0.28904396,-0.20057899,1.0810369,2.0127318,-4.15813,0.031215357,-0.25585383,1.8044596,0.8575695,0.6867155,1.5750926,-2.323366,-2.3832455,-0.113072984,-40.40964,0.95452553,0.2732808,0.13417006,3.431804,-0.15234609,-0.1514712,-4.3255944,-0.5442588,2.5125785,2.9722178,3.8315482,-0.6331639,2008.875,0,94.3,1.0,66.0
0.50293624,-1.1958271,0.005586229,-0.55636287,-1.3668091,-5.954192,-0.04730477,-2.1310942,-3.3124778,-1.1985245,1.7114224,-0.58990383,-2.2802396,-0.09525629,-0.46169683,1.2038058,-0.1821777,-1.3556924,0.48562434,-0.3634186,-0.34439963,-6.6648226,1.1511352,0.8723228,-0.70202583,-5.866569,0.18414867,0.8662447,0.74546677,-1.8536712,1.1981922,-0.16038577,-21.518328,-0.106649265,-0.088505246,0.1365285,-4.125242,0.18832348,-0.38586348,1.1041121,0.10359132,-0.96061575,-10.46566,1.3153857,0.3028322,1336.2063,1,43.9,1.0,78.9
-0.6521257,-7.0010667,-1.0517727,0.42689678,-0.2528441,6.5175037,-0.13161385,0.317005,0.19803707,1.4403285,-2.3466225,1.176781,2.9098294,0.6836612,-0.29200172,-1.2700386,-0.021367328,-1.7541069,-0.12879136,-0.06449528,-0.69544435,-0.27811944,14.279997,-0.13146837,0.9113344,-9.569329,0.29473478,1.1882459,-2.1875346,2.7666302,-2.6236649,-0.35906455,-50.565586,0.820208,0.30186903,0.6564313,1.5056565,-0.5492941,0.8396652,1.4487071,0.5476691,-5.1341157,-7.3824983,2.762896,0.05079444,295.24374,1,9.7,1.0,46.9
-0.57949877,5.7503114,0.115588374,0.22947869,-0.80491686,4.4872236,0.09825846,0.9906708,0.41213623,-0.23697121,2.6754065,-2.4647279,-5.3501225,-0.34185115,0.030545944,0.8655623,-0.36582547,2.0319567,0.33846295,0.37901127,-0.8720438,-0.84520876,1.9606733,0.19990073,-0.8594704,-0.8970519,-0.83661735,-1.7716192,0.5363652,0.039920323,-1.6623644,0.39718845,36.704666,0.3367547,0.08534613,-0.21788478,-2.5592191,-0.59462625,0.708185,1.4133973,1.2159866,2.8043952,11.708032,-4.6166906,0.6677737,1083.575,1,35.6,1.0,100.0
0.58247703,9.186011,0.9302394,0.08691251,-0.61140406,-7.2740016,-1.2568868,1.1172521,1.6287003,1.6573523,-3.6007378,1.4315219,-5.070132,-0.46329927,-0.01777149,-0.54885936,0.15977018,1.6697825,-0.114992775,0.23111455,-0.9512358,-3.690767,-11.421841,-1.0602652,1.6090354,15.444457,-0.17292167,-3.758946,-1.5694379,1.6519724,-2.0211418,-0.35104027,-55.455837,0.6902385,0.0040105386,-0.098601595,-0.7953815,-0.1985707,-0.05121157,2.6832874,0.5084901,1.0636935,-8.7963085,0.98543125,0.35913643,298.2875,1,9.8,1.0,100.0
0.09490734,-1.5891414,1.1098994,-0.2007323,2.5821834,3.1780427,0.5346883,-1.801432,-3.5267124,-1.2543689,-1.4489362,2.4597857,6.0055876,0.3329026,-0.075005904,3.1939378,-1.4555458,-3.733259,-1.311695,0.4003968,0.059923925,5.6036716,-2.58886,-1.2527447,1.8039551,-7.1047735,0.77288836,4.377331,2.3483415,-1.9836724,-1.8581176,-0.17007312,85.28888,-0.70139056,-0.091032505,0.34864455,0.837852,-0.56251407,-0.097631246,-2.6724837,-0.63891816,-7.3547187,-14.207722,1.2745414,0.18500957,1311.8562,0,85.1,1.0,43.1
2.506565,2.9905353,0.75316346,-0.12198339,3.443656,-2.9376304,-0.18014137,-0.52412456,-3.41236,-1.2109623,1.456444,0.31330314,4.9350386,0.861401,-0.40482998,-0.46761164,0.6189764,-0.3628818,0.67905426,-0.5134868,-0.73984593,0.75840986,16.042452,0.23008452,-0.0036979574,4.6952662,0.28003386,-2.4865115,-0.5492741,-1.5192999,0.55969775,0.6885339,9.869012,0.3056777,-0.39687255,-0.60933924,4.327564,0.13578008,-0.2135174,-4.1657643,1.0867232,-4.7468557,-5.59462,1.3333255,-0.33723146,776.15625,0,32.1,1.0,25.5
3.044472,-0.25613308,-0.24337582,-0.114336446,2.7671313,-5.4627113,-0.06686841,0.03802513,0.6730066,0.1342212,-0.030160816,3.2978446,-0.7122989,-0.1558467,-0.39808872,1.00307,-0.3980904,-2.1624207,-0.042424615,-0.6236692,0.68936396,5.335496,9.753861,0.066104814,-0.6080595,-14.435784,0.021872008,4.8678436,1.7527219,-0.71675134,-1.3532354,-0.13761018,-78.5771,0.79998994,-0.0505382,-0.74623847,-1.469066,0.00854477,-0.07885466,-0.8522281,1.3502035,-1.7789788,12.74788,-3.6442966,0.08664727,109.575,1,3.6,1.0,53.3
0.5202626,-3.580556,-1.0975649,-0.4199711,-1.6512191,4.3994675,0.82923806,-1.5491681,-1.432134,-0.41724095,1.5955845,-2.144515,-0.65627915,-0.12089287,0.40539023,-1.3445294,0.7838711,2.965733,0.11474009,0.14757709,-0.08114682,1.792761,3.71161,-0.7156111,1.1463677,2.9205987,0.02425021,1.8440206,-1.5314208,3.316221,0.7873232,0.544292,10.171009,0.2928876,-0.61819446,-0.06737369,0.5487275,-0.26277488,0.9018938,3.4008858,-0.8923574,-4.9705772,-5.5196137,-3.1656199,0.55901587,270.89374,0,96.0,1.0,8.9
1.745759,1.5296679,0.70818335,-0.0436426,3.2276456,6.254326,0.7334427,-0.08678189,2.7671785,1.3893061,-4.0819817,3.6936553,1.0300163,-0.06531253,-0.23568518,0.73866844,0.0941949,0.15253143,-0.69719267,0.37721896,0.46092275,7.0755067,2.2048755,-1.110457,1.4003017,-8.912179,0.332052,0.18271445,-0.47443256,-0.83563894,0.28770065,0.41132596,89.510864,-0.4389218,0.10999949,0.7878329,-2.0710742,-0.6410074,-0.1581045,-3.4934037,-1.29859,0.6194046,-12.969865,2.8507578,-0.044864923,1104.8812,0,90.2,1.0,36.3
-1.2764559,-1.9934822,-1.0025196,0.31111532,0.7041936,-5.738493,-1.2078166,0.063149594,-1.3414733,0.5449757,-0.96495855,1.1711062,-4.8775167,-0.6555059,0.26788992,-1.5909663,1.2390844,0.81877875,-1.0515469,0.4247978,-0.6481363,-1.3177772,11.883808,0.24324273,1.054364,5.815072,1.2124448,0.8635159,-0.88948166,1.0318459,1.0875266,0.9924904,45.43444,0.70339316,0.50089544,-0.70445555,-1.9713808,0.37732053,-1.1950128,-4.890168,-2.0634084,9.164474,4.757585,2.80946,-0.45391545,450.475,1,14.8,1.0,100.0
3.6355498,13.200916,2.1287994,-0.31799126,0.041879196,2.0684478,0.28057054,-1.087902,-0.78697914,0.75313264,0.8716155,-1.532121,-3.1988795,-0.38620806,0.2100355,-2.5737252,1.0025185,0.35985667,-0.5834341,0.21432522,0.7218731,5.2600408,1.6183466,-0.86459905,0.9024175,10.53956,0.7790029,0.45548013,1.5283719,-3.2575204,0.4367209,-0.37603793,-70.86768,0.69215083,0.6774877,0.38460988,-0.7191648,-0.55584747,0.43312174,1.7906196,0.56583005,5.18004,3.491022,2.9919958,-0.27039596,2550.6626,1,83.8,1.0,100.0
0.06516891,-3.825342,-1.5209687,-0.43524498,-3.6422455,2.5729828,-0.28120172,-0.83151466,-1.4200344,0.4045209,2.5902796,-1.1418134,-4.9615893,-0.14461005,-0.37826923,-0.17520116,0.13755932,2.775893,0.14210768,0.3333153,0.056409206,1.8191739,-2.3096554,-0.915627,0.68865544,12.680507,0.5596147,0.9416393,1.0969222,0.16541648,1.8262626,0.94641846,108.804855,0.021564243,0.8415215,0.38184267,-1.4403603,-0.67493594,0.13227254,-0.8890619,0.1660043,-2.453017,-6.8221107,-2.7785044,0.5478893,855.29376,0,28.7,1.0,28.1
1.3504478,0.71628124,0.05808303,0.029820591,0.8359688,-2.3401308,0.48153114,-1.087567,-0.045159817,-0.14721015,0.29059482,1.4685307,1.8900697,-0.23262388,0.16774131,2.121369,-0.22760448,-1.5209836,-0.24671362,-0.48300976,-0.009244817,7.6086063,13.611977,-0.033295482,0.18351172,1.0672299,-0.102579355,0.43967927,2.4797482,-3.1994357,-0.05241214,0.05224496,88.173164,-0.36968344,0.40281713,-0.7438248,-6.632134,0.21065055,-0.99379724,-2.288174,-0.5562692,-7.437825,-2.6859312,0.3971514,-0.47746804,547.875,0,100.0,0.0,18.0
-3.2062662,-0.016260218,-0.36032972,0.46674657,-0.65574193,2.0681164,-0.17006099,-1.5019977,-2.9402962,-0.7604203,0.43882775,-1.5956316,-2.8595212,-0.1714571,0.019294694,0.6370667,1.4849534,3.4890554,1.0054232,-0.515148,0.78268725,2.5762572,-3.5987904,-0.006861809,-0.15325041,-6.8575153,-0.2725615,2.2015338,2.4440646,-2.6770306,0.24543907,0.6724284,114.87172,-0.17349237,0.48333666,0.47643623,0.22266328,-0.4311192,-0.24655652,-2.945543,1.100549,-5.3262615,-7.2394233,-0.2859054,0.5485213,1260.1125,1,41.4,1.0,100.0
-0.024938721,10.720579,1.5159162,-0.29388747,-1.5835468,-3.21656,0.2817761,-1.146373,0.39855063,1.1227683,-0.14327489,-3.7557364,0.3701788,0.9510927,-0.47586766,-1.0324342,0.76385653,5.6721954,0.6248497,0.19950613,0.6771264,7.26213,8.710777,0.12516704,-0.5958531,1.3554126,0.25739717,-1.2787197,-0.99939775,0.6127083,-1.4911394,-0.46639645,-24.34716,0.20585541,0.6770853,0.15974091,-1.6845487,-0.026093999,-0.20657927,-0.55758405,0.69816834,-2.5285082,-5.993998,0.3383584,0.02998424,404.81876,1,13.3,1.0,14.1
-0.67979234,2.4273918,1.5505803,0.030411296,1.7217826,0.11748043,-0.59290016,1.3934772,1.4474777,-0.27411172,-0.15658216,-1.6390908,-6.815236,-0.54509777,0.1138367,0.4564395,0.79858387,2.1364558,-0.45980635,0.69451857,-0.9972756,-0.28005558,12.042855,0.21279007,-0.09518377,-5.1431465,-0.5244008,-3.2022603,-0.8705987,-0.60210145,2.2265263,-0.040278185,9.9594755,-0.6084306,0.37476406,0.31340396,6.5125084,0.81155705,-0.7282728,-1.6045868,0.8942912,-0.94751817,-8.17796,0.43433458,0.29806173,3043.75,0,100.0,0.0,100.0
0.059608597,-4.7568145,1.2854434,-0.5629866,-0.4017765,4.221719,0.4656255,-1.1366136,-1.8008608,-0.8578199,0.5007332,0.16159508,0.769477,-0.27961233,-0.13007097,-1.3921298,0.5357514,1.9768422,0.5162005,-0.25260636,0.23472732,1.2009412,9.572721,1.0588294,-1.296614,-8.970828,-1.1615541,-1.9103978,1.8220809,-3.0200748,-1.8305572,-0.43700817,-4.1212955,-0.37332475,0.15363622,0.8184882,-1.4654715,-0.6649673,0.9470267,3.3279924,-1.3167108,10.721726,7.879745,2.7579348,-0.61123353,535.7,1,17.6,1.0,69.3
-0.8666264,-2.9093,-0.82419044,0.1529909,-1.6379542,5.72608,0.51509094,-0.9962147,-1.8327937,-0.40055785,-1.3228306,0.7500356,0.33436027,0.4613683,-0.36660895,-0.9362555,-0.18743217,-4.081558,-0.7446634,0.03679177,-0.49447185,-3.860252,-13.668345,-1.170452,1.6937336,-7.0603294,-0.12462741,3.7418897,0.7758709,1.1450996,-1.0495714,-0.10207248,26.885319,-0.90450877,-0.80010676,-0.094489776,1.5076923,0.011569337,-0.7673566,-4.1472397,0.5670187,2.972367,8.743986,-3.9332287,0.13568825,249.5875,1,8.2,1.0,100.0
1.6745384,1.8241014,0.9195859,-0.42923167,-1.4448204,-2.5645034,0.18340385,-0.6601045,-1.1510023,-0.006128253,2.7818038,-0.13676691,-2.853499,-0.01898853,-0.5571973,0.13383664,-1.4385816,-0.023721723,-0.5519951,0.70623654,0.19420567,1.8318313,4.9515986,0.610645,0.007093044,-7.550628,0.29080454,-0.18448643,-1.8106142,1.0589768,0.5390879,0.95110965,42.45834,-0.30444375,-0.6561882,0.59780025,2.597413,-0.22042243,0.9542049,2.0028112,0.39710382,-6.9933105,-11.893325,2.0909896,-0.1560502,633.1,1,20.8,1.0,70.8
0.68821824,0.015264988,-0.10436725,0.30892473,3.309999,0.0062301583,0.688731,-0.030228605,1.1829498,-0.22355549,1.8467443,-0.9401997,3.425645,0.66142493,-0.28092116,-0.5406525,0.53363955,0.24552678,-0.047617093,-0.5053144,1.1138448,-0.9199156,-16.73098,-0.18751787,0.15826517,-10.823384,-0.65254855,-1.0865612,0.14025895,-1.7719469,0.18694757,0.055071212,-15.286032,0.8776651,1.0271279,1.040093,-2.10312,-0.20305927,-0.9979167,-4.2891097,-0.63635737,-0.42767838,2.2230656,0.6439017,-0.5292955,1205.325,0,58.6,1.0,39.6
-1.88776,0.14529993,0.043606374,0.45016387,-0.96009195,-6.695597,-0.18153438,-0.8174377,-0.62957805,-0.6386443,0.05579952,-2.4442818,-2.1778245,0.599916,-0.41355103,-3.03997,1.528146,2.8546522,0.5336841,-0.29867238,0.6515042,2.1843634,6.2644873,0.7994808,-1.75296,9.052163,0.20186052,-3.2805939,-0.7600654,-1.0893302,-1.071279,0.21178803,94.682816,-1.5598524,-1.0330989,-0.6265517,-3.9143033,0.3930468,-1.0046058,-3.245613,2.27795,-10.90399,-6.704679,2.0667987,-0.49356744,362.20624,1,11.9,1.0,45.8
-2.198652,-3.9628167,-1.1040899,-0.23295574,-3.6454055,0.31780642,-0.23265003,0.33934757,-1.0139326,-0.92037445,-2.7697585,-0.4069303,-4.589794,-0.6190854,0.3744025,-0.66304386,0.61913276,2.952681,0.22998169,0.54050976,0.85282063,5.4835,10.648982,0.18457744,0.23875986,9.290557,-0.62085193,-4.564013,-0.6463871,-1.7771757,3.1438682,0.6638378,56.144638,-0.69721043,-0.34669894,-0.25737667,-4.082958,-0.3295715,-0.73430574,-3.8908956,-0.4953018,0.39266333,-10.04276,2.5057762,0.08284636,1640.5813,1,53.9,1.0,100.0
1.6659706,7.9825463,2.444341,-0.70948434,-1.6181561,0.8011741,-0.19408128,0.11453725,-1.7398103,-1.360201,-0.63552076,-1.0680859,-0.4763541,0.29922763,-0.35600293,-1.2750715,-0.010793895,1.4260651,1.2015747,-0.3182098,0.1814119,1.4836074,10.5324745,0.068604596,1.1385858,9.818109,0.097737454,-0.44420275,1.4551028,-0.93110204,-0.9962365,-0.3513837,-109.11536,0.8688888,0.16346563,0.8146265,2.1843975,0.08865169,-0.5709211,-0.8678053,0.78606915,0.8297897,-1.3210208,2.8148923,0.05686744,331.76874,1,10.9,1.0,100.0
-2.721579,-11.245831,-2.3135319,0.2519748,-1.7320436,-1.0597616,-0.37132606,-1.3954623,-3.9751139,-1.8210822,2.745861,-1.9868608,0.9045753,0.7208638,-0.5589791,0.95253,0.28493714,-0.17638604,0.3070067,-0.681333,-0.3133451,-2.7922955,6.910021,1.2482051,-1.7710103,-9.32733,-0.26283175,2.3107324,1.6219479,0.027015192,1.6355457,-0.14817066,-95.06533,1.2996861,0.52328295,0.0473092,0.079801254,-0.01834733,0.6303153,2.0106504,-0.32747504,6.356747,6.573823,1.1209875,-0.15616561,1686.2375,1,55.4,1.0,100.0
0.17032373,-1.2028738,1.8231356,0.03339367,2.9184945,2.1180692,0.6364967,0.25587156,0.03125886,-1.3448076,-0.60799116,3.0516763,0.8101777,-0.04632168,-0.17105943,-0.26455468,-0.33335438,-0.3276326,1.556789,-0.7009281,0.059902977,-1.1972353,-5.7975636,-0.36985594,0.35197604,-11.682003,-0.044312265,2.8063776,0.8371273,0.5333586,-0.8189423,-0.2549517,-26.873001,-1.2453675,-1.1192636,0.6017223,6.1411223,0.3441653,-0.7657869,-3.9335458,0.51041543,-1.8381598,-3.2401946,-0.38637382,-0.09508553,264.80624,1,8.7,1.0,49.9
1.2506217,-8.095899,-2.720602,0.71911883,1.0764885,-0.30825454,-0.60526896,0.6820887,-1.3412441,-0.30559948,3.42206,-2.047329,2.753825,-0.11321388,0.49175942,0.50225294,0.4401895,5.5607967,0.37702414,0.298703,0.3906104,2.0843241,-11.713631,-0.17397751,-0.9774068,12.122265,0.27271613,-2.6505,-1.2415028,-0.41893598,-1.54203,0.0115955835,-8.244479,-0.5624237,-0.8164438,0.42361826,1.5618654,0.42864954,-0.5214454,0.16455612,1.3327986,3.1227994,5.1799974,-2.3476985,0.6515532,6.0875,1,0.2,1.0,36.4
2.2710934,-2.752102,0.15805466,-0.85959107,-2.497642,2.3674276,0.78303856,-0.00781806,-0.29073918,-1.0122885,-1.0578493,0.7826679,0.37464207,-0.22871536,-0.11075171,-3.0376809,1.3323318,3.030843,-0.43433487,0.6783877,-1.2098169,-1.0773371,21.998436,1.2275528,-1.6861563,-8.451558,-1.2051624,-4.7430396,-0.37300205,-2.4094696,1.7036295,0.45394462,-50.591305,-0.07029061,-1.1972611,-1.2864527,-2.4653091,0.36399767,0.2629246,4.432662,-1.5136904,8.877759,-1.847496,4.3150754,-0.3308093,1403.1687,1,46.1,1.0,100.0
1.7182416,3.6035008,0.090023816,0.18630716,2.805158,5.5706573,0.41421738,-0.9744449,-2.252341,-0.26761505,-0.0824911,0.3405963,6.568704,0.5765918,-0.19684035,-0.8424079,-0.56853503,1.2000232,-0.4437018,0.6098791,0.4110415,-0.5387575,-17.299397,0.036311455,-0.9567827,-0.9737812,0.822149,2.5254467,1.355642,-0.35613462,-0.33069566,-0.58283377,-57.141087,-0.2565326,-0.9012977,-0.72165394,3.6374586,-0.10284348,1.292761,3.657494,0.2540114,-6.4799123,0.8708515,-3.8522322,0.3177069,700.0625,0,100.0,0.0,23.0
